unidade;setor_centro_custo;ano;mes;obito_hospitalar;obito_institucional;saidas;tx_mort_hospitalar;tx_mort_institucional
CHPB;AMBULATORIO DE SAUDE MENTAL;2019,0;5,0;0,0;0,0;1,0;0,0;0,0
CHPB;AMBULATORIO DE SAUDE MENTAL;2020,0;2,0;0,0;0,0;1,0;0,0;0,0
CHPB;AMBULATORIO DE SAUDE MENTAL;2021,0;9,0;0,0;0,0;1,0;0,0;0,0
CHPB;CAC - CENTRO DE ACOLHIMENTO DE CRISE;2019,0;1,0;0,0;0,0;30,0;0,0;0,0
CHPB;CAC - CENTRO DE ACOLHIMENTO DE CRISE;2019,0;2,0;0,0;0,0;30,0;0,0;0,0
CHPB;CAC - CENTRO DE ACOLHIMENTO DE CRISE;2019,0;3,0;0,0;0,0;24,0;0,0;0,0
CHPB;CAC - CENTRO DE ACOLHIMENTO DE CRISE;2019,0;4,0;0,0;0,0;20,0;0,0;0,0
CHPB;CAC - CENTRO DE ACOLHIMENTO DE CRISE;2019,0;5,0;0,0;0,0;32,0;0,0;0,0
CHPB;CAC - CENTRO DE ACOLHIMENTO DE CRISE;2019,0;6,0;0,0;0,0;23,0;0,0;0,0
CHPB;CAC - CENTRO DE ACOLHIMENTO DE CRISE;2019,0;7,0;0,0;0,0;23,0;0,0;0,0
CHPB;CAC - CENTRO DE ACOLHIMENTO DE CRISE;2019,0;8,0;0,0;0,0;27,0;0,0;0,0
CHPB;CAC - CENTRO DE ACOLHIMENTO DE CRISE;2019,0;9,0;0,0;0,0;28,0;0,0;0,0
CHPB;CAC - CENTRO DE ACOLHIMENTO DE CRISE;2019,0;10,0;0,0;0,0;34,0;0,0;0,0
CHPB;CAC - CENTRO DE ACOLHIMENTO DE CRISE;2019,0;11,0;0,0;0,0;25,0;0,0;0,0
CHPB;CAC - CENTRO DE ACOLHIMENTO DE CRISE;2019,0;12,0;0,0;0,0;30,0;0,0;0,0
CHPB;CAC - CENTRO DE ACOLHIMENTO DE CRISE;2020,0;1,0;0,0;0,0;36,0;0,0;0,0
CHPB;CAC - CENTRO DE ACOLHIMENTO DE CRISE;2020,0;2,0;0,0;0,0;30,0;0,0;0,0
CHPB;CAC - CENTRO DE ACOLHIMENTO DE CRISE;2020,0;3,0;0,0;0,0;35,0;0,0;0,0
CHPB;CAC - CENTRO DE ACOLHIMENTO DE CRISE;2020,0;4,0;0,0;0,0;22,0;0,0;0,0
CHPB;CAC - CENTRO DE ACOLHIMENTO DE CRISE;2020,0;5,0;0,0;0,0;17,0;0,0;0,0
CHPB;CAC - CENTRO DE ACOLHIMENTO DE CRISE;2020,0;6,0;0,0;0,0;17,0;0,0;0,0
CHPB;CAC - CENTRO DE ACOLHIMENTO DE CRISE;2020,0;7,0;0,0;0,0;24,0;0,0;0,0
CHPB;CAC - CENTRO DE ACOLHIMENTO DE CRISE;2020,0;8,0;0,0;0,0;25,0;0,0;0,0
CHPB;CAC - CENTRO DE ACOLHIMENTO DE CRISE;2020,0;9,0;0,0;0,0;22,0;0,0;0,0
CHPB;CAC - CENTRO DE ACOLHIMENTO DE CRISE;2020,0;10,0;0,0;0,0;23,0;0,0;0,0
CHPB;CAC - CENTRO DE ACOLHIMENTO DE CRISE;2020,0;11,0;0,0;0,0;19,0;0,0;0,0
CHPB;CAC - CENTRO DE ACOLHIMENTO DE CRISE;2020,0;12,0;0,0;0,0;31,0;0,0;0,0
CHPB;CAC - CENTRO DE ACOLHIMENTO DE CRISE;2021,0;1,0;0,0;0,0;30,0;0,0;0,0
CHPB;CAC - CENTRO DE ACOLHIMENTO DE CRISE;2021,0;2,0;0,0;0,0;28,0;0,0;0,0
CHPB;CAC - CENTRO DE ACOLHIMENTO DE CRISE;2021,0;3,0;0,0;0,0;9,0;0,0;0,0
CHPB;CAC - CENTRO DE ACOLHIMENTO DE CRISE;2022,0;8,0;0,0;0,0;24,0;0,0;0,0
CHPB;CAC - CENTRO DE ACOLHIMENTO DE CRISE;2022,0;9,0;0,0;0,0;22,0;0,0;0,0
CHPB;CAC - CENTRO DE ACOLHIMENTO DE CRISE;2022,0;10,0;0,0;0,0;24,0;0,0;0,0
CHPB;CAC - CENTRO DE ACOLHIMENTO DE CRISE;2022,0;11,0;0,0;0,0;31,0;0,0;0,0
CHPB;CAC - CENTRO DE ACOLHIMENTO DE CRISE;2022,0;12,0;0,0;0,0;24,0;0,0;0,0
CHPB;CAC - CENTRO DE ACOLHIMENTO DE CRISE;2023,0;1,0;0,0;0,0;27,0;0,0;0,0
CHPB;CAC - CENTRO DE ACOLHIMENTO DE CRISE;2023,0;2,0;0,0;0,0;22,0;0,0;0,0
CHPB;CAC - CENTRO DE ACOLHIMENTO DE CRISE;2023,0;3,0;0,0;0,0;31,0;0,0;0,0
CHPB;CAC - CENTRO DE ACOLHIMENTO DE CRISE;2023,0;4,0;0,0;0,0;26,0;0,0;0,0
CHPB;CAC - CENTRO DE ACOLHIMENTO DE CRISE;2023,0;5,0;0,0;0,0;43,0;0,0;0,0
CHPB;CAC - CENTRO DE ACOLHIMENTO DE CRISE;2023,0;6,0;0,0;0,0;29,0;0,0;0,0
CHPB;CAC - CENTRO DE ACOLHIMENTO DE CRISE;2023,0;7,0;0,0;0,0;37,0;0,0;0,0
CHPB;CAC - CENTRO DE ACOLHIMENTO DE CRISE;2023,0;8,0;0,0;0,0;25,0;0,0;0,0
CHPB;CAC - CENTRO DE ACOLHIMENTO DE CRISE;2023,0;9,0;0,0;0,0;22,0;0,0;0,0
CHPB;CAC - CENTRO DE ACOLHIMENTO DE CRISE;2023,0;10,0;0,0;0,0;36,0;0,0;0,0
CHPB;CAC - CENTRO DE ACOLHIMENTO DE CRISE;2023,0;11,0;0,0;0,0;25,0;0,0;0,0
CHPB;CAC - CENTRO DE ACOLHIMENTO DE CRISE;2023,0;12,0;0,0;0,0;28,0;0,0;0,0
CHPB;CAC - CENTRO DE ACOLHIMENTO DE CRISE;2024,0;1,0;0,0;0,0;24,0;0,0;0,0
CHPB;CAC - CENTRO DE ACOLHIMENTO DE CRISE;2024,0;2,0;0,0;0,0;34,0;0,0;0,0
CHPB;CAC - CENTRO DE ACOLHIMENTO DE CRISE;2024,0;3,0;0,0;0,0;18,0;0,0;0,0
CHPB;CAC - CENTRO DE ACOLHIMENTO DE CRISE;2024,0;4,0;0,0;0,0;29,0;0,0;0,0
CHPB;CAC - CENTRO DE ACOLHIMENTO DE CRISE;2024,0;5,0;0,0;0,0;26,0;0,0;0,0
CHPB;CAC - CENTRO DE ACOLHIMENTO DE CRISE;2024,0;6,0;0,0;0,0;21,0;0,0;0,0
CHPB;CAC/CHPB/CHB;2024,0;9,0;1,0;1,0;1,0;1,0;1,0
CHPB;CAC/CHPB/CHB;2024,0;11,0;0,0;0,0;1,0;0,0;0,0
CHPB;CAC/CHPB/CHB;2025,0;1,0;0,0;0,0;1,0;0,0;0,0
CHPB;CAC/CHPB/CHB;2025,0;10,0;0,0;0,0;1,0;0,0;0,0
CHPB;CAC/CHPB/CHB;2026,0;2,0;2,0;2,0;2,0;1,0;1,0
CHPB;CAC/CHPB/CHB;2026,0;6,0;0,0;0,0;1,0;0,0;0,0
CHPB;CAC/CHPB/CHB;2026,0;8,0;0,0;0,0;2,0;0,0;0,0
CHPB;LAR INCLUSIVO;2021,0;11,0;0,0;0,0;6,0;0,0;0,0
CHPB;LAR INCLUSIVO;2021,0;12,0;0,0;0,0;1,0;0,0;0,0
CHPB;LAR INCLUSIVO;2022,0;1,0;0,0;0,0;3,0;0,0;0,0
CHPB;LAR INCLUSIVO;2022,0;4,0;0,0;0,0;1,0;0,0;0,0
CHPB;LAR INCLUSIVO;2022,0;6,0;0,0;0,0;6,0;0,0;0,0
CHPB;LAR INCLUSIVO;2022,0;7,0;0,0;0,0;1,0;0,0;0,0
CHPB;LAR INCLUSIVO;2022,0;8,0;0,0;0,0;1,0;0,0;0,0
CHPB;LAR INCLUSIVO;2022,0;11,0;0,0;0,0;1,0;0,0;0,0
CHPB;LAR INCLUSIVO;2023,0;2,0;0,0;0,0;1,0;0,0;0,0
CHPB;LAR INCLUSIVO;2023,0;4,0;0,0;0,0;1,0;0,0;0,0
CHPB;LAR INCLUSIVO A/CHPB/CHB;2024,0;8,0;0,0;0,0;1,0;0,0;0,0
CHPB;LAR INCLUSIVO A/CHPB/CHB;2024,0;12,0;0,0;0,0;4,0;0,0;0,0
CHPB;LAR INCLUSIVO A/CHPB/CHB;2025,0;1,0;0,0;0,0;1,0;0,0;0,0
CHPB;LAR INCLUSIVO A/CHPB/CHB;2025,0;5,0;0,0;0,0;1,0;0,0;0,0
CHPB;LAR INCLUSIVO A/CHPB/CHB;2025,0;6,0;1,0;1,0;1,0;1,0;1,0
CHPB;LAR INCLUSIVO A/CHPB/CHB;2025,0;9,0;0,0;0,0;1,0;0,0;0,0
CHPB;LAR INCLUSIVO A/CHPB/CHB;2026,0;2,0;0,0;0,0;1,0;0,0;0,0
CHPB;LAR INCLUSIVO A/CHPB/CHB;2026,0;5,0;0,0;0,0;6,0;0,0;0,0
CHPB;LAR INCLUSIVO B;2021,0;3,0;0,0;0,0;1,0;0,0;0,0
CHPB;LAR INCLUSIVO B;2021,0;4,0;0,0;0,0;2,0;0,0;0,0
CHPB;LAR INCLUSIVO B;2021,0;7,0;0,0;0,0;1,0;0,0;0,0
CHPB;LAR INCLUSIVO B;2021,0;11,0;0,0;0,0;1,0;0,0;0,0
CHPB;LAR INCLUSIVO B;2022,0;10,0;0,0;0,0;1,0;0,0;0,0
CHPB;LAR INCLUSIVO B;2023,0;2,0;0,0;0,0;3,0;0,0;0,0
CHPB;LAR INCLUSIVO B;2023,0;3,0;0,0;0,0;2,0;0,0;0,0
CHPB;LAR INCLUSIVO B/CHPB/CHB;2024,0;9,0;0,0;0,0;1,0;0,0;0,0
CHPB;LAR INCLUSIVO B/CHPB/CHB;2024,0;10,0;0,0;0,0;1,0;0,0;0,0
CHPB;LAR INCLUSIVO B/CHPB/CHB;2024,0;11,0;0,0;0,0;1,0;0,0;0,0
CHPB;LAR INCLUSIVO B/CHPB/CHB;2024,0;12,0;0,0;0,0;1,0;0,0;0,0
CHPB;LAR INCLUSIVO B/CHPB/CHB;2025,0;1,0;0,0;0,0;4,0;0,0;0,0
CHPB;LAR INCLUSIVO B/CHPB/CHB;2025,0;3,0;0,0;0,0;1,0;0,0;0,0
CHPB;LAR INCLUSIVO B/CHPB/CHB;2025,0;4,0;0,0;0,0;1,0;0,0;0,0
CHPB;LAR INCLUSIVO B/CHPB/CHB;2025,0;5,0;0,0;0,0;1,0;0,0;0,0
CHPB;LAR INCLUSIVO B/CHPB/CHB;2026,0;3,0;0,0;0,0;1,0;0,0;0,0
CHPB;LAR INCLUSIVO B/CHPB/CHB;2026,0;5,0;0,0;0,0;8,0;0,0;0,0
CHPB;LAR INCLUSIVO C;2021,0;6,0;0,0;0,0;1,0;0,0;0,0
CHPB;LAR INCLUSIVO C;2021,0;11,0;0,0;0,0;2,0;0,0;0,0
CHPB;LAR INCLUSIVO C;2022,0;5,0;0,0;0,0;4,0;0,0;0,0
CHPB;LAR INCLUSIVO C;2022,0;6,0;0,0;0,0;2,0;0,0;0,0
CHPB;LAR INCLUSIVO C;2023,0;3,0;0,0;0,0;1,0;0,0;0,0
CHPB;LAR INCLUSIVO D;2021,0;5,0;1,0;1,0;1,0;1,0;1,0
CHPB;LAR INCLUSIVO D;2021,0;10,0;1,0;1,0;1,0;1,0;1,0
CHPB;LAR INCLUSIVO D;2021,0;12,0;1,0;1,0;1,0;1,0;1,0
CHPB;LAR INCLUSIVO D;2022,0;6,0;0,0;0,0;6,0;0,0;0,0
CHPB;LAR INCLUSIVO D;2022,0;12,0;0,0;0,0;1,0;0,0;0,0
CHPB;LAR INCLUSIVO D;2023,0;3,0;0,0;0,0;1,0;0,0;0,0
CHPB;LAR INCLUSIVO E;2022,0;2,0;0,0;0,0;1,0;0,0;0,0
CHPB;LAR INCLUSIVO E;2022,0;5,0;0,0;0,0;1,0;0,0;0,0
CHPB;LAR INCLUSIVO E;2022,0;6,0;0,0;0,0;1,0;0,0;0,0
CHPB;UIC - UNIDADE INTERCORRENCIAS CLINICAS;2019,0;1,0;0,0;0,0;1,0;0,0;0,0
CHPB;UIC - UNIDADE INTERCORRENCIAS CLINICAS;2019,0;2,0;0,0;0,0;1,0;0,0;0,0
CHPB;UIC - UNIDADE INTERCORRENCIAS CLINICAS;2019,0;3,0;0,0;0,0;2,0;0,0;0,0
CHPB;UIC - UNIDADE INTERCORRENCIAS CLINICAS;2019,0;4,0;0,0;0,0;1,0;0,0;0,0
CHPB;UIC - UNIDADE INTERCORRENCIAS CLINICAS;2019,0;11,0;0,0;0,0;2,0;0,0;0,0
CHPB;UIC - UNIDADE INTERCORRENCIAS CLINICAS;2019,0;12,0;0,0;0,0;5,0;0,0;0,0
CHPB;UIC - UNIDADE INTERCORRENCIAS CLINICAS;2020,0;1,0;1,0;1,0;1,0;1,0;1,0
CHPB;UIC - UNIDADE INTERCORRENCIAS CLINICAS;2020,0;2,0;0,0;0,0;1,0;0,0;0,0
CHPB;UIC - UNIDADE INTERCORRENCIAS CLINICAS;2020,0;3,0;0,0;0,0;1,0;0,0;0,0
CHPB;UIC - UNIDADE INTERCORRENCIAS CLINICAS;2020,0;5,0;0,0;0,0;2,0;0,0;0,0
CHPB;UIC - UNIDADE INTERCORRENCIAS CLINICAS;2020,0;6,0;1,0;1,0;1,0;1,0;1,0
CHPB;UIC - UNIDADE INTERCORRENCIAS CLINICAS;2020,0;7,0;1,0;0,0;2,0;0,5;0,0
CHPB;UIC - UNIDADE INTERCORRENCIAS CLINICAS;2020,0;8,0;0,0;0,0;1,0;0,0;0,0
CHPB;UIC - UNIDADE INTERCORRENCIAS CLINICAS;2020,0;9,0;1,0;1,0;1,0;1,0;1,0
CHPB;UIC - UNIDADE INTERCORRENCIAS CLINICAS;2020,0;10,0;0,0;0,0;1,0;0,0;0,0
CHPB;UIC - UNIDADE INTERCORRENCIAS CLINICAS;2020,0;11,0;0,0;0,0;2,0;0,0;0,0
CHPB;UIC - UNIDADE INTERCORRENCIAS CLINICAS;2020,0;12,0;0,0;0,0;1,0;0,0;0,0
CHPB;UIC - UNIDADE INTERCORRENCIAS CLINICAS;2021,0;1,0;1,0;1,0;13,0;0,07692307692307693;0,07692307692307693
CHPB;UIC - UNIDADE INTERCORRENCIAS CLINICAS;2021,0;3,0;1,0;1,0;1,0;1,0;1,0
CHPB;UIP-FEMININA/CHPB/CHB;2024,0;7,0;0,0;0,0;2,0;0,0;0,0
CHPB;UIP-FEMININA/CHPB/CHB;2024,0;8,0;0,0;0,0;12,0;0,0;0,0
CHPB;UIP-FEMININA/CHPB/CHB;2024,0;9,0;0,0;0,0;10,0;0,0;0,0
CHPB;UIP-FEMININA/CHPB/CHB;2024,0;10,0;0,0;0,0;8,0;0,0;0,0
CHPB;UIP-FEMININA/CHPB/CHB;2024,0;11,0;0,0;0,0;11,0;0,0;0,0
CHPB;UIP-FEMININA/CHPB/CHB;2024,0;12,0;0,0;0,0;12,0;0,0;0,0
CHPB;UIP-FEMININA/CHPB/CHB;2025,0;1,0;0,0;0,0;7,0;0,0;0,0
CHPB;UIP-FEMININA/CHPB/CHB;2025,0;2,0;0,0;0,0;11,0;0,0;0,0
CHPB;UIP-FEMININA/CHPB/CHB;2025,0;3,0;0,0;0,0;11,0;0,0;0,0
CHPB;UIP-FEMININA/CHPB/CHB;2025,0;4,0;0,0;0,0;13,0;0,0;0,0
CHPB;UIP-FEMININA/CHPB/CHB;2025,0;5,0;0,0;0,0;8,0;0,0;0,0
CHPB;UIP-FEMININA/CHPB/CHB;2025,0;6,0;0,0;0,0;11,0;0,0;0,0
CHPB;UIP-FEMININA/CHPB/CHB;2025,0;7,0;0,0;0,0;7,0;0,0;0,0
CHPB;UIP-FEMININA/CHPB/CHB;2025,0;8,0;0,0;0,0;12,0;0,0;0,0
CHPB;UIP-FEMININA/CHPB/CHB;2025,0;9,0;0,0;0,0;5,0;0,0;0,0
CHPB;UIP-FEMININA/CHPB/CHB;2025,0;10,0;0,0;0,0;7,0;0,0;0,0
CHPB;UIP-FEMININA/CHPB/CHB;2025,0;11,0;0,0;0,0;3,0;0,0;0,0
CHPB;UIP-FEMININA/CHPB/CHB;2025,0;12,0;0,0;0,0;11,0;0,0;0,0
CHPB;UIP-FEMININA/CHPB/CHB;2026,0;1,0;0,0;0,0;7,0;0,0;0,0
CHPB;UIP-FEMININA/CHPB/CHB;2026,0;2,0;0,0;0,0;10,0;0,0;0,0
CHPB;UIP-FEMININA/CHPB/CHB;2026,0;3,0;0,0;0,0;8,0;0,0;0,0
CHPB;UIP-FEMININA/CHPB/CHB;2026,0;4,0;0,0;0,0;7,0;0,0;0,0
CHPB;UIP-FEMININA/CHPB/CHB;2026,0;5,0;0,0;0,0;6,0;0,0;0,0
CHPB;UIP-FEMININA/CHPB/CHB;2026,0;6,0;0,0;0,0;6,0;0,0;0,0
CHPB;UIP-FEMININA/CHPB/CHB;2026,0;7,0;0,0;0,0;8,0;0,0;0,0
CHPB;UIP-FEMININA/CHPB/CHB;2026,0;8,0;0,0;0,0;12,0;0,0;0,0
CHPB;UIP-MASCULINA/CHPB/CHB;2024,0;6,0;0,0;0,0;8,0;0,0;0,0
CHPB;UIP-MASCULINA/CHPB/CHB;2024,0;7,0;0,0;0,0;27,0;0,0;0,0
CHPB;UIP-MASCULINA/CHPB/CHB;2024,0;8,0;0,0;0,0;14,0;0,0;0,0
CHPB;UIP-MASCULINA/CHPB/CHB;2024,0;9,0;0,0;0,0;20,0;0,0;0,0
CHPB;UIP-MASCULINA/CHPB/CHB;2024,0;10,0;0,0;0,0;20,0;0,0;0,0
CHPB;UIP-MASCULINA/CHPB/CHB;2024,0;11,0;0,0;0,0;17,0;0,0;0,0
CHPB;UIP-MASCULINA/CHPB/CHB;2024,0;12,0;0,0;0,0;24,0;0,0;0,0
CHPB;UIP-MASCULINA/CHPB/CHB;2025,0;1,0;0,0;0,0;14,0;0,0;0,0
CHPB;UIP-MASCULINA/CHPB/CHB;2025,0;2,0;0,0;0,0;16,0;0,0;0,0
CHPB;UIP-MASCULINA/CHPB/CHB;2025,0;3,0;0,0;0,0;21,0;0,0;0,0
CHPB;UIP-MASCULINA/CHPB/CHB;2025,0;4,0;0,0;0,0;17,0;0,0;0,0
CHPB;UIP-MASCULINA/CHPB/CHB;2025,0;5,0;0,0;0,0;15,0;0,0;0,0
CHPB;UIP-MASCULINA/CHPB/CHB;2025,0;6,0;0,0;0,0;22,0;0,0;0,0
CHPB;UIP-MASCULINA/CHPB/CHB;2025,0;7,0;0,0;0,0;11,0;0,0;0,0
CHPB;UIP-MASCULINA/CHPB/CHB;2025,0;8,0;0,0;0,0;15,0;0,0;0,0
CHPB;UIP-MASCULINA/CHPB/CHB;2025,0;9,0;0,0;0,0;10,0;0,0;0,0
CHPB;UIP-MASCULINA/CHPB/CHB;2025,0;10,0;0,0;0,0;17,0;0,0;0,0
CHPB;UIP-MASCULINA/CHPB/CHB;2025,0;11,0;0,0;0,0;15,0;0,0;0,0
CHPB;UIP-MASCULINA/CHPB/CHB;2025,0;12,0;0,0;0,0;8,0;0,0;0,0
CHPB;UIP-MASCULINA/CHPB/CHB;2026,0;1,0;0,0;0,0;19,0;0,0;0,0
CHPB;UIP-MASCULINA/CHPB/CHB;2026,0;2,0;0,0;0,0;10,0;0,0;0,0
CHPB;UIP-MASCULINA/CHPB/CHB;2026,0;3,0;0,0;0,0;17,0;0,0;0,0
CHPB;UIP-MASCULINA/CHPB/CHB;2026,0;4,0;0,0;0,0;9,0;0,0;0,0
CHPB;UIP-MASCULINA/CHPB/CHB;2026,0;5,0;0,0;0,0;12,0;0,0;0,0
CHPB;UIP-MASCULINA/CHPB/CHB;2026,0;6,0;0,0;0,0;12,0;0,0;0,0
CHPB;UIP-MASCULINA/CHPB/CHB;2026,0;7,0;0,0;0,0;7,0;0,0;0,0
CHPB;UIP-MASCULINA/CHPB/CHB;2026,0;8,0;0,0;0,0;12,0;0,0;0,0
CHPB;UNIDADE DE CUIDADOS CONTINUADOS INTEGRADOS;2020,0;4,0;0,0;0,0;4,0;0,0;0,0
CHPB;UNIDADE DE CUIDADOS CONTINUADOS INTEGRADOS;2020,0;5,0;2,0;1,0;8,0;0,25;0,125
CHPB;UNIDADE DE CUIDADOS CONTINUADOS INTEGRADOS;2020,0;6,0;0,0;0,0;6,0;0,0;0,0
CHPB;UNIDADE DE CUIDADOS CONTINUADOS INTEGRADOS;2020,0;7,0;1,0;1,0;6,0;0,16666666666666666;0,16666666666666666
CHPB;UNIDADE DE CUIDADOS CONTINUADOS INTEGRADOS;2020,0;8,0;2,0;2,0;11,0;0,18181818181818182;0,18181818181818182
CHPB;UNIDADE DE CUIDADOS CONTINUADOS INTEGRADOS;2020,0;9,0;0,0;0,0;7,0;0,0;0,0
CHPB;UNIDADE DE CUIDADOS CONTINUADOS INTEGRADOS;2020,0;10,0;0,0;0,0;5,0;0,0;0,0
CHPB;UNIDADE DE CUIDADOS CONTINUADOS INTEGRADOS;2020,0;11,0;0,0;0,0;3,0;0,0;0,0
CHPB;UNIDADE DE CUIDADOS CONTINUADOS INTEGRADOS;2020,0;12,0;0,0;0,0;5,0;0,0;0,0
CHPB;UNIDADE DE CUIDADOS CONTINUADOS INTEGRADOS;2021,0;1,0;0,0;0,0;9,0;0,0;0,0
CHPB;UNIDADE DE CUIDADOS CONTINUADOS INTEGRADOS;2021,0;2,0;0,0;0,0;1,0;0,0;0,0
CHPB;UNIDADE DE CUIDADOS CONTINUADOS INTEGRADOS;2021,0;3,0;0,0;0,0;2,0;0,0;0,0
CHPB;UNIDADE DE CUIDADOS CONTINUADOS INTEGRADOS;2021,0;4,0;0,0;0,0;2,0;0,0;0,0
CHPB;UNIDADE DE CUIDADOS CONTINUADOS INTEGRADOS;2021,0;5,0;0,0;0,0;2,0;0,0;0,0
CHPB;UNIDADE DE CUIDADOS CONTINUADOS INTEGRADOS;2021,0;6,0;0,0;0,0;2,0;0,0;0,0
CHPB;UNIDADE DE CUIDADOS CONTINUADOS INTEGRADOS;2021,0;7,0;0,0;0,0;7,0;0,0;0,0
CHPB;UNIDADE DE CUIDADOS CONTINUADOS INTEGRADOS;2021,0;8,0;1,0;1,0;4,0;0,25;0,25
CHPB;UNIDADE DE CUIDADOS CONTINUADOS INTEGRADOS;2021,0;9,0;0,0;0,0;4,0;0,0;0,0
CHPB;UNIDADE DE CUIDADOS CONTINUADOS INTEGRADOS;2021,0;10,0;1,0;0,0;8,0;0,125;0,0
CHPB;UNIDADE DE CUIDADOS CONTINUADOS INTEGRADOS;2021,0;11,0;0,0;0,0;10,0;0,0;0,0
CHPB;UNIDADE DE CUIDADOS CONTINUADOS INTEGRADOS;2021,0;12,0;0,0;0,0;8,0;0,0;0,0
CHPB;UNIDADE DE CUIDADOS CONTINUADOS INTEGRADOS;2022,0;1,0;0,0;0,0;6,0;0,0;0,0
CHPB;UNIDADE DE CUIDADOS CONTINUADOS INTEGRADOS;2022,0;2,0;0,0;0,0;8,0;0,0;0,0
CHPB;UNIDADE DE CUIDADOS CONTINUADOS INTEGRADOS;2022,0;3,0;1,0;0,0;5,0;0,2;0,0
CHPB;UNIDADE DE CUIDADOS CONTINUADOS INTEGRADOS;2022,0;4,0;0,0;0,0;9,0;0,0;0,0
CHPB;UNIDADE DE CUIDADOS CONTINUADOS INTEGRADOS;2022,0;5,0;0,0;0,0;11,0;0,0;0,0
CHPB;UNIDADE DE CUIDADOS CONTINUADOS INTEGRADOS;2022,0;6,0;0,0;0,0;7,0;0,0;0,0
CHPB;UNIDADE DE CUIDADOS CONTINUADOS INTEGRADOS;2022,0;7,0;1,0;0,0;9,0;0,1111111111111111;0,0
CHPB;UNIDADE DE CUIDADOS CONTINUADOS INTEGRADOS;2022,0;8,0;0,0;0,0;5,0;0,0;0,0
CHPB;UNIDADE DE CUIDADOS CONTINUADOS INTEGRADOS;2022,0;9,0;2,0;0,0;15,0;0,13333333333333333;0,0
CHPB;UNIDADE DE CUIDADOS CONTINUADOS INTEGRADOS;2022,0;10,0;1,0;0,0;13,0;0,07692307692307693;0,0
CHPB;UNIDADE DE CUIDADOS CONTINUADOS INTEGRADOS;2022,0;11,0;2,0;0,0;15,0;0,13333333333333333;0,0
CHPB;UNIDADE DE CUIDADOS CONTINUADOS INTEGRADOS;2022,0;12,0;0,0;0,0;15,0;0,0;0,0
CHPB;UNIDADE DE CUIDADOS CONTINUADOS INTEGRADOS;2023,0;1,0;0,0;0,0;13,0;0,0;0,0
CHPB;UNIDADE DE CUIDADOS CONTINUADOS INTEGRADOS;2023,0;2,0;1,0;0,0;13,0;0,07692307692307693;0,0
CHPB;UNIDADE DE CUIDADOS CONTINUADOS INTEGRADOS;2023,0;3,0;1,0;0,0;15,0;0,06666666666666667;0,0
CHPB;UNIDADE DE CUIDADOS CONTINUADOS INTEGRADOS;2023,0;4,0;0,0;0,0;18,0;0,0;0,0
CHPB;UNIDADE DE CUIDADOS CONTINUADOS INTEGRADOS;2023,0;5,0;1,0;0,0;15,0;0,06666666666666667;0,0
CHPB;UNIDADE DE CUIDADOS CONTINUADOS INTEGRADOS;2023,0;6,0;0,0;0,0;16,0;0,0;0,0
CHPB;UNIDADE DE CUIDADOS CONTINUADOS INTEGRADOS;2023,0;7,0;2,0;1,0;12,0;0,16666666666666666;0,08333333333333333
CHPB;UNIDADE DE CUIDADOS CONTINUADOS INTEGRADOS;2023,0;8,0;2,0;2,0;19,0;0,10526315789473684;0,10526315789473684
CHPB;UNIDADE DE CUIDADOS CONTINUADOS INTEGRADOS;2023,0;9,0;2,0;1,0;11,0;0,18181818181818182;0,09090909090909091
CHPB;UNIDADE DE CUIDADOS CONTINUADOS INTEGRADOS;2023,0;10,0;4,0;3,0;13,0;0,3076923076923077;0,23076923076923078
CHPB;UNIDADE DE CUIDADOS CONTINUADOS INTEGRADOS;2023,0;11,0;1,0;1,0;11,0;0,09090909090909091;0,09090909090909091
CHPB;UNIDADE DE CUIDADOS CONTINUADOS INTEGRADOS;2023,0;12,0;1,0;1,0;19,0;0,05263157894736842;0,05263157894736842
CHPB;UNIDADE DE CUIDADOS CONTINUADOS INTEGRADOS;2024,0;1,0;0,0;0,0;18,0;0,0;0,0
CHPB;UNIDADE DE CUIDADOS CONTINUADOS INTEGRADOS;2024,0;2,0;1,0;1,0;20,0;0,05;0,05
CHPB;UNIDADE DE CUIDADOS CONTINUADOS INTEGRADOS;2024,0;3,0;1,0;1,0;16,0;0,0625;0,0625
CHPB;UNIDADE DE CUIDADOS CONTINUADOS INTEGRADOS;2024,0;4,0;0,0;0,0;20,0;0,0;0,0
CHPB;UNIDADE DE CUIDADOS CONTINUADOS INTEGRADOS;2024,0;5,0;1,0;1,0;14,0;0,07142857142857142;0,07142857142857142
CHPB;UNIDADE DE CUIDADOS CONTINUADOS INTEGRADOS;2024,0;6,0;0,0;0,0;13,0;0,0;0,0
CHPB;UNIDADE DE CUIDADOS PROLONGADOS/CHPB/CHB;2024,0;6,0;0,0;0,0;1,0;0,0;0,0
CHPB;UNIDADE DE CUIDADOS PROLONGADOS/CHPB/CHB;2024,0;7,0;0,0;0,0;18,0;0,0;0,0
CHPB;UNIDADE DE CUIDADOS PROLONGADOS/CHPB/CHB;2024,0;8,0;1,0;1,0;16,0;0,0625;0,0625
CHPB;UNIDADE DE CUIDADOS PROLONGADOS/CHPB/CHB;2024,0;9,0;0,0;0,0;13,0;0,0;0,0
CHPB;UNIDADE DE CUIDADOS PROLONGADOS/CHPB/CHB;2024,0;10,0;0,0;0,0;27,0;0,0;0,0
CHPB;UNIDADE DE CUIDADOS PROLONGADOS/CHPB/CHB;2024,0;11,0;0,0;0,0;17,0;0,0;0,0
CHPB;UNIDADE DE CUIDADOS PROLONGADOS/CHPB/CHB;2024,0;12,0;0,0;0,0;16,0;0,0;0,0
CHPB;UNIDADE DE CUIDADOS PROLONGADOS/CHPB/CHB;2025,0;1,0;0,0;0,0;15,0;0,0;0,0
CHPB;UNIDADE DE CUIDADOS PROLONGADOS/CHPB/CHB;2025,0;2,0;1,0;1,0;16,0;0,0625;0,0625
CHPB;UNIDADE DE CUIDADOS PROLONGADOS/CHPB/CHB;2025,0;3,0;0,0;0,0;16,0;0,0;0,0
CHPB;UNIDADE DE CUIDADOS PROLONGADOS/CHPB/CHB;2025,0;4,0;1,0;1,0;22,0;0,045454545454545456;0,045454545454545456
CHPB;UNIDADE DE CUIDADOS PROLONGADOS/CHPB/CHB;2025,0;5,0;5,0;5,0;22,0;0,22727272727272727;0,22727272727272727
CHPB;UNIDADE DE CUIDADOS PROLONGADOS/CHPB/CHB;2025,0;6,0;2,0;2,0;21,0;0,09523809523809523;0,09523809523809523
CHPB;UNIDADE DE CUIDADOS PROLONGADOS/CHPB/CHB;2025,0;7,0;1,0;1,0;24,0;0,041666666666666664;0,041666666666666664
CHPB;UNIDADE DE CUIDADOS PROLONGADOS/CHPB/CHB;2025,0;8,0;2,0;2,0;19,0;0,10526315789473684;0,10526315789473684
CHPB;UNIDADE DE CUIDADOS PROLONGADOS/CHPB/CHB;2025,0;9,0;0,0;0,0;15,0;0,0;0,0
CHPB;UNIDADE DE CUIDADOS PROLONGADOS/CHPB/CHB;2025,0;10,0;0,0;0,0;18,0;0,0;0,0
CHPB;UNIDADE DE CUIDADOS PROLONGADOS/CHPB/CHB;2025,0;11,0;0,0;0,0;15,0;0,0;0,0
CHPB;UNIDADE DE CUIDADOS PROLONGADOS/CHPB/CHB;2025,0;12,0;1,0;1,0;21,0;0,047619047619047616;0,047619047619047616
CHPB;UNIDADE DE CUIDADOS PROLONGADOS/CHPB/CHB;2026,0;1,0;2,0;2,0;18,0;0,1111111111111111;0,1111111111111111
CHPB;UNIDADE DE CUIDADOS PROLONGADOS/CHPB/CHB;2026,0;2,0;2,0;2,0;19,0;0,10526315789473684;0,10526315789473684
CHPB;UNIDADE DE CUIDADOS PROLONGADOS/CHPB/CHB;2026,0;3,0;2,0;2,0;28,0;0,07142857142857142;0,07142857142857142
CHPB;UNIDADE DE CUIDADOS PROLONGADOS/CHPB/CHB;2026,0;4,0;1,0;0,0;25,0;0,04;0,0
CHPB;UNIDADE DE CUIDADOS PROLONGADOS/CHPB/CHB;2026,0;5,0;2,0;2,0;15,0;0,13333333333333333;0,13333333333333333
CHPB;UNIDADE DE CUIDADOS PROLONGADOS/CHPB/CHB;2026,0;6,0;2,0;2,0;23,0;0,08695652173913043;0,08695652173913043
CHPB;UNIDADE DE CUIDADOS PROLONGADOS/CHPB/CHB;2026,0;7,0;3,0;3,0;26,0;0,11538461538461539;0,11538461538461539
CHPB;UNIDADE DE CUIDADOS PROLONGADOS/CHPB/CHB;2026,0;8,0;1,0;1,0;18,0;0,05555555555555555;0,05555555555555555
CHPB;UNIDADE DE TRATAMENTO CLINICO;2021,0;4,0;0,0;0,0;2,0;0,0;0,0
CHPB;UNIDADE DE TRATAMENTO CLINICO;2021,0;5,0;0,0;0,0;1,0;0,0;0,0
CHPB;UNIDADE DE TRATAMENTO CLINICO;2021,0;6,0;0,0;0,0;1,0;0,0;0,0
CHPB;UNIDADE DE TRATAMENTO CLINICO;2021,0;7,0;0,0;0,0;3,0;0,0;0,0
CHPB;UNIDADE DE TRATAMENTO CLINICO;2021,0;8,0;0,0;0,0;8,0;0,0;0,0
CHPB;UNIDADE DE TRATAMENTO CLINICO;2021,0;9,0;0,0;0,0;1,0;0,0;0,0
CHPB;UNIDADE DE TRATAMENTO CLINICO;2021,0;10,0;1,0;0,0;2,0;0,5;0,0
CHPB;UNIDADE DE TRATAMENTO CLINICO;2021,0;11,0;0,0;0,0;1,0;0,0;0,0
CHPB;UNIDADE DE TRATAMENTO CLINICO;2021,0;12,0;1,0;1,0;1,0;1,0;1,0
CHPB;UNIDADE DE TRATAMENTO CLINICO;2022,0;1,0;0,0;0,0;1,0;0,0;0,0
CHPB;UNIDADE DE TRATAMENTO CLINICO;2022,0;2,0;0,0;0,0;1,0;0,0;0,0
CHPB;UNIDADE DE TRATAMENTO CLINICO;2022,0;4,0;1,0;0,0;1,0;1,0;0,0
CHPB;UNIDADE DE TRATAMENTO CLINICO;2022,0;5,0;0,0;0,0;1,0;0,0;0,0
CHPB;UNIDADE INTERNAÇÃO - PSIQUIATRIA;2021,0;3,0;0,0;0,0;19,0;0,0;0,0
CHPB;UNIDADE INTERNAÇÃO - PSIQUIATRIA;2021,0;4,0;0,0;0,0;24,0;0,0;0,0
CHPB;UNIDADE INTERNAÇÃO - PSIQUIATRIA;2021,0;5,0;0,0;0,0;23,0;0,0;0,0
CHPB;UNIDADE INTERNAÇÃO - PSIQUIATRIA;2021,0;6,0;0,0;0,0;30,0;0,0;0,0
CHPB;UNIDADE INTERNAÇÃO - PSIQUIATRIA;2021,0;7,0;0,0;0,0;23,0;0,0;0,0
CHPB;UNIDADE INTERNAÇÃO - PSIQUIATRIA;2021,0;8,0;0,0;0,0;19,0;0,0;0,0
CHPB;UNIDADE INTERNAÇÃO - PSIQUIATRIA;2021,0;9,0;0,0;0,0;28,0;0,0;0,0
CHPB;UNIDADE INTERNAÇÃO - PSIQUIATRIA;2021,0;10,0;0,0;0,0;34,0;0,0;0,0
CHPB;UNIDADE INTERNAÇÃO - PSIQUIATRIA;2021,0;11,0;0,0;0,0;29,0;0,0;0,0
CHPB;UNIDADE INTERNAÇÃO - PSIQUIATRIA;2021,0;12,0;0,0;0,0;27,0;0,0;0,0
CHPB;UNIDADE INTERNAÇÃO - PSIQUIATRIA;2022,0;1,0;0,0;0,0;14,0;0,0;0,0
CHPB;UNIDADE INTERNAÇÃO - PSIQUIATRIA;2022,0;2,0;0,0;0,0;17,0;0,0;0,0
CHPB;UNIDADE INTERNAÇÃO - PSIQUIATRIA;2022,0;3,0;0,0;0,0;19,0;0,0;0,0
CHPB;UNIDADE INTERNAÇÃO - PSIQUIATRIA;2022,0;4,0;0,0;0,0;27,0;0,0;0,0
CHPB;UNIDADE INTERNAÇÃO - PSIQUIATRIA;2022,0;5,0;0,0;0,0;21,0;0,0;0,0
CHPB;UNIDADE INTERNAÇÃO - PSIQUIATRIA;2022,0;6,0;0,0;0,0;23,0;0,0;0,0
CHPB;UNIDADE INTERNAÇÃO - PSIQUIATRIA;2022,0;7,0;0,0;0,0;30,0;0,0;0,0
CHPB;UNIDADE INTERNAÇÃO - PSIQUIATRIA;2022,0;8,0;0,0;0,0;6,0;0,0;0,0
CHPB;UNIDADE INTERNAÇÃO - PSIQUIATRIA;2022,0;10,0;1,0;0,0;1,0;1,0;0,0
CHPB;UNIDADE INTERNAÇÃO - PSIQUIATRIA;2023,0;1,0;0,0;0,0;1,0;0,0;0,0
CHPB;UNIDADE INTERNAÇÃO - PSIQUIATRIA;2023,0;4,0;1,0;1,0;1,0;1,0;1,0
CHPB;UNIDADE INTERNAÇÃO - PSIQUIATRIA;2023,0;5,0;0,0;0,0;1,0;0,0;0,0
CHPB;UNIDADE INTERNAÇÃO - PSIQUIATRIA;2023,0;6,0;0,0;0,0;2,0;0,0;0,0
CHPB;UNIDADE INTERNAÇÃO - PSIQUIATRIA;2023,0;10,0;0,0;0,0;1,0;0,0;0,0
CHPB;UNIDADE INTERNAÇÃO - PSIQUIATRIA;2023,0;12,0;0,0;0,0;1,0;0,0;0,0
CHPB;UNIDADE INTERNAÇÃO - PSIQUIATRIA;2024,0;2,0;1,0;1,0;1,0;1,0;1,0
CHPB;UNIDADE INTERNAÇÃO - PSIQUIATRIA;2024,0;3,0;0,0;0,0;1,0;0,0;0,0
CHPB;UNIDADE INTERNAÇÃO - PSIQUIATRIA;2024,0;5,0;0,0;0,0;1,0;0,0;0,0
CHPB;UNIDADE INTERNAÇÃO - PSIQUIATRIA CASA LAR 1;2019,0;7,0;0,0;0,0;1,0;0,0;0,0
CHPB;UNIDADE INTERNAÇÃO - PSIQUIATRIA CASA LAR 1;2019,0;8,0;0,0;0,0;1,0;0,0;0,0
CHPB;UNIDADE INTERNAÇÃO - PSIQUIATRIA CASA LAR 1;2019,0;9,0;0,0;0,0;1,0;0,0;0,0
CHPB;UNIDADE INTERNAÇÃO - PSIQUIATRIA CASA LAR 1;2020,0;1,0;0,0;0,0;1,0;0,0;0,0
CHPB;UNIDADE INTERNAÇÃO - PSIQUIATRIA CASA LAR 1;2020,0;7,0;0,0;0,0;2,0;0,0;0,0
CHPB;UNIDADE INTERNAÇÃO - PSIQUIATRIA CASA LAR 2;2019,0;1,0;0,0;0,0;1,0;0,0;0,0
CHPB;UNIDADE INTERNAÇÃO - PSIQUIATRIA CASA LAR 2;2019,0;3,0;0,0;0,0;1,0;0,0;0,0
CHPB;UNIDADE INTERNAÇÃO - PSIQUIATRIA CASA LAR 2;2019,0;9,0;0,0;0,0;1,0;0,0;0,0
CHPB;UNIDADE INTERNAÇÃO - PSIQUIATRIA CASA LAR 2;2020,0;4,0;0,0;0,0;1,0;0,0;0,0
CHPB;UNIDADE INTERNAÇÃO - PSIQUIATRIA CASA LAR 3;2019,0;2,0;0,0;0,0;1,0;0,0;0,0
CHPB;UNIDADE INTERNAÇÃO - PSIQUIATRIA CASA LAR 3;2020,0;2,0;0,0;0,0;1,0;0,0;0,0
CHPB;UNIDADE INTERNAÇÃO - PSIQUIATRIA CASA LAR 3;2020,0;5,0;0,0;0,0;1,0;0,0;0,0
CHPB;UNIDADE INTERNAÇÃO - PSIQUIATRIA CASA LAR 3;2020,0;9,0;0,0;0,0;1,0;0,0;0,0
CHPB;UNIDADE INTERNAÇÃO - PSIQUIATRIA MÓDULO RESIDENCIAL 2;2019,0;1,0;0,0;0,0;1,0;0,0;0,0
CHPB;UNIDADE INTERNAÇÃO - PSIQUIATRIA MÓDULO RESIDENCIAL 2;2019,0;2,0;0,0;0,0;3,0;0,0;0,0
CHPB;UNIDADE INTERNAÇÃO - PSIQUIATRIA MÓDULO RESIDENCIAL 2;2019,0;9,0;0,0;0,0;1,0;0,0;0,0
CHPB;UNIDADE INTERNAÇÃO - PSIQUIATRIA MÓDULO RESIDENCIAL 2;2019,0;10,0;0,0;0,0;3,0;0,0;0,0
CHPB;UNIDADE INTERNAÇÃO - PSIQUIATRIA MÓDULO RESIDENCIAL 2;2019,0;11,0;0,0;0,0;1,0;0,0;0,0
CHPB;UNIDADE INTERNAÇÃO - PSIQUIATRIA MÓDULO RESIDENCIAL 2;2019,0;12,0;0,0;0,0;3,0;0,0;0,0
CHPB;UNIDADE INTERNAÇÃO - PSIQUIATRIA MÓDULO RESIDENCIAL 2;2020,0;1,0;0,0;0,0;3,0;0,0;0,0
CHPB;UNIDADE INTERNAÇÃO - PSIQUIATRIA MÓDULO RESIDENCIAL 2;2020,0;3,0;0,0;0,0;1,0;0,0;0,0
CHPB;UNIDADE INTERNAÇÃO - PSIQUIATRIA MÓDULO RESIDENCIAL 2;2020,0;6,0;0,0;0,0;2,0;0,0;0,0
CHPB;UNIDADE INTERNAÇÃO - PSIQUIATRIA MÓDULO RESIDENCIAL 2;2020,0;8,0;0,0;0,0;2,0;0,0;0,0
CHPB;UNIDADE INTERNAÇÃO - PSIQUIATRIA MÓDULO RESIDENCIAL 2;2020,0;9,0;0,0;0,0;1,0;0,0;0,0
CHPB;UNIDADE INTERNAÇÃO - PSIQUIATRIA MÓDULO RESIDENCIAL 2;2020,0;12,0;0,0;0,0;1,0;0,0;0,0
CHPB;UNIDADE INTERNAÇÃO - PSIQUIATRIA MÓDULO RESIDENCIAL 3;2019,0;5,0;0,0;0,0;1,0;0,0;0,0
CHPB;UNIDADE INTERNAÇÃO - PSIQUIATRIA MÓDULO RESIDENCIAL 3;2019,0;10,0;0,0;0,0;1,0;0,0;0,0
CHPB;UNIDADE INTERNAÇÃO - PSIQUIATRIA MÓDULO RESIDENCIAL 3;2020,0;1,0;0,0;0,0;1,0;0,0;0,0
CHPB;UNIDADE INTERNAÇÃO - PSIQUIATRIA MÓDULO RESIDENCIAL 3;2020,0;6,0;1,0;1,0;1,0;1,0;1,0
CHPB;UNIDADE INTERNAÇÃO - PSIQUIATRIA MÓDULO RESIDENCIAL 3;2020,0;11,0;0,0;0,0;1,0;0,0;0,0
CHPB;UNIDADE INTERNAÇÃO - PSIQUIATRIA MÓDULO RESIDENCIAL 4;2019,0;2,0;0,0;0,0;1,0;0,0;0,0
CHPB;UNIDADE INTERNAÇÃO - PSIQUIATRIA MÓDULO RESIDENCIAL 4;2019,0;7,0;0,0;0,0;1,0;0,0;0,0
CHPB;UNIDADE INTERNAÇÃO - PSIQUIATRIA MÓDULO RESIDENCIAL 4;2019,0;10,0;0,0;0,0;1,0;0,0;0,0
CHPB;UNIDADE INTERNAÇÃO - PSIQUIATRIA MÓDULO RESIDENCIAL 4;2020,0;1,0;0,0;0,0;1,0;0,0;0,0
CHPB;UNIDADE INTERNAÇÃO - PSIQUIATRIA MÓDULO RESIDENCIAL 4;2020,0;2,0;0,0;0,0;1,0;0,0;0,0
CHPB;UNIDADE INTERNAÇÃO - PSIQUIATRIA MÓDULO RESIDENCIAL 4;2020,0;4,0;0,0;0,0;1,0;0,0;0,0
CHPB;UNIDADE INTERNAÇÃO - PSIQUIATRIA MÓDULO RESIDENCIAL 4;2020,0;5,0;0,0;0,0;1,0;0,0;0,0
CHPB;UNIDADE INTERNAÇÃO - PSIQUIATRIA MÓDULO RESIDENCIAL 4;2020,0;9,0;0,0;0,0;1,0;0,0;0,0
CHPB;UNIDADE INTERNAÇÃO - PSIQUIATRIA MÓDULO RESIDENCIAL 5;2019,0;5,0;0,0;0,0;3,0;0,0;0,0
CHPB;UNIDADE INTERNAÇÃO - PSIQUIATRIA MÓDULO RESIDENCIAL 5;2019,0;6,0;0,0;0,0;3,0;0,0;0,0
CHPB;UNIDADE INTERNAÇÃO - PSIQUIATRIA MÓDULO RESIDENCIAL 5;2019,0;9,0;0,0;0,0;1,0;0,0;0,0
CHPB;UNIDADE INTERNAÇÃO - PSIQUIATRIA MÓDULO RESIDENCIAL 5;2019,0;12,0;0,0;0,0;1,0;0,0;0,0
CHPB;UNIDADE INTERNAÇÃO - PSIQUIATRIA MÓDULO RESIDENCIAL 5;2020,0;2,0;0,0;0,0;1,0;0,0;0,0
CHPB;UNIDADE INTERNAÇÃO - PSIQUIATRIA MÓDULO RESIDENCIAL 5;2020,0;3,0;0,0;0,0;1,0;0,0;0,0
CHPB;UNIDADE INTERNAÇÃO - PSIQUIATRIA MÓDULO RESIDENCIAL 5;2020,0;9,0;0,0;0,0;1,0;0,0;0,0
CHPB;UNIDADE INTERNAÇÃO - PSIQUIATRIA MÓDULO RESIDENCIAL 5;2020,0;11,0;0,0;0,0;1,0;0,0;0,0
CSPD;UNIDADE DE CUIDADOS CONTINUADOS INTEGRADOS;2022,0;9,0;0,0;0,0;1,0;0,0;0,0
CSPD;UNIDADE DE CUIDADOS CONTINUADOS INTEGRADOS;2022,0;10,0;1,0;1,0;11,0;0,09090909090909091;0,09090909090909091
CSPD;UNIDADE DE CUIDADOS CONTINUADOS INTEGRADOS;2022,0;11,0;1,0;1,0;2,0;0,5;0,5
CSPD;UNIDADE DE CUIDADOS CONTINUADOS INTEGRADOS;2022,0;12,0;2,0;2,0;11,0;0,18181818181818182;0,18181818181818182
CSPD;UNIDADE DE CUIDADOS CONTINUADOS INTEGRADOS;2023,0;1,0;1,0;1,0;8,0;0,125;0,125
CSPD;UNIDADE DE CUIDADOS CONTINUADOS INTEGRADOS;2023,0;2,0;0,0;0,0;7,0;0,0;0,0
CSPD;UNIDADE DE CUIDADOS CONTINUADOS INTEGRADOS;2023,0;3,0;0,0;0,0;7,0;0,0;0,0
CSPD;UNIDADE DE CUIDADOS CONTINUADOS INTEGRADOS;2023,0;4,0;0,0;0,0;8,0;0,0;0,0
CSPD;UNIDADE DE CUIDADOS CONTINUADOS INTEGRADOS;2023,0;5,0;0,0;0,0;11,0;0,0;0,0
CSPD;UNIDADE DE CUIDADOS CONTINUADOS INTEGRADOS;2023,0;6,0;1,0;1,0;10,0;0,1;0,1
CSPD;UNIDADE DE CUIDADOS CONTINUADOS INTEGRADOS;2023,0;7,0;0,0;0,0;11,0;0,0;0,0
CSPD;UNIDADE DE CUIDADOS CONTINUADOS INTEGRADOS;2023,0;8,0;2,0;2,0;10,0;0,2;0,2
CSPD;UNIDADE DE CUIDADOS CONTINUADOS INTEGRADOS;2023,0;9,0;2,0;2,0;12,0;0,16666666666666666;0,16666666666666666
CSPD;UNIDADE DE CUIDADOS CONTINUADOS INTEGRADOS;2023,0;10,0;2,0;2,0;31,0;0,06451612903225806;0,06451612903225806
CSPD;UNIDADE DE CUIDADOS CONTINUADOS INTEGRADOS;2023,0;11,0;1,0;1,0;8,0;0,125;0,125
CSPD;UNIDADE DE INTERNAÇÃO DE CUIDADOS PROLONGADOS;2023,0;11,0;3,0;3,0;23,0;0,13043478260869565;0,13043478260869565
CSPD;UNIDADE DE INTERNAÇÃO DE CUIDADOS PROLONGADOS;2023,0;12,0;3,0;3,0;41,0;0,07317073170731707;0,07317073170731707
CSPD;UNIDADE DE INTERNAÇÃO DE CUIDADOS PROLONGADOS;2024,0;1,0;3,0;3,0;45,0;0,06666666666666667;0,06666666666666667
CSPD;UNIDADE DE INTERNAÇÃO DE CUIDADOS PROLONGADOS;2024,0;2,0;5,0;5,0;31,0;0,16129032258064516;0,16129032258064516
CSPD;UNIDADE DE INTERNAÇÃO DE CUIDADOS PROLONGADOS;2024,0;3,0;8,0;8,0;45,0;0,17777777777777778;0,17777777777777778
CSPD;UNIDADE DE INTERNAÇÃO DE CUIDADOS PROLONGADOS;2024,0;4,0;7,0;7,0;50,0;0,14;0,14
CSPD;UNIDADE DE INTERNAÇÃO DE CUIDADOS PROLONGADOS;2024,0;5,0;7,0;6,0;47,0;0,14893617021276595;0,1276595744680851
CSPD;UNIDADE DE INTERNAÇÃO DE CUIDADOS PROLONGADOS;2024,0;6,0;5,0;4,0;28,0;0,17857142857142858;0,14285714285714285
CSPD;UNIDADE DE INTERNAÇÃO DE CUIDADOS PROLONGADOS;2024,0;7,0;7,0;7,0;40,0;0,175;0,175
CSPD;UNIDADE INTERNAÇÃO - CLINICA MÉDICA;2019,0;1,0;0,0;0,0;33,0;0,0;0,0
CSPD;UNIDADE INTERNAÇÃO - CLINICA MÉDICA;2019,0;2,0;2,0;2,0;44,0;0,045454545454545456;0,045454545454545456
CSPD;UNIDADE INTERNAÇÃO - CLINICA MÉDICA;2019,0;3,0;1,0;1,0;26,0;0,038461538461538464;0,038461538461538464
CSPD;UNIDADE INTERNAÇÃO - CLINICA MÉDICA;2019,0;4,0;1,0;1,0;38,0;0,02631578947368421;0,02631578947368421
CSPD;UNIDADE INTERNAÇÃO - CLINICA MÉDICA;2019,0;5,0;3,0;3,0;36,0;0,08333333333333333;0,08333333333333333
CSPD;UNIDADE INTERNAÇÃO - CLINICA MÉDICA;2019,0;6,0;1,0;1,0;49,0;0,02040816326530612;0,02040816326530612
CSPD;UNIDADE INTERNAÇÃO - CLINICA MÉDICA;2019,0;7,0;1,0;0,0;35,0;0,02857142857142857;0,0
CSPD;UNIDADE INTERNAÇÃO - CLINICA MÉDICA;2019,0;8,0;2,0;2,0;37,0;0,05405405405405406;0,05405405405405406
CSPD;UNIDADE INTERNAÇÃO - CLINICA MÉDICA;2019,0;9,0;3,0;3,0;38,0;0,07894736842105263;0,07894736842105263
CSPD;UNIDADE INTERNAÇÃO - CLINICA MÉDICA;2019,0;10,0;1,0;1,0;34,0;0,029411764705882353;0,029411764705882353
CSPD;UNIDADE INTERNAÇÃO - CLINICA MÉDICA;2019,0;11,0;0,0;0,0;30,0;0,0;0,0
CSPD;UNIDADE INTERNAÇÃO - CLINICA MÉDICA;2019,0;12,0;1,0;1,0;28,0;0,03571428571428571;0,03571428571428571
CSPD;UNIDADE INTERNAÇÃO - CLINICA MÉDICA;2020,0;1,0;3,0;3,0;45,0;0,06666666666666667;0,06666666666666667
CSPD;UNIDADE INTERNAÇÃO - CLINICA MÉDICA;2020,0;2,0;1,0;1,0;47,0;0,02127659574468085;0,02127659574468085
CSPD;UNIDADE INTERNAÇÃO - CLINICA MÉDICA;2020,0;3,0;1,0;1,0;34,0;0,029411764705882353;0,029411764705882353
CSPD;UNIDADE INTERNAÇÃO - CLINICA MÉDICA;2020,0;4,0;1,0;1,0;19,0;0,05263157894736842;0,05263157894736842
CSPD;UNIDADE INTERNAÇÃO - CLINICA MÉDICA;2020,0;5,0;1,0;1,0;20,0;0,05;0,05
CSPD;UNIDADE INTERNAÇÃO - CLINICA MÉDICA;2020,0;6,0;1,0;1,0;23,0;0,043478260869565216;0,043478260869565216
CSPD;UNIDADE INTERNAÇÃO - CLINICA MÉDICA;2020,0;7,0;2,0;2,0;17,0;0,11764705882352941;0,11764705882352941
CSPD;UNIDADE INTERNAÇÃO - CLINICA MÉDICA;2020,0;8,0;1,0;0,0;24,0;0,041666666666666664;0,0
CSPD;UNIDADE INTERNAÇÃO - CLINICA MÉDICA;2020,0;9,0;3,0;3,0;31,0;0,0967741935483871;0,0967741935483871
CSPD;UNIDADE INTERNAÇÃO - CLINICA MÉDICA;2020,0;10,0;1,0;1,0;30,0;0,03333333333333333;0,03333333333333333
CSPD;UNIDADE INTERNAÇÃO - CLINICA MÉDICA;2020,0;11,0;0,0;0,0;18,0;0,0;0,0
CSPD;UNIDADE INTERNAÇÃO - CLINICA MÉDICA;2020,0;12,0;1,0;1,0;32,0;0,03125;0,03125
CSPD;UNIDADE INTERNAÇÃO - CLINICA MÉDICA;2021,0;1,0;0,0;0,0;30,0;0,0;0,0
CSPD;UNIDADE INTERNAÇÃO - CLINICA MÉDICA;2021,0;2,0;0,0;0,0;28,0;0,0;0,0
CSPD;UNIDADE INTERNAÇÃO - CLINICA MÉDICA;2021,0;3,0;1,0;1,0;25,0;0,04;0,04
CSPD;UNIDADE INTERNAÇÃO - CLINICA MÉDICA;2021,0;4,0;2,0;1,0;35,0;0,05714285714285714;0,02857142857142857
CSPD;UNIDADE INTERNAÇÃO - CLINICA MÉDICA;2021,0;5,0;1,0;1,0;25,0;0,04;0,04
CSPD;UNIDADE INTERNAÇÃO - CLINICA MÉDICA;2021,0;6,0;1,0;1,0;35,0;0,02857142857142857;0,02857142857142857
CSPD;UNIDADE INTERNAÇÃO - CLINICA MÉDICA;2021,0;7,0;1,0;1,0;30,0;0,03333333333333333;0,03333333333333333
CSPD;UNIDADE INTERNAÇÃO - CLINICA MÉDICA;2021,0;8,0;2,0;2,0;32,0;0,0625;0,0625
CSPD;UNIDADE INTERNAÇÃO - CLINICA MÉDICA;2021,0;9,0;3,0;3,0;35,0;0,08571428571428572;0,08571428571428572
CSPD;UNIDADE INTERNAÇÃO - CLINICA MÉDICA;2021,0;10,0;1,0;1,0;27,0;0,037037037037037035;0,037037037037037035
CSPD;UNIDADE INTERNAÇÃO - CLINICA MÉDICA;2021,0;11,0;4,0;3,0;40,0;0,1;0,075
CSPD;UNIDADE INTERNAÇÃO - CLINICA MÉDICA;2021,0;12,0;3,0;3,0;36,0;0,08333333333333333;0,08333333333333333
CSPD;UNIDADE INTERNAÇÃO - CLINICA MÉDICA;2022,0;1,0;1,0;1,0;34,0;0,029411764705882353;0,029411764705882353
CSPD;UNIDADE INTERNAÇÃO - CLINICA MÉDICA;2022,0;2,0;1,0;1,0;25,0;0,04;0,04
CSPD;UNIDADE INTERNAÇÃO - CLINICA MÉDICA;2022,0;3,0;3,0;3,0;32,0;0,09375;0,09375
CSPD;UNIDADE INTERNAÇÃO - CLINICA MÉDICA;2022,0;4,0;2,0;2,0;40,0;0,05;0,05
CSPD;UNIDADE INTERNAÇÃO - CLINICA MÉDICA;2022,0;5,0;1,0;0,0;52,0;0,019230769230769232;0,0
CSPD;UNIDADE INTERNAÇÃO - CLINICA MÉDICA;2022,0;6,0;3,0;3,0;36,0;0,08333333333333333;0,08333333333333333
CSPD;UNIDADE INTERNAÇÃO - CLINICA MÉDICA;2022,0;7,0;2,0;2,0;41,0;0,04878048780487805;0,04878048780487805
CSPD;UNIDADE INTERNAÇÃO - CLINICA MÉDICA;2022,0;8,0;1,0;1,0;43,0;0,023255813953488372;0,023255813953488372
CSPD;UNIDADE INTERNAÇÃO - CLINICA MÉDICA;2022,0;9,0;2,0;1,0;38,0;0,05263157894736842;0,02631578947368421
CSPD;UNIDADE INTERNAÇÃO - CLINICA MÉDICA;2022,0;10,0;2,0;2,0;23,0;0,08695652173913043;0,08695652173913043
CSPD;UNIDADE INTERNAÇÃO - CLINICA MÉDICA;2022,0;11,0;1,0;1,0;23,0;0,043478260869565216;0,043478260869565216
CSPD;UNIDADE INTERNAÇÃO - CLINICA MÉDICA;2022,0;12,0;1,0;1,0;21,0;0,047619047619047616;0,047619047619047616
CSPD;UNIDADE INTERNAÇÃO - CLINICA MÉDICA;2023,0;1,0;2,0;2,0;28,0;0,07142857142857142;0,07142857142857142
CSPD;UNIDADE INTERNAÇÃO - CLINICA MÉDICA;2023,0;2,0;1,0;0,0;16,0;0,0625;0,0
CSPD;UNIDADE INTERNAÇÃO - CLINICA MÉDICA;2023,0;3,0;2,0;2,0;30,0;0,06666666666666667;0,06666666666666667
CSPD;UNIDADE INTERNAÇÃO - CLINICA MÉDICA;2023,0;4,0;1,0;1,0;23,0;0,043478260869565216;0,043478260869565216
CSPD;UNIDADE INTERNAÇÃO - CLINICA MÉDICA;2023,0;5,0;1,0;0,0;32,0;0,03125;0,0
CSPD;UNIDADE INTERNAÇÃO - CLINICA MÉDICA;2023,0;6,0;0,0;0,0;21,0;0,0;0,0
CSPD;UNIDADE INTERNAÇÃO - CLINICA MÉDICA;2023,0;7,0;0,0;0,0;19,0;0,0;0,0
CSPD;UNIDADE INTERNAÇÃO - CLINICA MÉDICA;2023,0;8,0;0,0;0,0;32,0;0,0;0,0
CSPD;UNIDADE INTERNAÇÃO - CLINICA MÉDICA;2023,0;9,0;2,0;2,0;21,0;0,09523809523809523;0,09523809523809523
CSPD;UNIDADE INTERNAÇÃO - CLINICA MÉDICA;2023,0;10,0;0,0;0,0;8,0;0,0;0,0
CSSFA;AMBULATORIO - ESPECIALIDADES Consultorios;2019,0;1,0;0,0;0,0;1,0;0,0;0,0
CSSFA;AMBULATORIO - ESPECIALIDADES Consultorios;2021,0;1,0;0,0;0,0;1,0;0,0;0,0
CSSFA;AMBULATORIO - ESPECIALIDADES Consultorios;2021,0;6,0;0,0;0,0;1,0;0,0;0,0
CSSFA;CENTRO DE TRATAMENTO DE LESÕES;2019,0;2,0;0,0;0,0;1,0;0,0;0,0
CSSFA;CENTRO DE TRATAMENTO DE LESÕES;2019,0;5,0;0,0;0,0;1,0;0,0;0,0
CSSFA;UNIDADE DE INTERNACAO CCI Cuidados Continuados Integ;2019,0;1,0;0,0;0,0;4,0;0,0;0,0
CSSFA;UNIDADE DE INTERNACAO CCI Cuidados Continuados Integ;2019,0;2,0;0,0;0,0;11,0;0,0;0,0
CSSFA;UNIDADE DE INTERNACAO CCI Cuidados Continuados Integ;2019,0;3,0;0,0;0,0;10,0;0,0;0,0
CSSFA;UNIDADE DE INTERNACAO CCI Cuidados Continuados Integ;2019,0;4,0;0,0;0,0;13,0;0,0;0,0
CSSFA;UNIDADE DE INTERNACAO CCI Cuidados Continuados Integ;2019,0;5,0;0,0;0,0;8,0;0,0;0,0
CSSFA;UNIDADE DE INTERNACAO CCI Cuidados Continuados Integ;2019,0;6,0;0,0;0,0;13,0;0,0;0,0
CSSFA;UNIDADE DE INTERNACAO CCI Cuidados Continuados Integ;2019,0;7,0;0,0;0,0;23,0;0,0;0,0
CSSFA;UNIDADE DE INTERNACAO CCI Cuidados Continuados Integ;2019,0;8,0;0,0;0,0;11,0;0,0;0,0
CSSFA;UNIDADE DE INTERNACAO CCI Cuidados Continuados Integ;2019,0;9,0;0,0;0,0;12,0;0,0;0,0
CSSFA;UNIDADE DE INTERNACAO CCI Cuidados Continuados Integ;2019,0;10,0;0,0;0,0;16,0;0,0;0,0
CSSFA;UNIDADE DE INTERNACAO CCI Cuidados Continuados Integ;2019,0;11,0;1,0;1,0;22,0;0,045454545454545456;0,045454545454545456
CSSFA;UNIDADE DE INTERNACAO CCI Cuidados Continuados Integ;2019,0;12,0;0,0;0,0;16,0;0,0;0,0
CSSFA;UNIDADE DE INTERNACAO CCI Cuidados Continuados Integ;2020,0;1,0;0,0;0,0;6,0;0,0;0,0
CSSFA;UNIDADE DE INTERNACAO CCI Cuidados Continuados Integ;2020,0;2,0;0,0;0,0;13,0;0,0;0,0
CSSFA;UNIDADE DE INTERNACAO CCI Cuidados Continuados Integ;2020,0;3,0;1,0;1,0;25,0;0,04;0,04
CSSFA;UNIDADE DE INTERNACAO CCI Cuidados Continuados Integ;2020,0;4,0;1,0;1,0;9,0;0,1111111111111111;0,1111111111111111
CSSFA;UNIDADE DE INTERNACAO CCI Cuidados Continuados Integ;2020,0;5,0;0,0;0,0;13,0;0,0;0,0
CSSFA;UNIDADE DE INTERNACAO CCI Cuidados Continuados Integ;2020,0;6,0;0,0;0,0;11,0;0,0;0,0
CSSFA;UNIDADE DE INTERNACAO CCI Cuidados Continuados Integ;2020,0;7,0;1,0;1,0;10,0;0,1;0,1
CSSFA;UNIDADE DE INTERNACAO CCI Cuidados Continuados Integ;2020,0;8,0;0,0;0,0;18,0;0,0;0,0
CSSFA;UNIDADE DE INTERNACAO CCI Cuidados Continuados Integ;2020,0;9,0;1,0;1,0;13,0;0,07692307692307693;0,07692307692307693
CSSFA;UNIDADE DE INTERNACAO CCI Cuidados Continuados Integ;2020,0;10,0;0,0;0,0;19,0;0,0;0,0
CSSFA;UNIDADE DE INTERNACAO CCI Cuidados Continuados Integ;2020,0;11,0;0,0;0,0;14,0;0,0;0,0
CSSFA;UNIDADE DE INTERNACAO CCI Cuidados Continuados Integ;2020,0;12,0;0,0;0,0;22,0;0,0;0,0
CSSFA;UNIDADE DE INTERNACAO CCI Cuidados Continuados Integ;2021,0;1,0;1,0;1,0;17,0;0,058823529411764705;0,058823529411764705
CSSFA;UNIDADE DE INTERNACAO CCI Cuidados Continuados Integ;2021,0;2,0;0,0;0,0;23,0;0,0;0,0
CSSFA;UNIDADE DE INTERNACAO CCI Cuidados Continuados Integ;2021,0;3,0;1,0;1,0;22,0;0,045454545454545456;0,045454545454545456
CSSFA;UNIDADE DE INTERNACAO CCI Cuidados Continuados Integ;2021,0;4,0;1,0;0,0;20,0;0,05;0,0
CSSFA;UNIDADE DE INTERNACAO CCI Cuidados Continuados Integ;2021,0;5,0;0,0;0,0;29,0;0,0;0,0
CSSFA;UNIDADE DE INTERNACAO CCI Cuidados Continuados Integ;2021,0;6,0;0,0;0,0;27,0;0,0;0,0
CSSFA;UNIDADE DE INTERNACAO CCI Cuidados Continuados Integ;2021,0;7,0;0,0;0,0;22,0;0,0;0,0
CSSFA;UNIDADE DE INTERNACAO CCI Cuidados Continuados Integ;2021,0;8,0;1,0;1,0;26,0;0,038461538461538464;0,038461538461538464
CSSFA;UNIDADE DE INTERNACAO CCI Cuidados Continuados Integ;2021,0;9,0;0,0;0,0;21,0;0,0;0,0
CSSFA;UNIDADE DE INTERNACAO CCI Cuidados Continuados Integ;2021,0;10,0;1,0;1,0;25,0;0,04;0,04
CSSFA;UNIDADE DE INTERNACAO CCI Cuidados Continuados Integ;2021,0;11,0;2,0;2,0;25,0;0,08;0,08
CSSFA;UNIDADE DE INTERNACAO CCI Cuidados Continuados Integ;2021,0;12,0;0,0;0,0;17,0;0,0;0,0
CSSFA;UNIDADE DE INTERNACAO CCI Cuidados Continuados Integ;2022,0;1,0;1,0;1,0;22,0;0,045454545454545456;0,045454545454545456
CSSFA;UNIDADE DE INTERNACAO CCI Cuidados Continuados Integ;2022,0;2,0;0,0;0,0;13,0;0,0;0,0
CSSFA;UNIDADE DE INTERNACAO CCI Cuidados Continuados Integ;2022,0;3,0;1,0;1,0;23,0;0,043478260869565216;0,043478260869565216
CSSFA;UNIDADE DE INTERNACAO CCI Cuidados Continuados Integ;2022,0;4,0;1,0;1,0;30,0;0,03333333333333333;0,03333333333333333
CSSFA;UNIDADE DE INTERNACAO CCI Cuidados Continuados Integ;2022,0;5,0;1,0;1,0;20,0;0,05;0,05
CSSFA;UNIDADE DE INTERNACAO CCI Cuidados Continuados Integ;2022,0;6,0;0,0;0,0;24,0;0,0;0,0
CSSFA;UNIDADE DE INTERNACAO CCI Cuidados Continuados Integ;2022,0;7,0;3,0;3,0;29,0;0,10344827586206896;0,10344827586206896
CSSFA;UNIDADE DE INTERNACAO CCI Cuidados Continuados Integ;2022,0;8,0;1,0;1,0;23,0;0,043478260869565216;0,043478260869565216
CSSFA;UNIDADE DE INTERNACAO CCI Cuidados Continuados Integ;2022,0;9,0;3,0;2,0;24,0;0,125;0,08333333333333333
CSSFA;UNIDADE DE INTERNACAO CCI Cuidados Continuados Integ;2022,0;10,0;3,0;3,0;23,0;0,13043478260869565;0,13043478260869565
CSSFA;UNIDADE DE INTERNACAO CCI Cuidados Continuados Integ;2022,0;11,0;0,0;0,0;23,0;0,0;0,0
CSSFA;UNIDADE DE INTERNACAO CCI Cuidados Continuados Integ;2022,0;12,0;2,0;2,0;27,0;0,07407407407407407;0,07407407407407407
CSSFA;UNIDADE DE INTERNACAO CCI Cuidados Continuados Integ;2023,0;1,0;1,0;1,0;13,0;0,07692307692307693;0,07692307692307693
CSSFA;UNIDADE DE INTERNACAO CCI Cuidados Continuados Integ;2023,0;2,0;0,0;0,0;12,0;0,0;0,0
CSSFA;UNIDADE DE INTERNACAO CCI Cuidados Continuados Integ;2023,0;3,0;0,0;0,0;32,0;0,0;0,0
CSSFA;UNIDADE DE INTERNACAO CCI Cuidados Continuados Integ;2023,0;4,0;1,0;0,0;18,0;0,05555555555555555;0,0
CSSFA;UNIDADE DE INTERNACAO CCI Cuidados Continuados Integ;2023,0;5,0;0,0;0,0;14,0;0,0;0,0
CSSFA;UNIDADE DE INTERNACAO CCI Cuidados Continuados Integ;2023,0;6,0;2,0;2,0;16,0;0,125;0,125
CSSFA;UNIDADE DE INTERNACAO CCI Cuidados Continuados Integ;2023,0;7,0;3,0;3,0;12,0;0,25;0,25
CSSFA;UNIDADE DE INTERNACAO CCI Cuidados Continuados Integ;2023,0;8,0;1,0;1,0;18,0;0,05555555555555555;0,05555555555555555
CSSFA;UNIDADE DE INTERNACAO CCI Cuidados Continuados Integ;2023,0;9,0;0,0;0,0;11,0;0,0;0,0
CSSFA;UNIDADE DE INTERNACAO CCI Cuidados Continuados Integ;2023,0;10,0;1,0;1,0;19,0;0,05263157894736842;0,05263157894736842
CSSFA;UNIDADE DE INTERNACAO CCI Cuidados Continuados Integ;2023,0;11,0;0,0;0,0;12,0;0,0;0,0
CSSFA;UNIDADE DE INTERNACAO CCI Cuidados Continuados Integ;2023,0;12,0;0,0;0,0;19,0;0,0;0,0
CSSFA;UNIDADE DE INTERNACAO CCI Cuidados Continuados Integ;2024,0;1,0;0,0;0,0;14,0;0,0;0,0
CSSFA;UNIDADE DE INTERNACAO CCI Cuidados Continuados Integ;2024,0;2,0;0,0;0,0;10,0;0,0;0,0
CSSFA;UNIDADE DE INTERNACAO CCI Cuidados Continuados Integ;2024,0;3,0;2,0;2,0;30,0;0,06666666666666667;0,06666666666666667
CSSFA;UNIDADE DE INTERNACAO CCI Cuidados Continuados Integ;2024,0;4,0;0,0;0,0;24,0;0,0;0,0
CSSFA;UNIDADE DE INTERNACAO CCI Cuidados Continuados Integ;2024,0;5,0;2,0;2,0;24,0;0,08333333333333333;0,08333333333333333
CSSFA;UNIDADE DE INTERNACAO CCI Cuidados Continuados Integ;2024,0;6,0;0,0;0,0;12,0;0,0;0,0
CSSFA;UNIDADE DE INTERNACAO CCI Cuidados Continuados Integ;2024,0;7,0;1,0;1,0;22,0;0,045454545454545456;0,045454545454545456
CSSFA;UNIDADE DE INTERNACAO CCI Cuidados Continuados Integ;2024,0;8,0;0,0;0,0;35,0;0,0;0,0
CSSFA;UNIDADE DE INTERNACAO CCI Cuidados Continuados Integ;2024,0;9,0;2,0;2,0;20,0;0,1;0,1
CSSFA;UNIDADE DE INTERNACAO CCI Cuidados Continuados Integ;2024,0;10,0;0,0;0,0;28,0;0,0;0,0
CSSFA;UNIDADE DE INTERNACAO CCI Cuidados Continuados Integ;2024,0;11,0;0,0;0,0;19,0;0,0;0,0
CSSFA;UNIDADE DE INTERNACAO CCI Cuidados Continuados Integ;2024,0;12,0;0,0;0,0;20,0;0,0;0,0
CSSFA;UNIDADE DE INTERNACAO CCI Cuidados Continuados Integ;2025,0;1,0;0,0;0,0;21,0;0,0;0,0
CSSFA;UNIDADE DE INTERNACAO CCI Cuidados Continuados Integ;2025,0;2,0;1,0;1,0;17,0;0,058823529411764705;0,058823529411764705
CSSFA;UNIDADE DE INTERNACAO CCI Cuidados Continuados Integ;2025,0;3,0;0,0;0,0;13,0;0,0;0,0
CSSFA;UNIDADE DE INTERNACAO CCI Cuidados Continuados Integ;2025,0;4,0;1,0;1,0;18,0;0,05555555555555555;0,05555555555555555
CSSFA;UNIDADE DE INTERNACAO CCI Cuidados Continuados Integ;2025,0;5,0;1,0;1,0;19,0;0,05263157894736842;0,05263157894736842
CSSFA;UNIDADE DE INTERNACAO CCI Cuidados Continuados Integ;2025,0;6,0;1,0;1,0;17,0;0,058823529411764705;0,058823529411764705
CSSFA;UNIDADE DE INTERNACAO CCI Cuidados Continuados Integ;2025,0;7,0;1,0;1,0;20,0;0,05;0,05
CSSFA;UNIDADE DE INTERNACAO CCI Cuidados Continuados Integ;2025,0;8,0;1,0;1,0;26,0;0,038461538461538464;0,038461538461538464
CSSFA;UNIDADE DE INTERNACAO CCI Cuidados Continuados Integ;2025,0;9,0;0,0;0,0;15,0;0,0;0,0
CSSFA;UNIDADE DE INTERNACAO CCI Cuidados Continuados Integ;2025,0;10,0;0,0;0,0;16,0;0,0;0,0
CSSFA;UNIDADE DE INTERNACAO CCI Cuidados Continuados Integ;2025,0;11,0;0,0;0,0;19,0;0,0;0,0
CSSFA;UNIDADE DE INTERNACAO CCI Cuidados Continuados Integ;2025,0;12,0;2,0;2,0;18,0;0,1111111111111111;0,1111111111111111
CSSFA;UNIDADE DE INTERNACAO CCI Cuidados Continuados Integ;2026,0;1,0;0,0;0,0;12,0;0,0;0,0
CSSFA;UNIDADE DE INTERNACAO CCI Cuidados Continuados Integ;2026,0;2,0;0,0;0,0;18,0;0,0;0,0
CSSFA;UNIDADE DE INTERNACAO CCI Cuidados Continuados Integ;2026,0;3,0;1,0;1,0;20,0;0,05;0,05
CSSFA;UNIDADE DE INTERNACAO CCI Cuidados Continuados Integ;2026,0;4,0;2,0;2,0;23,0;0,08695652173913043;0,08695652173913043
CSSFA;UNIDADE DE INTERNACAO CCI Cuidados Continuados Integ;2026,0;5,0;2,0;2,0;24,0;0,08333333333333333;0,08333333333333333
CSSFA;UNIDADE DE INTERNACAO CCI Cuidados Continuados Integ;2026,0;6,0;0,0;0,0;12,0;0,0;0,0
CSSFA;UNIDADE DE INTERNACAO CCI Cuidados Continuados Integ;2026,0;7,0;3,0;3,0;28,0;0,10714285714285714;0,10714285714285714
CSSFA;UNIDADE DE INTERNACAO CCI Cuidados Continuados Integ;2026,0;8,0;0,0;0,0;21,0;0,0;0,0
CSSFA;UNIDADE INTERNAÇÃO - CLINICA CIRURGICA;2019,0;10,0;0,0;0,0;5,0;0,0;0,0
CSSFA;UNIDADE INTERNAÇÃO - CLINICA CIRURGICA;2019,0;11,0;0,0;0,0;11,0;0,0;0,0
CSSFA;UNIDADE INTERNAÇÃO - CLINICA CIRURGICA;2019,0;12,0;0,0;0,0;10,0;0,0;0,0
CSSFA;UNIDADE INTERNAÇÃO - CLINICA CIRURGICA;2020,0;2,0;0,0;0,0;1,0;0,0;0,0
CSSFA;UNIDADE INTERNAÇÃO - CLINICA CIRURGICA;2020,0;3,0;0,0;0,0;1,0;0,0;0,0
CSSFA;UNIDADE INTERNAÇÃO - CLINICA MÉDICA;2019,0;5,0;0,0;0,0;4,0;0,0;0,0
CSSFA;UNIDADE INTERNAÇÃO - CLINICA MÉDICA;2019,0;6,0;0,0;0,0;2,0;0,0;0,0
CSSFA;UNIDADE INTERNAÇÃO - CLINICA MÉDICA;2019,0;7,0;0,0;0,0;3,0;0,0;0,0
CSSFA;UNIDADE INTERNAÇÃO - CLINICA MÉDICA;2019,0;8,0;0,0;0,0;3,0;0,0;0,0
CSSFA;UNIDADE INTERNAÇÃO - CLINICA MÉDICA;2019,0;9,0;0,0;0,0;2,0;0,0;0,0
CSSFA;UNIDADE INTERNAÇÃO - CLINICA MÉDICA;2019,0;11,0;1,0;1,0;2,0;0,5;0,5
CSSFA;UNIDADE INTERNAÇÃO - CLINICA MÉDICA;2019,0;12,0;0,0;0,0;2,0;0,0;0,0
CSSFA;UNIDADE INTERNAÇÃO - CLINICA MÉDICA;2020,0;1,0;0,0;0,0;1,0;0,0;0,0
CSSFA;UNIDADE INTERNAÇÃO - CLINICA MÉDICA;2020,0;2,0;0,0;0,0;1,0;0,0;0,0
CSSFA;UNIDADE INTERNAÇÃO - CLINICA MÉDICA;2020,0;3,0;0,0;0,0;5,0;0,0;0,0
CSSFA;UNIDADE INTERNAÇÃO - CLINICA MÉDICA;2020,0;4,0;0,0;0,0;1,0;0,0;0,0
CSSFA;UNIDADE INTERNAÇÃO - CLINICA MÉDICA;2020,0;9,0;0,0;0,0;2,0;0,0;0,0
CSSFA;UNIDADE INTERNAÇÃO - CLINICA MÉDICA;2020,0;12,0;0,0;0,0;2,0;0,0;0,0
CSSFA;UNIDADE INTERNAÇÃO - CLINICA MÉDICA;2021,0;1,0;0,0;0,0;2,0;0,0;0,0
CSSFA;UNIDADE INTERNAÇÃO - CLINICA MÉDICA;2021,0;2,0;0,0;0,0;6,0;0,0;0,0
CSSFA;UNIDADE INTERNAÇÃO - CLINICA MÉDICA;2021,0;3,0;0,0;0,0;2,0;0,0;0,0
CSSFA;UNIDADE INTERNAÇÃO - CLINICA MÉDICA;2021,0;5,0;0,0;0,0;3,0;0,0;0,0
CSSFA;UNIDADE INTERNAÇÃO - CLINICA MÉDICA;2021,0;6,0;0,0;0,0;1,0;0,0;0,0
CSSFA;UNIDADE INTERNAÇÃO - CLINICA MÉDICA;2021,0;7,0;0,0;0,0;3,0;0,0;0,0
CSSFA;UNIDADE INTERNAÇÃO - CLINICA MÉDICA;2021,0;8,0;0,0;0,0;2,0;0,0;0,0
CSSFA;UNIDADE INTERNAÇÃO - CLINICA MÉDICA;2022,0;6,0;0,0;0,0;2,0;0,0;0,0
CSSFA;UNIDADE INTERNAÇÃO - CLINICA MÉDICA;2022,0;7,0;0,0;0,0;3,0;0,0;0,0
CSSFA;UNIDADE INTERNAÇÃO - CLINICA MÉDICA;2022,0;9,0;0,0;0,0;3,0;0,0;0,0
CSSFA;UNIDADE INTERNAÇÃO - CLINICA MÉDICA;2023,0;3,0;0,0;0,0;1,0;0,0;0,0
CSSFA;UNIDADE INTERNAÇÃO - CLINICA MÉDICA;2023,0;5,0;0,0;0,0;2,0;0,0;0,0
CSSFA;UNIDADE INTERNAÇÃO - CLINICA MÉDICA;2023,0;6,0;0,0;0,0;4,0;0,0;0,0
CSSFA;UNIDADE INTERNAÇÃO - CLINICA MÉDICA;2023,0;7,0;0,0;0,0;4,0;0,0;0,0
CSSFA;UNIDADE INTERNAÇÃO - CLINICA MÉDICA;2023,0;8,0;0,0;0,0;4,0;0,0;0,0
CSSFA;UNIDADE INTERNAÇÃO - CLINICA MÉDICA;2023,0;9,0;1,0;1,0;6,0;0,16666666666666666;0,16666666666666666
CSSFA;UNIDADE INTERNAÇÃO - CLINICA MÉDICA;2023,0;10,0;0,0;0,0;5,0;0,0;0,0
CSSFA;UNIDADE INTERNAÇÃO - CLINICA MÉDICA;2023,0;11,0;0,0;0,0;1,0;0,0;0,0
CSSFE;AMBULATORIO - ESPECIALIDADES;2023,0;10,0;0,0;0,0;1,0;0,0;0,0
CSSFE;UNIDADE DE CUIDADOS CONTINUADOS INTEGRADOS;2023,0;5,0;0,0;0,0;1,0;0,0;0,0
CSSFE;UNIDADE DE CUIDADOS CONTINUADOS INTEGRADOS;2023,0;6,0;0,0;0,0;5,0;0,0;0,0
CSSFE;UNIDADE DE CUIDADOS CONTINUADOS INTEGRADOS;2023,0;7,0;0,0;0,0;5,0;0,0;0,0
CSSFE;UNIDADE DE CUIDADOS CONTINUADOS INTEGRADOS;2023,0;8,0;0,0;0,0;5,0;0,0;0,0
CSSFE;UNIDADE DE CUIDADOS CONTINUADOS INTEGRADOS;2023,0;9,0;0,0;0,0;8,0;0,0;0,0
CSSFE;UNIDADE DE CUIDADOS CONTINUADOS INTEGRADOS;2023,0;10,0;0,0;0,0;7,0;0,0;0,0
CSSFE;UNIDADE DE CUIDADOS CONTINUADOS INTEGRADOS;2023,0;11,0;0,0;0,0;5,0;0,0;0,0
CSSFE;UNIDADE DE CUIDADOS PROLONGADOS;2023,0;12,0;1,0;1,0;4,0;0,25;0,25
CSSFE;UNIDADE DE CUIDADOS PROLONGADOS;2024,0;1,0;0,0;0,0;4,0;0,0;0,0
CSSFE;UNIDADE DE CUIDADOS PROLONGADOS;2024,0;2,0;0,0;0,0;4,0;0,0;0,0
CSSFE;UNIDADE DE CUIDADOS PROLONGADOS;2024,0;3,0;0,0;0,0;12,0;0,0;0,0
CSSFE;UNIDADE DE CUIDADOS PROLONGADOS;2024,0;4,0;0,0;0,0;13,0;0,0;0,0
CSSFE;UNIDADE DE CUIDADOS PROLONGADOS;2024,0;5,0;0,0;0,0;4,0;0,0;0,0
CSSFE;UNIDADE DE CUIDADOS PROLONGADOS;2024,0;6,0;0,0;0,0;7,0;0,0;0,0
CSSFE;UNIDADE DE CUIDADOS PROLONGADOS;2024,0;7,0;0,0;0,0;2,0;0,0;0,0
CSSFE;UNIDADE DE CUIDADOS PROLONGADOS;2024,0;8,0;0,0;0,0;5,0;0,0;0,0
CSSFE;UNIDADE DE CUIDADOS PROLONGADOS;2024,0;9,0;0,0;0,0;5,0;0,0;0,0
CSSFE;UNIDADE DE CUIDADOS PROLONGADOS;2024,0;10,0;0,0;0,0;1,0;0,0;0,0
CSSFE;UNIDADE DE CUIDADOS PROLONGADOS;2024,0;11,0;0,0;0,0;6,0;0,0;0,0
CSSFE;UNIDADE DE CUIDADOS PROLONGADOS;2024,0;12,0;0,0;0,0;6,0;0,0;0,0
CSSFE;UNIDADE DE CUIDADOS PROLONGADOS;2025,0;1,0;0,0;0,0;5,0;0,0;0,0
CSSFE;UNIDADE DE CUIDADOS PROLONGADOS;2025,0;2,0;0,0;0,0;4,0;0,0;0,0
CSSFE;UNIDADE DE INTERNAÇÃO - CLÍNICA MÉDICA;2023,0;11,0;0,0;0,0;1,0;0,0;0,0
CSSFE;UNIDADE DE INTERNAÇÃO - CLÍNICA MÉDICA;2023,0;12,0;3,0;3,0;5,0;0,6;0,6
CSSFE;UNIDADE DE INTERNAÇÃO - CLÍNICA MÉDICA;2024,0;1,0;1,0;1,0;8,0;0,125;0,125
CSSFE;UNIDADE DE INTERNAÇÃO - CLÍNICA MÉDICA;2024,0;2,0;0,0;0,0;11,0;0,0;0,0
CSSFE;UNIDADE DE INTERNAÇÃO - CLÍNICA MÉDICA;2024,0;3,0;0,0;0,0;9,0;0,0;0,0
CSSFE;UNIDADE DE INTERNAÇÃO - CLÍNICA MÉDICA;2024,0;4,0;0,0;0,0;17,0;0,0;0,0
CSSFE;UNIDADE DE INTERNAÇÃO - CLÍNICA MÉDICA;2024,0;5,0;2,0;2,0;14,0;0,14285714285714285;0,14285714285714285
CSSFE;UNIDADE DE INTERNAÇÃO - CLÍNICA MÉDICA;2024,0;6,0;0,0;0,0;6,0;0,0;0,0
CSSFE;UNIDADE DE INTERNAÇÃO - CLÍNICA MÉDICA;2024,0;7,0;0,0;0,0;16,0;0,0;0,0
CSSFE;UNIDADE DE INTERNAÇÃO - CLÍNICA MÉDICA;2024,0;8,0;1,0;1,0;6,0;0,16666666666666666;0,16666666666666666
CSSFE;UNIDADE DE INTERNAÇÃO - CLÍNICA MÉDICA;2024,0;9,0;0,0;0,0;11,0;0,0;0,0
CSSFE;UNIDADE DE INTERNAÇÃO - CLÍNICA MÉDICA;2024,0;10,0;0,0;0,0;10,0;0,0;0,0
CSSFE;UNIDADE DE INTERNAÇÃO - CLÍNICA MÉDICA;2024,0;11,0;0,0;0,0;10,0;0,0;0,0
CSSFE;UNIDADE DE INTERNAÇÃO - CLÍNICA MÉDICA;2024,0;12,0;0,0;0,0;6,0;0,0;0,0
CSSFE;UNIDADE DE INTERNAÇÃO - CLÍNICA MÉDICA;2025,0;1,0;0,0;0,0;4,0;0,0;0,0
CSSFE;UNIDADE DE INTERNAÇÃO - CLÍNICA MÉDICA;2025,0;2,0;0,0;0,0;7,0;0,0;0,0
CSSFE;UNIDADE INTERNAÇÃO - CLINICA MÉDICA;2019,0;1,0;1,0;1,0;12,0;0,08333333333333333;0,08333333333333333
CSSFE;UNIDADE INTERNAÇÃO - CLINICA MÉDICA;2019,0;2,0;0,0;0,0;19,0;0,0;0,0
CSSFE;UNIDADE INTERNAÇÃO - CLINICA MÉDICA;2019,0;3,0;0,0;0,0;13,0;0,0;0,0
CSSFE;UNIDADE INTERNAÇÃO - CLINICA MÉDICA;2019,0;4,0;0,0;0,0;13,0;0,0;0,0
CSSFE;UNIDADE INTERNAÇÃO - CLINICA MÉDICA;2019,0;5,0;0,0;0,0;11,0;0,0;0,0
CSSFE;UNIDADE INTERNAÇÃO - CLINICA MÉDICA;2019,0;6,0;1,0;1,0;18,0;0,05555555555555555;0,05555555555555555
CSSFE;UNIDADE INTERNAÇÃO - CLINICA MÉDICA;2019,0;7,0;0,0;0,0;15,0;0,0;0,0
CSSFE;UNIDADE INTERNAÇÃO - CLINICA MÉDICA;2019,0;8,0;0,0;0,0;12,0;0,0;0,0
CSSFE;UNIDADE INTERNAÇÃO - CLINICA MÉDICA;2019,0;9,0;0,0;0,0;16,0;0,0;0,0
CSSFE;UNIDADE INTERNAÇÃO - CLINICA MÉDICA;2019,0;10,0;0,0;0,0;23,0;0,0;0,0
CSSFE;UNIDADE INTERNAÇÃO - CLINICA MÉDICA;2019,0;11,0;0,0;0,0;16,0;0,0;0,0
CSSFE;UNIDADE INTERNAÇÃO - CLINICA MÉDICA;2019,0;12,0;1,0;1,0;21,0;0,047619047619047616;0,047619047619047616
CSSFE;UNIDADE INTERNAÇÃO - CLINICA MÉDICA;2020,0;1,0;0,0;0,0;8,0;0,0;0,0
CSSFE;UNIDADE INTERNAÇÃO - CLINICA MÉDICA;2020,0;2,0;0,0;0,0;17,0;0,0;0,0
CSSFE;UNIDADE INTERNAÇÃO - CLINICA MÉDICA;2020,0;3,0;3,0;3,0;12,0;0,25;0,25
CSSFE;UNIDADE INTERNAÇÃO - CLINICA MÉDICA;2020,0;4,0;2,0;2,0;13,0;0,15384615384615385;0,15384615384615385
CSSFE;UNIDADE INTERNAÇÃO - CLINICA MÉDICA;2020,0;5,0;1,0;1,0;10,0;0,1;0,1
CSSFE;UNIDADE INTERNAÇÃO - CLINICA MÉDICA;2020,0;6,0;0,0;0,0;9,0;0,0;0,0
CSSFE;UNIDADE INTERNAÇÃO - CLINICA MÉDICA;2020,0;7,0;0,0;0,0;15,0;0,0;0,0
CSSFE;UNIDADE INTERNAÇÃO - CLINICA MÉDICA;2020,0;8,0;0,0;0,0;10,0;0,0;0,0
CSSFE;UNIDADE INTERNAÇÃO - CLINICA MÉDICA;2020,0;9,0;0,0;0,0;6,0;0,0;0,0
CSSFE;UNIDADE INTERNAÇÃO - CLINICA MÉDICA;2020,0;10,0;0,0;0,0;10,0;0,0;0,0
CSSFE;UNIDADE INTERNAÇÃO - CLINICA MÉDICA;2020,0;11,0;1,0;1,0;16,0;0,0625;0,0625
CSSFE;UNIDADE INTERNAÇÃO - CLINICA MÉDICA;2020,0;12,0;1,0;1,0;28,0;0,03571428571428571;0,03571428571428571
CSSFE;UNIDADE INTERNAÇÃO - CLINICA MÉDICA;2021,0;1,0;0,0;0,0;16,0;0,0;0,0
CSSFE;UNIDADE INTERNAÇÃO - CLINICA MÉDICA;2021,0;2,0;0,0;0,0;33,0;0,0;0,0
CSSFE;UNIDADE INTERNAÇÃO - CLINICA MÉDICA;2021,0;3,0;1,0;1,0;38,0;0,02631578947368421;0,02631578947368421
CSSFE;UNIDADE INTERNAÇÃO - CLINICA MÉDICA;2021,0;4,0;1,0;1,0;34,0;0,029411764705882353;0,029411764705882353
CSSFE;UNIDADE INTERNAÇÃO - CLINICA MÉDICA;2021,0;5,0;0,0;0,0;40,0;0,0;0,0
CSSFE;UNIDADE INTERNAÇÃO - CLINICA MÉDICA;2021,0;6,0;2,0;2,0;45,0;0,044444444444444446;0,044444444444444446
CSSFE;UNIDADE INTERNAÇÃO - CLINICA MÉDICA;2021,0;7,0;2,0;0,0;24,0;0,08333333333333333;0,0
CSSFE;UNIDADE INTERNAÇÃO - CLINICA MÉDICA;2021,0;8,0;1,0;1,0;37,0;0,02702702702702703;0,02702702702702703
CSSFE;UNIDADE INTERNAÇÃO - CLINICA MÉDICA;2021,0;9,0;0,0;0,0;49,0;0,0;0,0
CSSFE;UNIDADE INTERNAÇÃO - CLINICA MÉDICA;2021,0;10,0;0,0;0,0;49,0;0,0;0,0
CSSFE;UNIDADE INTERNAÇÃO - CLINICA MÉDICA;2021,0;11,0;0,0;0,0;40,0;0,0;0,0
CSSFE;UNIDADE INTERNAÇÃO - CLINICA MÉDICA;2021,0;12,0;0,0;0,0;25,0;0,0;0,0
CSSFE;UNIDADE INTERNAÇÃO - CLINICA MÉDICA;2022,0;1,0;0,0;0,0;42,0;0,0;0,0
CSSFE;UNIDADE INTERNAÇÃO - CLINICA MÉDICA;2022,0;2,0;0,0;0,0;17,0;0,0;0,0
CSSFE;UNIDADE INTERNAÇÃO - CLINICA MÉDICA;2022,0;3,0;0,0;0,0;51,0;0,0;0,0
CSSFE;UNIDADE INTERNAÇÃO - CLINICA MÉDICA;2022,0;4,0;1,0;1,0;44,0;0,022727272727272728;0,022727272727272728
CSSFE;UNIDADE INTERNAÇÃO - CLINICA MÉDICA;2022,0;5,0;1,0;1,0;43,0;0,023255813953488372;0,023255813953488372
CSSFE;UNIDADE INTERNAÇÃO - CLINICA MÉDICA;2022,0;6,0;1,0;1,0;48,0;0,020833333333333332;0,020833333333333332
CSSFE;UNIDADE INTERNAÇÃO - CLINICA MÉDICA;2022,0;7,0;1,0;1,0;44,0;0,022727272727272728;0,022727272727272728
CSSFE;UNIDADE INTERNAÇÃO - CLINICA MÉDICA;2022,0;8,0;1,0;1,0;61,0;0,01639344262295082;0,01639344262295082
CSSFE;UNIDADE INTERNAÇÃO - CLINICA MÉDICA;2022,0;9,0;1,0;1,0;44,0;0,022727272727272728;0,022727272727272728
CSSFE;UNIDADE INTERNAÇÃO - CLINICA MÉDICA;2022,0;10,0;0,0;0,0;36,0;0,0;0,0
CSSFE;UNIDADE INTERNAÇÃO - CLINICA MÉDICA;2022,0;11,0;0,0;0,0;27,0;0,0;0,0
CSSFE;UNIDADE INTERNAÇÃO - CLINICA MÉDICA;2022,0;12,0;0,0;0,0;27,0;0,0;0,0
CSSFE;UNIDADE INTERNAÇÃO - CLINICA MÉDICA;2023,0;1,0;0,0;0,0;23,0;0,0;0,0
CSSFE;UNIDADE INTERNAÇÃO - CLINICA MÉDICA;2023,0;2,0;1,0;1,0;35,0;0,02857142857142857;0,02857142857142857
CSSFE;UNIDADE INTERNAÇÃO - CLINICA MÉDICA;2023,0;3,0;0,0;0,0;27,0;0,0;0,0
CSSFE;UNIDADE INTERNAÇÃO - CLINICA MÉDICA;2023,0;4,0;1,0;1,0;20,0;0,05;0,05
CSSFE;UNIDADE INTERNAÇÃO - CLINICA MÉDICA;2023,0;5,0;1,0;1,0;25,0;0,04;0,04
CSSFE;UNIDADE INTERNAÇÃO - CLINICA MÉDICA;2023,0;6,0;0,0;0,0;7,0;0,0;0,0
CSSFE;UNIDADE INTERNAÇÃO - CLINICA MÉDICA;2023,0;7,0;0,0;0,0;9,0;0,0;0,0
CSSFE;UNIDADE INTERNAÇÃO - CLINICA MÉDICA;2023,0;8,0;0,0;0,0;14,0;0,0;0,0
CSSFE;UNIDADE INTERNAÇÃO - CLINICA MÉDICA;2023,0;9,0;0,0;0,0;6,0;0,0;0,0
CSSFE;UNIDADE INTERNAÇÃO - CLINICA MÉDICA;2023,0;10,0;1,0;1,0;9,0;0,1111111111111111;0,1111111111111111
CSSFE;UNIDADE INTERNAÇÃO - CLINICA MÉDICA;2023,0;11,0;0,0;0,0;3,0;0,0;0,0
CSSI;AMBULATORIO - ESPECIALIDADES;2021,0;8,0;0,0;0,0;1,0;0,0;0,0
CSSI;CENTRO DE TRATAMENTO DE LESÕES;2022,0;9,0;0,0;0,0;1,0;0,0;0,0
CSSI;CLINICA MEDICA ALA A;2023,0;9,0;0,0;0,0;1,0;0,0;0,0
CSSI;CLINICA MEDICA ALA A;2023,0;10,0;1,0;1,0;16,0;0,0625;0,0625
CSSI;CLINICA MEDICA ALA A;2023,0;11,0;0,0;0,0;7,0;0,0;0,0
CSSI;CLINICA MEDICA ALA A;2023,0;12,0;0,0;0,0;23,0;0,0;0,0
CSSI;CLINICA MEDICA ALA A;2024,0;1,0;0,0;0,0;26,0;0,0;0,0
CSSI;CLINICA MEDICA ALA A;2024,0;2,0;0,0;0,0;32,0;0,0;0,0
CSSI;CLINICA MEDICA ALA A;2024,0;3,0;0,0;0,0;33,0;0,0;0,0
CSSI;CLINICA MEDICA ALA A;2024,0;4,0;1,0;1,0;24,0;0,041666666666666664;0,041666666666666664
CSSI;CLINICA MEDICA ALA A;2024,0;5,0;0,0;0,0;5,0;0,0;0,0
CSSI;CLINICA MEDICA ALA A;2025,0;6,0;0,0;0,0;5,0;0,0;0,0
CSSI;CLINICA MEDICA ALA A;2025,0;7,0;0,0;0,0;11,0;0,0;0,0
CSSI;CLINICA MEDICA ALA A;2025,0;8,0;0,0;0,0;30,0;0,0;0,0
CSSI;CLINICA MEDICA ALA A;2025,0;9,0;0,0;0,0;20,0;0,0;0,0
CSSI;CLINICA MEDICA ALA A;2025,0;10,0;0,0;0,0;5,0;0,0;0,0
CSSI;CLINICA MEDICA ALA A;2025,0;11,0;0,0;0,0;9,0;0,0;0,0
CSSI;CLINICA MEDICA ALA A;2025,0;12,0;0,0;0,0;9,0;0,0;0,0
CSSI;CLINICA MEDICA ALA A;2026,0;1,0;0,0;0,0;11,0;0,0;0,0
CSSI;CLINICA MEDICA ALA A;2026,0;2,0;0,0;0,0;10,0;0,0;0,0
CSSI;CLINICA MEDICA ALA A;2026,0;3,0;0,0;0,0;15,0;0,0;0,0
CSSI;CLINICA MEDICA ALA A;2026,0;4,0;0,0;0,0;10,0;0,0;0,0
CSSI;CLINICA MEDICA ALA A;2026,0;5,0;0,0;0,0;12,0;0,0;0,0
CSSI;CLINICA MEDICA ALA A;2026,0;6,0;0,0;0,0;8,0;0,0;0,0
CSSI;CLINICA MEDICA ALA A;2026,0;7,0;0,0;0,0;10,0;0,0;0,0
CSSI;CLINICA MEDICA ALA A;2026,0;8,0;0,0;0,0;9,0;0,0;0,0
CSSI;CLÍNICA MÉDICA ALA B;2023,0;11,0;0,0;0,0;1,0;0,0;0,0
CSSI;CLÍNICA MÉDICA ALA B;2023,0;12,0;0,0;0,0;1,0;0,0;0,0
CSSI;CLÍNICA MÉDICA ALA B;2024,0;2,0;0,0;0,0;1,0;0,0;0,0
CSSI;CLÍNICA MÉDICA ALA B;2024,0;3,0;0,0;0,0;1,0;0,0;0,0
CSSI;CLÍNICA MÉDICA ALA B;2024,0;4,0;0,0;0,0;1,0;0,0;0,0
CSSI;CLÍNICA MÉDICA ALA B;2024,0;5,0;0,0;0,0;1,0;0,0;0,0
CSSI;CLÍNICA MÉDICA ALA B;2024,0;6,0;0,0;0,0;1,0;0,0;0,0
CSSI;CLÍNICA MÉDICA ALA B;2024,0;7,0;0,0;0,0;1,0;0,0;0,0
CSSI;CLÍNICA MÉDICA ALA B;2024,0;8,0;0,0;0,0;2,0;0,0;0,0
CSSI;CLÍNICA MÉDICA ALA B;2024,0;10,0;0,0;0,0;1,0;0,0;0,0
CSSI;CLÍNICA MÉDICA ALA B;2024,0;11,0;0,0;0,0;2,0;0,0;0,0
CSSI;CLÍNICA MÉDICA ALA B;2025,0;2,0;0,0;0,0;3,0;0,0;0,0
CSSI;CLÍNICA MÉDICA ALA B;2025,0;7,0;1,0;1,0;1,0;1,0;1,0
CSSI;CLÍNICA MÉDICA ALA B;2025,0;8,0;1,0;1,0;2,0;0,5;0,5
CSSI;CLÍNICA MÉDICA ALA B;2025,0;11,0;0,0;0,0;1,0;0,0;0,0
CSSI;CLÍNICA MÉDICA ALA B;2025,0;12,0;0,0;0,0;3,0;0,0;0,0
CSSI;CLÍNICA MÉDICA ALA B;2026,0;1,0;0,0;0,0;2,0;0,0;0,0
CSSI;CLÍNICA MÉDICA ALA B;2026,0;2,0;0,0;0,0;2,0;0,0;0,0
CSSI;CLÍNICA MÉDICA ALA B;2026,0;3,0;0,0;0,0;1,0;0,0;0,0
CSSI;CLÍNICA MÉDICA ALA B;2026,0;4,0;0,0;0,0;1,0;0,0;0,0
CSSI;CLÍNICA MÉDICA ALA B;2026,0;5,0;0,0;0,0;2,0;0,0;0,0
CSSI;CLÍNICA MÉDICA ALA C;2023,0;9,0;0,0;0,0;1,0;0,0;0,0
CSSI;CLÍNICA MÉDICA ALA C;2023,0;10,0;7,0;7,0;33,0;0,21212121212121213;0,21212121212121213
CSSI;CLÍNICA MÉDICA ALA C;2023,0;11,0;3,0;3,0;32,0;0,09375;0,09375
CSSI;CLÍNICA MÉDICA ALA C;2023,0;12,0;7,0;7,0;43,0;0,16279069767441862;0,16279069767441862
CSSI;CLÍNICA MÉDICA ALA C;2024,0;1,0;2,0;1,0;37,0;0,05405405405405406;0,02702702702702703
CSSI;CLÍNICA MÉDICA ALA C;2024,0;2,0;3,0;3,0;41,0;0,07317073170731707;0,07317073170731707
CSSI;CLÍNICA MÉDICA ALA C;2024,0;3,0;1,0;1,0;44,0;0,022727272727272728;0,022727272727272728
CSSI;CLÍNICA MÉDICA ALA C;2024,0;4,0;0,0;0,0;46,0;0,0;0,0
CSSI;CLÍNICA MÉDICA ALA C;2024,0;5,0;3,0;3,0;69,0;0,043478260869565216;0,043478260869565216
CSSI;CLÍNICA MÉDICA ALA C;2024,0;6,0;2,0;2,0;56,0;0,03571428571428571;0,03571428571428571
CSSI;CLÍNICA MÉDICA ALA C;2024,0;7,0;2,0;2,0;42,0;0,047619047619047616;0,047619047619047616
CSSI;CLÍNICA MÉDICA ALA C;2024,0;8,0;5,0;5,0;50,0;0,1;0,1
CSSI;CLÍNICA MÉDICA ALA C;2024,0;9,0;1,0;1,0;32,0;0,03125;0,03125
CSSI;CLÍNICA MÉDICA ALA C;2024,0;10,0;1,0;0,0;42,0;0,023809523809523808;0,0
CSSI;CLÍNICA MÉDICA ALA C;2024,0;11,0;5,0;5,0;53,0;0,09433962264150944;0,09433962264150944
CSSI;CLÍNICA MÉDICA ALA C;2024,0;12,0;4,0;4,0;59,0;0,06779661016949153;0,06779661016949153
CSSI;CLÍNICA MÉDICA ALA C;2025,0;1,0;2,0;2,0;44,0;0,045454545454545456;0,045454545454545456
CSSI;CLÍNICA MÉDICA ALA C;2025,0;2,0;3,0;2,0;41,0;0,07317073170731707;0,04878048780487805
CSSI;CLÍNICA MÉDICA ALA C;2025,0;3,0;2,0;1,0;54,0;0,037037037037037035;0,018518518518518517
CSSI;CLÍNICA MÉDICA ALA C;2025,0;4,0;3,0;3,0;47,0;0,06382978723404255;0,06382978723404255
CSSI;CLÍNICA MÉDICA ALA C;2025,0;5,0;3,0;2,0;42,0;0,07142857142857142;0,047619047619047616
CSSI;CLÍNICA MÉDICA ALA C;2025,0;6,0;1,0;1,0;36,0;0,027777777777777776;0,027777777777777776
CSSI;CLÍNICA MÉDICA ALA C;2025,0;7,0;2,0;2,0;34,0;0,058823529411764705;0,058823529411764705
CSSI;CLÍNICA MÉDICA ALA C;2025,0;8,0;0,0;0,0;15,0;0,0;0,0
CSSI;CLÍNICA MÉDICA ALA C;2025,0;9,0;2,0;2,0;23,0;0,08695652173913043;0,08695652173913043
CSSI;CLÍNICA MÉDICA ALA C;2025,0;10,0;7,0;6,0;43,0;0,16279069767441862;0,13953488372093023
CSSI;CLÍNICA MÉDICA ALA C;2025,0;11,0;4,0;4,0;32,0;0,125;0,125
CSSI;CLÍNICA MÉDICA ALA C;2025,0;12,0;2,0;2,0;37,0;0,05405405405405406;0,05405405405405406
CSSI;CLÍNICA MÉDICA ALA C;2026,0;1,0;4,0;4,0;29,0;0,13793103448275862;0,13793103448275862
CSSI;CLÍNICA MÉDICA ALA C;2026,0;2,0;1,0;0,0;38,0;0,02631578947368421;0,0
CSSI;CLÍNICA MÉDICA ALA C;2026,0;3,0;2,0;2,0;40,0;0,05;0,05
CSSI;CLÍNICA MÉDICA ALA C;2026,0;4,0;3,0;1,0;36,0;0,08333333333333333;0,027777777777777776
CSSI;CLÍNICA MÉDICA ALA C;2026,0;5,0;2,0;2,0;28,0;0,07142857142857142;0,07142857142857142
CSSI;CLÍNICA MÉDICA ALA C;2026,0;6,0;3,0;3,0;36,0;0,08333333333333333;0,08333333333333333
CSSI;CLÍNICA MÉDICA ALA C;2026,0;7,0;1,0;1,0;30,0;0,03333333333333333;0,03333333333333333
CSSI;CLÍNICA MÉDICA ALA C;2026,0;8,0;3,0;2,0;22,0;0,13636363636363635;0,09090909090909091
CSSI;PRONTO ATENDIMENTO;2020,0;11,0;0,0;0,0;11,0;0,0;0,0
CSSI;PRONTO ATENDIMENTO;2020,0;12,0;3,0;3,0;43,0;0,06976744186046512;0,06976744186046512
CSSI;PRONTO ATENDIMENTO;2021,0;1,0;1,0;1,0;35,0;0,02857142857142857;0,02857142857142857
CSSI;PRONTO ATENDIMENTO;2021,0;2,0;3,0;3,0;53,0;0,05660377358490566;0,05660377358490566
CSSI;PRONTO ATENDIMENTO;2021,0;3,0;0,0;0,0;23,0;0,0;0,0
CSSI;UNIDADE DE CUIDADOS CONTINUADOS INTEGRADOS;2021,0;6,0;0,0;0,0;4,0;0,0;0,0
CSSI;UNIDADE DE CUIDADOS CONTINUADOS INTEGRADOS;2021,0;7,0;0,0;0,0;10,0;0,0;0,0
CSSI;UNIDADE DE CUIDADOS CONTINUADOS INTEGRADOS;2021,0;8,0;0,0;0,0;5,0;0,0;0,0
CSSI;UNIDADE DE CUIDADOS CONTINUADOS INTEGRADOS;2021,0;9,0;0,0;0,0;6,0;0,0;0,0
CSSI;UNIDADE DE CUIDADOS CONTINUADOS INTEGRADOS;2021,0;10,0;0,0;0,0;9,0;0,0;0,0
CSSI;UNIDADE DE CUIDADOS CONTINUADOS INTEGRADOS;2021,0;11,0;0,0;0,0;3,0;0,0;0,0
CSSI;UNIDADE DE CUIDADOS CONTINUADOS INTEGRADOS;2021,0;12,0;0,0;0,0;11,0;0,0;0,0
CSSI;UNIDADE DE CUIDADOS CONTINUADOS INTEGRADOS;2022,0;1,0;0,0;0,0;6,0;0,0;0,0
CSSI;UNIDADE DE CUIDADOS CONTINUADOS INTEGRADOS;2022,0;2,0;0,0;0,0;6,0;0,0;0,0
CSSI;UNIDADE DE CUIDADOS CONTINUADOS INTEGRADOS;2022,0;3,0;0,0;0,0;9,0;0,0;0,0
CSSI;UNIDADE DE CUIDADOS CONTINUADOS INTEGRADOS;2022,0;4,0;0,0;0,0;15,0;0,0;0,0
CSSI;UNIDADE DE CUIDADOS CONTINUADOS INTEGRADOS;2022,0;5,0;0,0;0,0;10,0;0,0;0,0
CSSI;UNIDADE DE CUIDADOS CONTINUADOS INTEGRADOS;2022,0;6,0;1,0;1,0;9,0;0,1111111111111111;0,1111111111111111
CSSI;UNIDADE DE CUIDADOS CONTINUADOS INTEGRADOS;2022,0;7,0;0,0;0,0;12,0;0,0;0,0
CSSI;UNIDADE DE CUIDADOS CONTINUADOS INTEGRADOS;2022,0;8,0;0,0;0,0;8,0;0,0;0,0
CSSI;UNIDADE DE CUIDADOS CONTINUADOS INTEGRADOS;2022,0;9,0;0,0;0,0;14,0;0,0;0,0
CSSI;UNIDADE DE CUIDADOS CONTINUADOS INTEGRADOS;2022,0;10,0;2,0;2,0;6,0;0,3333333333333333;0,3333333333333333
CSSI;UNIDADE DE CUIDADOS CONTINUADOS INTEGRADOS;2022,0;11,0;0,0;0,0;7,0;0,0;0,0
CSSI;UNIDADE DE CUIDADOS CONTINUADOS INTEGRADOS;2022,0;12,0;0,0;0,0;7,0;0,0;0,0
CSSI;UNIDADE DE CUIDADOS CONTINUADOS INTEGRADOS;2023,0;1,0;0,0;0,0;7,0;0,0;0,0
CSSI;UNIDADE DE CUIDADOS CONTINUADOS INTEGRADOS;2023,0;2,0;0,0;0,0;6,0;0,0;0,0
CSSI;UNIDADE DE CUIDADOS CONTINUADOS INTEGRADOS;2023,0;3,0;0,0;0,0;13,0;0,0;0,0
CSSI;UNIDADE DE CUIDADOS CONTINUADOS INTEGRADOS;2023,0;4,0;0,0;0,0;6,0;0,0;0,0
CSSI;UNIDADE DE CUIDADOS CONTINUADOS INTEGRADOS;2023,0;5,0;0,0;0,0;5,0;0,0;0,0
CSSI;UNIDADE DE CUIDADOS CONTINUADOS INTEGRADOS;2023,0;6,0;0,0;0,0;5,0;0,0;0,0
CSSI;UNIDADE DE CUIDADOS CONTINUADOS INTEGRADOS;2023,0;7,0;1,0;1,0;9,0;0,1111111111111111;0,1111111111111111
CSSI;UNIDADE DE CUIDADOS CONTINUADOS INTEGRADOS;2023,0;8,0;0,0;0,0;11,0;0,0;0,0
CSSI;UNIDADE DE CUIDADOS CONTINUADOS INTEGRADOS;2023,0;9,0;0,0;0,0;11,0;0,0;0,0
CSSI;UNIDADE DE CUIDADOS PROLONGADOS - ALA A;2024,0;5,0;0,0;0,0;6,0;0,0;0,0
CSSI;UNIDADE DE CUIDADOS PROLONGADOS - ALA A;2024,0;6,0;0,0;0,0;9,0;0,0;0,0
CSSI;UNIDADE DE CUIDADOS PROLONGADOS - ALA A;2024,0;7,0;1,0;1,0;10,0;0,1;0,1
CSSI;UNIDADE DE CUIDADOS PROLONGADOS - ALA A;2024,0;8,0;0,0;0,0;11,0;0,0;0,0
CSSI;UNIDADE DE CUIDADOS PROLONGADOS - ALA A;2024,0;9,0;1,0;1,0;14,0;0,07142857142857142;0,07142857142857142
CSSI;UNIDADE DE CUIDADOS PROLONGADOS - ALA A;2024,0;10,0;1,0;1,0;7,0;0,14285714285714285;0,14285714285714285
CSSI;UNIDADE DE CUIDADOS PROLONGADOS - ALA A;2024,0;11,0;2,0;2,0;7,0;0,2857142857142857;0,2857142857142857
CSSI;UNIDADE DE CUIDADOS PROLONGADOS - ALA A;2024,0;12,0;1,0;1,0;7,0;0,14285714285714285;0,14285714285714285
CSSI;UNIDADE DE CUIDADOS PROLONGADOS - ALA A;2025,0;1,0;1,0;1,0;8,0;0,125;0,125
CSSI;UNIDADE DE CUIDADOS PROLONGADOS - ALA A;2025,0;2,0;0,0;0,0;3,0;0,0;0,0
CSSI;UNIDADE DE CUIDADOS PROLONGADOS - ALA A;2025,0;3,0;1,0;1,0;9,0;0,1111111111111111;0,1111111111111111
CSSI;UNIDADE DE CUIDADOS PROLONGADOS - ALA A;2025,0;4,0;3,0;3,0;7,0;0,42857142857142855;0,42857142857142855
CSSI;UNIDADE DE CUIDADOS PROLONGADOS - ALA A;2025,0;6,0;4,0;4,0;8,0;0,5;0,5
CSSI;UNIDADE DE CUIDADOS PROLONGADOS - ALA A;2025,0;7,0;0,0;0,0;6,0;0,0;0,0
CSSI;UNIDADE DE CUIDADOS PROLONGADOS - ALA A;2025,0;8,0;0,0;0,0;1,0;0,0;0,0
CSSI;UNIDADE DE CUIDADOS PROLONGADOS - ALA A;2025,0;9,0;1,0;1,0;3,0;0,3333333333333333;0,3333333333333333
CSSI;UNIDADE DE CUIDADOS PROLONGADOS - ALA A;2025,0;10,0;0,0;0,0;6,0;0,0;0,0
CSSI;UNIDADE DE CUIDADOS PROLONGADOS - ALA A;2025,0;11,0;0,0;0,0;9,0;0,0;0,0
CSSI;UNIDADE DE CUIDADOS PROLONGADOS - ALA A;2025,0;12,0;0,0;0,0;1,0;0,0;0,0
CSSI;UNIDADE DE CUIDADOS PROLONGADOS - ALA A;2026,0;1,0;1,0;1,0;5,0;0,2;0,2
CSSI;UNIDADE DE CUIDADOS PROLONGADOS - ALA A;2026,0;2,0;0,0;0,0;2,0;0,0;0,0
CSSI;UNIDADE DE CUIDADOS PROLONGADOS - ALA A;2026,0;3,0;0,0;0,0;7,0;0,0;0,0
CSSI;UNIDADE DE CUIDADOS PROLONGADOS - ALA A;2026,0;4,0;0,0;0,0;5,0;0,0;0,0
CSSI;UNIDADE DE CUIDADOS PROLONGADOS - ALA A;2026,0;5,0;0,0;0,0;3,0;0,0;0,0
CSSI;UNIDADE DE CUIDADOS PROLONGADOS - ALA A;2026,0;6,0;0,0;0,0;8,0;0,0;0,0
CSSI;UNIDADE DE CUIDADOS PROLONGADOS - ALA A;2026,0;7,0;1,0;1,0;3,0;0,3333333333333333;0,3333333333333333
CSSI;UNIDADE DE CUIDADOS PROLONGADOS - ALA A;2026,0;8,0;1,0;1,0;5,0;0,2;0,2
CSSI;UNIDADE DE CUIDADOS PROLONGADOS - ALA B;2023,0;9,0;0,0;0,0;3,0;0,0;0,0
CSSI;UNIDADE DE CUIDADOS PROLONGADOS - ALA B;2023,0;10,0;0,0;0,0;9,0;0,0;0,0
CSSI;UNIDADE DE CUIDADOS PROLONGADOS - ALA B;2023,0;11,0;1,0;1,0;9,0;0,1111111111111111;0,1111111111111111
CSSI;UNIDADE DE CUIDADOS PROLONGADOS - ALA B;2023,0;12,0;0,0;0,0;3,0;0,0;0,0
CSSI;UNIDADE DE CUIDADOS PROLONGADOS - ALA B;2024,0;1,0;0,0;0,0;3,0;0,0;0,0
CSSI;UNIDADE DE CUIDADOS PROLONGADOS - ALA B;2024,0;2,0;1,0;1,0;13,0;0,07692307692307693;0,07692307692307693
CSSI;UNIDADE DE CUIDADOS PROLONGADOS - ALA B;2024,0;3,0;1,0;1,0;6,0;0,16666666666666666;0,16666666666666666
CSSI;UNIDADE DE CUIDADOS PROLONGADOS - ALA B;2024,0;4,0;2,0;2,0;5,0;0,4;0,4
CSSI;UNIDADE DE CUIDADOS PROLONGADOS - ALA B;2024,0;5,0;0,0;0,0;5,0;0,0;0,0
CSSI;UNIDADE DE CUIDADOS PROLONGADOS - ALA B;2024,0;6,0;0,0;0,0;3,0;0,0;0,0
CSSI;UNIDADE DE CUIDADOS PROLONGADOS - ALA B;2024,0;7,0;1,0;1,0;7,0;0,14285714285714285;0,14285714285714285
CSSI;UNIDADE DE CUIDADOS PROLONGADOS - ALA B;2024,0;8,0;0,0;0,0;9,0;0,0;0,0
CSSI;UNIDADE DE CUIDADOS PROLONGADOS - ALA B;2024,0;9,0;2,0;2,0;10,0;0,2;0,2
CSSI;UNIDADE DE CUIDADOS PROLONGADOS - ALA B;2024,0;10,0;0,0;0,0;10,0;0,0;0,0
CSSI;UNIDADE DE CUIDADOS PROLONGADOS - ALA B;2024,0;11,0;1,0;1,0;9,0;0,1111111111111111;0,1111111111111111
CSSI;UNIDADE DE CUIDADOS PROLONGADOS - ALA B;2024,0;12,0;0,0;0,0;10,0;0,0;0,0
CSSI;UNIDADE DE CUIDADOS PROLONGADOS - ALA B;2025,0;1,0;0,0;0,0;4,0;0,0;0,0
CSSI;UNIDADE DE CUIDADOS PROLONGADOS - ALA B;2025,0;2,0;0,0;0,0;5,0;0,0;0,0
CSSI;UNIDADE DE CUIDADOS PROLONGADOS - ALA B;2025,0;3,0;0,0;0,0;1,0;0,0;0,0
CSSI;UNIDADE DE CUIDADOS PROLONGADOS - ALA B;2025,0;4,0;2,0;2,0;6,0;0,3333333333333333;0,3333333333333333
CSSI;UNIDADE DE CUIDADOS PROLONGADOS - ALA B;2025,0;5,0;1,0;1,0;8,0;0,125;0,125
CSSI;UNIDADE DE CUIDADOS PROLONGADOS - ALA B;2025,0;6,0;1,0;1,0;6,0;0,16666666666666666;0,16666666666666666
CSSI;UNIDADE DE CUIDADOS PROLONGADOS - ALA B;2025,0;7,0;0,0;0,0;6,0;0,0;0,0
CSSI;UNIDADE DE CUIDADOS PROLONGADOS - ALA B;2025,0;8,0;1,0;1,0;9,0;0,1111111111111111;0,1111111111111111
CSSI;UNIDADE DE CUIDADOS PROLONGADOS - ALA B;2025,0;9,0;1,0;1,0;9,0;0,1111111111111111;0,1111111111111111
CSSI;UNIDADE DE CUIDADOS PROLONGADOS - ALA B;2025,0;10,0;1,0;1,0;5,0;0,2;0,2
CSSI;UNIDADE DE CUIDADOS PROLONGADOS - ALA B;2025,0;11,0;0,0;0,0;4,0;0,0;0,0
CSSI;UNIDADE DE CUIDADOS PROLONGADOS - ALA B;2025,0;12,0;0,0;0,0;8,0;0,0;0,0
CSSI;UNIDADE DE CUIDADOS PROLONGADOS - ALA B;2026,0;1,0;1,0;1,0;4,0;0,25;0,25
CSSI;UNIDADE DE CUIDADOS PROLONGADOS - ALA B;2026,0;2,0;0,0;0,0;5,0;0,0;0,0
CSSI;UNIDADE DE CUIDADOS PROLONGADOS - ALA B;2026,0;3,0;1,0;1,0;3,0;0,3333333333333333;0,3333333333333333
CSSI;UNIDADE DE CUIDADOS PROLONGADOS - ALA B;2026,0;4,0;1,0;1,0;6,0;0,16666666666666666;0,16666666666666666
CSSI;UNIDADE DE CUIDADOS PROLONGADOS - ALA B;2026,0;5,0;0,0;0,0;8,0;0,0;0,0
CSSI;UNIDADE DE CUIDADOS PROLONGADOS - ALA B;2026,0;6,0;0,0;0,0;6,0;0,0;0,0
CSSI;UNIDADE DE CUIDADOS PROLONGADOS - ALA B;2026,0;7,0;1,0;1,0;5,0;0,2;0,2
CSSI;UNIDADE DE CUIDADOS PROLONGADOS - ALA B;2026,0;8,0;1,0;1,0;4,0;0,25;0,25
CSSI;UNIDADE INTERNAÇÃO - CLINICA MÉDICA ALA A;2020,0;11,0;0,0;0,0;2,0;0,0;0,0
CSSI;UNIDADE INTERNAÇÃO - CLINICA MÉDICA ALA A;2020,0;12,0;1,0;1,0;24,0;0,041666666666666664;0,041666666666666664
CSSI;UNIDADE INTERNAÇÃO - CLINICA MÉDICA ALA A;2021,0;1,0;1,0;1,0;18,0;0,05555555555555555;0,05555555555555555
CSSI;UNIDADE INTERNAÇÃO - CLINICA MÉDICA ALA A;2021,0;2,0;0,0;0,0;2,0;0,0;0,0
CSSI;UNIDADE INTERNAÇÃO - CLINICA MÉDICA ALA A;2021,0;3,0;1,0;1,0;19,0;0,05263157894736842;0,05263157894736842
CSSI;UNIDADE INTERNAÇÃO - CLINICA MÉDICA ALA A;2021,0;4,0;2,0;2,0;18,0;0,1111111111111111;0,1111111111111111
CSSI;UNIDADE INTERNAÇÃO - CLINICA MÉDICA ALA A;2021,0;5,0;0,0;0,0;4,0;0,0;0,0
CSSI;UNIDADE INTERNAÇÃO - CLINICA MÉDICA ALA A;2021,0;6,0;0,0;0,0;2,0;0,0;0,0
CSSI;UNIDADE INTERNAÇÃO - CLINICA MÉDICA ALA A;2021,0;7,0;0,0;0,0;1,0;0,0;0,0
CSSI;UNIDADE INTERNAÇÃO - CLINICA MÉDICA ALA A;2021,0;8,0;0,0;0,0;2,0;0,0;0,0
CSSI;UNIDADE INTERNAÇÃO - CLINICA MÉDICA ALA A;2021,0;9,0;1,0;1,0;4,0;0,25;0,25
CSSI;UNIDADE INTERNAÇÃO - CLINICA MÉDICA ALA A;2021,0;10,0;0,0;0,0;1,0;0,0;0,0
CSSI;UNIDADE INTERNAÇÃO - CLINICA MÉDICA ALA A;2021,0;11,0;1,0;1,0;5,0;0,2;0,2
CSSI;UNIDADE INTERNAÇÃO - CLINICA MÉDICA ALA A;2021,0;12,0;2,0;2,0;6,0;0,3333333333333333;0,3333333333333333
CSSI;UNIDADE INTERNAÇÃO - CLINICA MÉDICA ALA A;2022,0;1,0;1,0;1,0;6,0;0,16666666666666666;0,16666666666666666
CSSI;UNIDADE INTERNAÇÃO - CLINICA MÉDICA ALA A;2022,0;2,0;0,0;0,0;15,0;0,0;0,0
CSSI;UNIDADE INTERNAÇÃO - CLINICA MÉDICA ALA A;2022,0;3,0;0,0;0,0;21,0;0,0;0,0
CSSI;UNIDADE INTERNAÇÃO - CLINICA MÉDICA ALA A;2022,0;4,0;0,0;0,0;22,0;0,0;0,0
CSSI;UNIDADE INTERNAÇÃO - CLINICA MÉDICA ALA A;2022,0;5,0;0,0;0,0;24,0;0,0;0,0
CSSI;UNIDADE INTERNAÇÃO - CLINICA MÉDICA ALA A;2022,0;6,0;0,0;0,0;21,0;0,0;0,0
CSSI;UNIDADE INTERNAÇÃO - CLINICA MÉDICA ALA A;2022,0;7,0;1,0;1,0;17,0;0,058823529411764705;0,058823529411764705
CSSI;UNIDADE INTERNAÇÃO - CLINICA MÉDICA ALA A;2022,0;8,0;0,0;0,0;28,0;0,0;0,0
CSSI;UNIDADE INTERNAÇÃO - CLINICA MÉDICA ALA A;2022,0;9,0;0,0;0,0;24,0;0,0;0,0
CSSI;UNIDADE INTERNAÇÃO - CLINICA MÉDICA ALA A;2022,0;10,0;2,0;2,0;21,0;0,09523809523809523;0,09523809523809523
CSSI;UNIDADE INTERNAÇÃO - CLINICA MÉDICA ALA A;2022,0;11,0;0,0;0,0;18,0;0,0;0,0
CSSI;UNIDADE INTERNAÇÃO - CLINICA MÉDICA ALA A;2022,0;12,0;0,0;0,0;3,0;0,0;0,0
CSSI;UNIDADE INTERNAÇÃO - CLINICA MÉDICA ALA A;2023,0;1,0;0,0;0,0;18,0;0,0;0,0
CSSI;UNIDADE INTERNAÇÃO - CLINICA MÉDICA ALA A;2023,0;2,0;1,0;1,0;19,0;0,05263157894736842;0,05263157894736842
CSSI;UNIDADE INTERNAÇÃO - CLINICA MÉDICA ALA A;2023,0;3,0;0,0;0,0;14,0;0,0;0,0
CSSI;UNIDADE INTERNAÇÃO - CLINICA MÉDICA ALA A;2023,0;4,0;1,0;0,0;23,0;0,043478260869565216;0,0
CSSI;UNIDADE INTERNAÇÃO - CLINICA MÉDICA ALA A;2023,0;5,0;1,0;1,0;19,0;0,05263157894736842;0,05263157894736842
CSSI;UNIDADE INTERNAÇÃO - CLINICA MÉDICA ALA A;2023,0;6,0;0,0;0,0;21,0;0,0;0,0
CSSI;UNIDADE INTERNAÇÃO - CLINICA MÉDICA ALA A;2023,0;7,0;0,0;0,0;22,0;0,0;0,0
CSSI;UNIDADE INTERNAÇÃO - CLINICA MÉDICA ALA A;2023,0;8,0;0,0;0,0;20,0;0,0;0,0
CSSI;UNIDADE INTERNAÇÃO - CLINICA MÉDICA ALA A;2023,0;9,0;0,0;0,0;16,0;0,0;0,0
CSSI;UNIDADE INTERNAÇÃO - CLINICA MÉDICA ALA B;2020,0;11,0;0,0;0,0;6,0;0,0;0,0
CSSI;UNIDADE INTERNAÇÃO - CLINICA MÉDICA ALA B;2020,0;12,0;2,0;2,0;19,0;0,10526315789473684;0,10526315789473684
CSSI;UNIDADE INTERNAÇÃO - CLINICA MÉDICA ALA B;2021,0;1,0;0,0;0,0;16,0;0,0;0,0
CSSI;UNIDADE INTERNAÇÃO - CLINICA MÉDICA ALA B;2021,0;2,0;0,0;0,0;27,0;0,0;0,0
CSSI;UNIDADE INTERNAÇÃO - CLINICA MÉDICA ALA B;2021,0;3,0;5,0;5,0;30,0;0,16666666666666666;0,16666666666666666
CSSI;UNIDADE INTERNAÇÃO - CLINICA MÉDICA ALA B;2021,0;4,0;0,0;0,0;22,0;0,0;0,0
CSSI;UNIDADE INTERNAÇÃO - CLINICA MÉDICA ALA B;2021,0;5,0;0,0;0,0;17,0;0,0;0,0
CSSI;UNIDADE INTERNAÇÃO - CLINICA MÉDICA ALA B;2021,0;6,0;2,0;2,0;22,0;0,09090909090909091;0,09090909090909091
CSSI;UNIDADE INTERNAÇÃO - CLINICA MÉDICA ALA B;2021,0;7,0;0,0;0,0;27,0;0,0;0,0
CSSI;UNIDADE INTERNAÇÃO - CLINICA MÉDICA ALA B;2021,0;8,0;0,0;0,0;18,0;0,0;0,0
CSSI;UNIDADE INTERNAÇÃO - CLINICA MÉDICA ALA B;2021,0;9,0;0,0;0,0;20,0;0,0;0,0
CSSI;UNIDADE INTERNAÇÃO - CLINICA MÉDICA ALA B;2021,0;10,0;2,0;1,0;29,0;0,06896551724137931;0,034482758620689655
CSSI;UNIDADE INTERNAÇÃO - CLINICA MÉDICA ALA B;2021,0;11,0;0,0;0,0;29,0;0,0;0,0
CSSI;UNIDADE INTERNAÇÃO - CLINICA MÉDICA ALA B;2021,0;12,0;0,0;0,0;27,0;0,0;0,0
CSSI;UNIDADE INTERNAÇÃO - CLINICA MÉDICA ALA B;2022,0;1,0;2,0;2,0;30,0;0,06666666666666667;0,06666666666666667
CSSI;UNIDADE INTERNAÇÃO - CLINICA MÉDICA ALA B;2022,0;2,0;0,0;0,0;20,0;0,0;0,0
CSSI;UNIDADE INTERNAÇÃO - CLINICA MÉDICA ALA B;2022,0;3,0;2,0;2,0;11,0;0,18181818181818182;0,18181818181818182
CSSI;UNIDADE INTERNAÇÃO - CLINICA MÉDICA ALA B;2022,0;4,0;0,0;0,0;21,0;0,0;0,0
CSSI;UNIDADE INTERNAÇÃO - CLINICA MÉDICA ALA B;2022,0;5,0;1,0;1,0;15,0;0,06666666666666667;0,06666666666666667
CSSI;UNIDADE INTERNAÇÃO - CLINICA MÉDICA ALA B;2022,0;6,0;1,0;1,0;24,0;0,041666666666666664;0,041666666666666664
CSSI;UNIDADE INTERNAÇÃO - CLINICA MÉDICA ALA B;2022,0;7,0;0,0;0,0;20,0;0,0;0,0
CSSI;UNIDADE INTERNAÇÃO - CLINICA MÉDICA ALA B;2022,0;8,0;0,0;0,0;12,0;0,0;0,0
CSSI;UNIDADE INTERNAÇÃO - CLINICA MÉDICA ALA B;2022,0;9,0;0,0;0,0;17,0;0,0;0,0
CSSI;UNIDADE INTERNAÇÃO - CLINICA MÉDICA ALA B;2022,0;10,0;0,0;0,0;21,0;0,0;0,0
CSSI;UNIDADE INTERNAÇÃO - CLINICA MÉDICA ALA B;2022,0;11,0;0,0;0,0;22,0;0,0;0,0
CSSI;UNIDADE INTERNAÇÃO - CLINICA MÉDICA ALA B;2022,0;12,0;0,0;0,0;19,0;0,0;0,0
CSSI;UNIDADE INTERNAÇÃO - CLINICA MÉDICA ALA B;2023,0;1,0;0,0;0,0;16,0;0,0;0,0
CSSI;UNIDADE INTERNAÇÃO - CLINICA MÉDICA ALA B;2023,0;2,0;0,0;0,0;15,0;0,0;0,0
CSSI;UNIDADE INTERNAÇÃO - CLINICA MÉDICA ALA B;2023,0;3,0;0,0;0,0;15,0;0,0;0,0
CSSI;UNIDADE INTERNAÇÃO - CLINICA MÉDICA ALA B;2023,0;4,0;3,0;3,0;15,0;0,2;0,2
CSSI;UNIDADE INTERNAÇÃO - CLINICA MÉDICA ALA B;2023,0;5,0;0,0;0,0;14,0;0,0;0,0
CSSI;UNIDADE INTERNAÇÃO - CLINICA MÉDICA ALA B;2023,0;6,0;1,0;1,0;15,0;0,06666666666666667;0,06666666666666667
CSSI;UNIDADE INTERNAÇÃO - CLINICA MÉDICA ALA B;2023,0;7,0;1,0;1,0;21,0;0,047619047619047616;0,047619047619047616
CSSI;UNIDADE INTERNAÇÃO - CLINICA MÉDICA ALA B;2023,0;8,0;0,0;0,0;21,0;0,0;0,0
CSSI;UNIDADE INTERNAÇÃO - CLINICA MÉDICA ALA B;2023,0;9,0;0,0;0,0;8,0;0,0;0,0
CSSI;UNIDADE INTERNAÇÃO - CLÍNICA MÉDICA FEMININA;2019,0;1,0;1,0;1,0;37,0;0,02702702702702703;0,02702702702702703
CSSI;UNIDADE INTERNAÇÃO - CLÍNICA MÉDICA FEMININA;2019,0;2,0;1,0;1,0;28,0;0,03571428571428571;0,03571428571428571
CSSI;UNIDADE INTERNAÇÃO - CLÍNICA MÉDICA FEMININA;2019,0;3,0;0,0;0,0;33,0;0,0;0,0
CSSI;UNIDADE INTERNAÇÃO - CLÍNICA MÉDICA FEMININA;2019,0;4,0;1,0;1,0;24,0;0,041666666666666664;0,041666666666666664
CSSI;UNIDADE INTERNAÇÃO - CLÍNICA MÉDICA FEMININA;2019,0;5,0;3,0;3,0;27,0;0,1111111111111111;0,1111111111111111
CSSI;UNIDADE INTERNAÇÃO - CLÍNICA MÉDICA FEMININA;2019,0;6,0;2,0;2,0;33,0;0,06060606060606061;0,06060606060606061
CSSI;UNIDADE INTERNAÇÃO - CLÍNICA MÉDICA FEMININA;2019,0;7,0;0,0;0,0;25,0;0,0;0,0
CSSI;UNIDADE INTERNAÇÃO - CLÍNICA MÉDICA FEMININA;2019,0;8,0;0,0;0,0;21,0;0,0;0,0
CSSI;UNIDADE INTERNAÇÃO - CLÍNICA MÉDICA FEMININA;2019,0;9,0;1,0;1,0;21,0;0,047619047619047616;0,047619047619047616
CSSI;UNIDADE INTERNAÇÃO - CLÍNICA MÉDICA FEMININA;2019,0;10,0;1,0;1,0;25,0;0,04;0,04
CSSI;UNIDADE INTERNAÇÃO - CLÍNICA MÉDICA FEMININA;2019,0;11,0;0,0;0,0;19,0;0,0;0,0
CSSI;UNIDADE INTERNAÇÃO - CLÍNICA MÉDICA FEMININA;2019,0;12,0;1,0;1,0;23,0;0,043478260869565216;0,043478260869565216
CSSI;UNIDADE INTERNAÇÃO - CLÍNICA MÉDICA FEMININA;2020,0;1,0;1,0;1,0;24,0;0,041666666666666664;0,041666666666666664
CSSI;UNIDADE INTERNAÇÃO - CLÍNICA MÉDICA FEMININA;2020,0;2,0;2,0;2,0;18,0;0,1111111111111111;0,1111111111111111
CSSI;UNIDADE INTERNAÇÃO - CLÍNICA MÉDICA FEMININA;2020,0;3,0;0,0;0,0;20,0;0,0;0,0
CSSI;UNIDADE INTERNAÇÃO - CLÍNICA MÉDICA FEMININA;2020,0;4,0;0,0;0,0;18,0;0,0;0,0
CSSI;UNIDADE INTERNAÇÃO - CLÍNICA MÉDICA FEMININA;2020,0;5,0;0,0;0,0;13,0;0,0;0,0
CSSI;UNIDADE INTERNAÇÃO - CLÍNICA MÉDICA FEMININA;2020,0;6,0;0,0;0,0;19,0;0,0;0,0
CSSI;UNIDADE INTERNAÇÃO - CLÍNICA MÉDICA FEMININA;2020,0;7,0;1,0;1,0;18,0;0,05555555555555555;0,05555555555555555
CSSI;UNIDADE INTERNAÇÃO - CLÍNICA MÉDICA FEMININA;2020,0;8,0;0,0;0,0;20,0;0,0;0,0
CSSI;UNIDADE INTERNAÇÃO - CLÍNICA MÉDICA FEMININA;2020,0;9,0;0,0;0,0;5,0;0,0;0,0
CSSI;UNIDADE INTERNAÇÃO - CLÍNICA MÉDICA FEMININA;2020,0;10,0;1,0;1,0;14,0;0,07142857142857142;0,07142857142857142
CSSI;UNIDADE INTERNAÇÃO - CLÍNICA MÉDICA FEMININA;2020,0;11,0;1,0;0,0;10,0;0,1;0,0
CSSI;UNIDADE INTERNAÇÃO - CLÍNICA MÉDICA FEMININA;2022,0;2,0;1,0;1,0;1,0;1,0;1,0
CSSI;UNIDADE INTERNAÇÃO - CLINICA MÉDICA MASCULINA;2019,0;1,0;2,0;2,0;32,0;0,0625;0,0625
CSSI;UNIDADE INTERNAÇÃO - CLINICA MÉDICA MASCULINA;2019,0;2,0;1,0;1,0;20,0;0,05;0,05
CSSI;UNIDADE INTERNAÇÃO - CLINICA MÉDICA MASCULINA;2019,0;3,0;2,0;2,0;29,0;0,06896551724137931;0,06896551724137931
CSSI;UNIDADE INTERNAÇÃO - CLINICA MÉDICA MASCULINA;2019,0;4,0;1,0;1,0;25,0;0,04;0,04
CSSI;UNIDADE INTERNAÇÃO - CLINICA MÉDICA MASCULINA;2019,0;5,0;0,0;0,0;34,0;0,0;0,0
CSSI;UNIDADE INTERNAÇÃO - CLINICA MÉDICA MASCULINA;2019,0;6,0;1,0;1,0;26,0;0,038461538461538464;0,038461538461538464
CSSI;UNIDADE INTERNAÇÃO - CLINICA MÉDICA MASCULINA;2019,0;7,0;0,0;0,0;23,0;0,0;0,0
CSSI;UNIDADE INTERNAÇÃO - CLINICA MÉDICA MASCULINA;2019,0;8,0;1,0;1,0;24,0;0,041666666666666664;0,041666666666666664
CSSI;UNIDADE INTERNAÇÃO - CLINICA MÉDICA MASCULINA;2019,0;9,0;1,0;1,0;24,0;0,041666666666666664;0,041666666666666664
CSSI;UNIDADE INTERNAÇÃO - CLINICA MÉDICA MASCULINA;2019,0;10,0;1,0;1,0;22,0;0,045454545454545456;0,045454545454545456
CSSI;UNIDADE INTERNAÇÃO - CLINICA MÉDICA MASCULINA;2019,0;11,0;1,0;1,0;10,0;0,1;0,1
CSSI;UNIDADE INTERNAÇÃO - CLINICA MÉDICA MASCULINA;2019,0;12,0;2,0;2,0;19,0;0,10526315789473684;0,10526315789473684
CSSI;UNIDADE INTERNAÇÃO - CLINICA MÉDICA MASCULINA;2020,0;1,0;1,0;1,0;15,0;0,06666666666666667;0,06666666666666667
CSSI;UNIDADE INTERNAÇÃO - CLINICA MÉDICA MASCULINA;2020,0;2,0;1,0;1,0;25,0;0,04;0,04
CSSI;UNIDADE INTERNAÇÃO - CLINICA MÉDICA MASCULINA;2020,0;3,0;1,0;1,0;16,0;0,0625;0,0625
CSSI;UNIDADE INTERNAÇÃO - CLINICA MÉDICA MASCULINA;2020,0;4,0;0,0;0,0;4,0;0,0;0,0
CSSI;UNIDADE INTERNAÇÃO - CLINICA MÉDICA MASCULINA;2020,0;5,0;1,0;1,0;5,0;0,2;0,2
CSSI;UNIDADE INTERNAÇÃO - CLINICA MÉDICA MASCULINA;2020,0;6,0;1,0;1,0;11,0;0,09090909090909091;0,09090909090909091
CSSI;UNIDADE INTERNAÇÃO - CLINICA MÉDICA MASCULINA;2020,0;7,0;2,0;1,0;16,0;0,125;0,0625
CSSI;UNIDADE INTERNAÇÃO - CLINICA MÉDICA MASCULINA;2020,0;8,0;1,0;1,0;14,0;0,07142857142857142;0,07142857142857142
CSSI;UNIDADE INTERNAÇÃO - CLINICA MÉDICA MASCULINA;2020,0;9,0;1,0;1,0;16,0;0,0625;0,0625
CSSI;UNIDADE INTERNAÇÃO - CLINICA MÉDICA MASCULINA;2020,0;10,0;0,0;0,0;11,0;0,0;0,0
CSSI;UNIDADE INTERNAÇÃO - CLINICA MÉDICA MASCULINA;2020,0;11,0;1,0;0,0;5,0;0,2;0,0
CSSI;UNIDADE URGENCIA/EMERGENCIA;2019,0;1,0;5,0;5,0;44,0;0,11363636363636363;0,11363636363636363
CSSI;UNIDADE URGENCIA/EMERGENCIA;2019,0;2,0;4,0;4,0;36,0;0,1111111111111111;0,1111111111111111
CSSI;UNIDADE URGENCIA/EMERGENCIA;2019,0;3,0;2,0;2,0;30,0;0,06666666666666667;0,06666666666666667
CSSI;UNIDADE URGENCIA/EMERGENCIA;2019,0;4,0;5,0;5,0;42,0;0,11904761904761904;0,11904761904761904
CSSI;UNIDADE URGENCIA/EMERGENCIA;2019,0;5,0;5,0;5,0;53,0;0,09433962264150944;0,09433962264150944
CSSI;UNIDADE URGENCIA/EMERGENCIA;2019,0;6,0;3,0;3,0;34,0;0,08823529411764706;0,08823529411764706
CSSI;UNIDADE URGENCIA/EMERGENCIA;2019,0;7,0;5,0;5,0;32,0;0,15625;0,15625
CSSI;UNIDADE URGENCIA/EMERGENCIA;2019,0;8,0;3,0;3,0;34,0;0,08823529411764706;0,08823529411764706
CSSI;UNIDADE URGENCIA/EMERGENCIA;2019,0;9,0;2,0;2,0;26,0;0,07692307692307693;0,07692307692307693
CSSI;UNIDADE URGENCIA/EMERGENCIA;2019,0;10,0;4,0;4,0;35,0;0,11428571428571428;0,11428571428571428
CSSI;UNIDADE URGENCIA/EMERGENCIA;2019,0;11,0;3,0;2,0;27,0;0,1111111111111111;0,07407407407407407
CSSI;UNIDADE URGENCIA/EMERGENCIA;2019,0;12,0;2,0;2,0;30,0;0,06666666666666667;0,06666666666666667
CSSI;UNIDADE URGENCIA/EMERGENCIA;2020,0;1,0;3,0;3,0;40,0;0,075;0,075
CSSI;UNIDADE URGENCIA/EMERGENCIA;2020,0;2,0;1,0;1,0;44,0;0,022727272727272728;0,022727272727272728
CSSI;UNIDADE URGENCIA/EMERGENCIA;2020,0;3,0;4,0;4,0;36,0;0,1111111111111111;0,1111111111111111
CSSI;UNIDADE URGENCIA/EMERGENCIA;2020,0;4,0;2,0;2,0;36,0;0,05555555555555555;0,05555555555555555
CSSI;UNIDADE URGENCIA/EMERGENCIA;2020,0;5,0;3,0;3,0;34,0;0,08823529411764706;0,08823529411764706
CSSI;UNIDADE URGENCIA/EMERGENCIA;2020,0;6,0;3,0;2,0;30,0;0,1;0,06666666666666667
CSSI;UNIDADE URGENCIA/EMERGENCIA;2020,0;7,0;3,0;2,0;28,0;0,10714285714285714;0,07142857142857142
CSSI;UNIDADE URGENCIA/EMERGENCIA;2020,0;8,0;2,0;2,0;29,0;0,06896551724137931;0,06896551724137931
CSSI;UNIDADE URGENCIA/EMERGENCIA;2020,0;9,0;2,0;1,0;48,0;0,041666666666666664;0,020833333333333332
CSSI;UNIDADE URGENCIA/EMERGENCIA;2020,0;10,0;2,0;2,0;53,0;0,03773584905660377;0,03773584905660377
CSSI;UNIDADE URGENCIA/EMERGENCIA;2020,0;11,0;2,0;1,0;45,0;0,044444444444444446;0,022222222222222223
CSSI;UNIDADE URGENCIA/EMERGENCIA;2021,0;3,0;4,0;3,0;41,0;0,0975609756097561;0,07317073170731707
CSSI;UNIDADE URGENCIA/EMERGENCIA;2021,0;4,0;2,0;2,0;46,0;0,043478260869565216;0,043478260869565216
CSSI;UNIDADE URGENCIA/EMERGENCIA;2021,0;5,0;3,0;3,0;44,0;0,06818181818181818;0,06818181818181818
CSSI;UNIDADE URGENCIA/EMERGENCIA;2021,0;6,0;4,0;3,0;47,0;0,0851063829787234;0,06382978723404255
CSSI;UNIDADE URGENCIA/EMERGENCIA;2021,0;7,0;4,0;4,0;51,0;0,0784313725490196;0,0784313725490196
CSSI;UNIDADE URGENCIA/EMERGENCIA;2021,0;8,0;2,0;2,0;47,0;0,0425531914893617;0,0425531914893617
CSSI;UNIDADE URGENCIA/EMERGENCIA;2021,0;9,0;1,0;0,0;44,0;0,022727272727272728;0,0
CSSI;UNIDADE URGENCIA/EMERGENCIA;2021,0;10,0;1,0;1,0;37,0;0,02702702702702703;0,02702702702702703
CSSI;UNIDADE URGENCIA/EMERGENCIA;2021,0;11,0;1,0;1,0;34,0;0,029411764705882353;0,029411764705882353
CSSI;UNIDADE URGENCIA/EMERGENCIA;2021,0;12,0;4,0;3,0;45,0;0,08888888888888889;0,06666666666666667
CSSI;UNIDADE URGENCIA/EMERGENCIA;2022,0;1,0;0,0;0,0;33,0;0,0;0,0
CSSI;UNIDADE URGENCIA/EMERGENCIA;2022,0;2,0;5,0;4,0;43,0;0,11627906976744186;0,09302325581395349
CSSI;UNIDADE URGENCIA/EMERGENCIA;2022,0;3,0;3,0;2,0;28,0;0,10714285714285714;0,07142857142857142
CSSI;UNIDADE URGENCIA/EMERGENCIA;2022,0;4,0;4,0;3,0;37,0;0,10810810810810811;0,08108108108108109
CSSI;UNIDADE URGENCIA/EMERGENCIA;2022,0;5,0;3,0;3,0;23,0;0,13043478260869565;0,13043478260869565
CSSI;UNIDADE URGENCIA/EMERGENCIA;2022,0;6,0;2,0;2,0;19,0;0,10526315789473684;0,10526315789473684
CSSI;UNIDADE URGENCIA/EMERGENCIA;2022,0;7,0;3,0;3,0;26,0;0,11538461538461539;0,11538461538461539
CSSI;UNIDADE URGENCIA/EMERGENCIA;2022,0;8,0;2,0;2,0;27,0;0,07407407407407407;0,07407407407407407
CSSI;UNIDADE URGENCIA/EMERGENCIA;2022,0;9,0;1,0;1,0;29,0;0,034482758620689655;0,034482758620689655
CSSI;UNIDADE URGENCIA/EMERGENCIA;2022,0;10,0;1,0;1,0;25,0;0,04;0,04
CSSI;UNIDADE URGENCIA/EMERGENCIA;2022,0;11,0;0,0;0,0;25,0;0,0;0,0
CSSI;UNIDADE URGENCIA/EMERGENCIA;2022,0;12,0;1,0;1,0;32,0;0,03125;0,03125
CSSI;UNIDADE URGENCIA/EMERGENCIA;2023,0;1,0;3,0;3,0;26,0;0,11538461538461539;0,11538461538461539
CSSI;UNIDADE URGENCIA/EMERGENCIA;2023,0;2,0;3,0;3,0;22,0;0,13636363636363635;0,13636363636363635
CSSI;UNIDADE URGENCIA/EMERGENCIA;2023,0;3,0;4,0;4,0;31,0;0,12903225806451613;0,12903225806451613
CSSI;UNIDADE URGENCIA/EMERGENCIA;2023,0;4,0;0,0;0,0;30,0;0,0;0,0
CSSI;UNIDADE URGENCIA/EMERGENCIA;2023,0;5,0;2,0;1,0;30,0;0,06666666666666667;0,03333333333333333
CSSI;UNIDADE URGENCIA/EMERGENCIA;2023,0;6,0;5,0;5,0;38,0;0,13157894736842105;0,13157894736842105
CSSI;UNIDADE URGENCIA/EMERGENCIA;2023,0;7,0;5,0;4,0;24,0;0,20833333333333334;0,16666666666666666
CSSI;UNIDADE URGENCIA/EMERGENCIA;2023,0;8,0;3,0;1,0;28,0;0,10714285714285714;0,03571428571428571
CSSI;UNIDADE URGENCIA/EMERGENCIA;2023,0;9,0;8,0;8,0;25,0;0,32;0,32
CSSI;UNIDADE URGÊNCIA/EMERGÊNCIA - OBSERVAÇÃO;2023,0;9,0;0,0;0,0;1,0;0,0;0,0
CSSI;UNIDADE URGÊNCIA/EMERGÊNCIA - OBSERVAÇÃO;2023,0;10,0;0,0;0,0;1,0;0,0;0,0
CSSI;UNIDADE URGÊNCIA/EMERGÊNCIA - OBSERVAÇÃO;2023,0;11,0;0,0;0,0;1,0;0,0;0,0
CSSI;UNIDADE URGÊNCIA/EMERGÊNCIA - OBSERVAÇÃO;2023,0;12,0;1,0;1,0;2,0;0,5;0,5
CSSI;UNIDADE URGÊNCIA/EMERGÊNCIA - OBSERVAÇÃO;2024,0;1,0;0,0;0,0;1,0;0,0;0,0
CSSI;UNIDADE URGÊNCIA/EMERGÊNCIA - OBSERVAÇÃO;2024,0;2,0;2,0;1,0;3,0;0,6666666666666666;0,3333333333333333
CSSI;UNIDADE URGÊNCIA/EMERGÊNCIA - OBSERVAÇÃO;2024,0;3,0;0,0;0,0;2,0;0,0;0,0
CSSI;UNIDADE URGÊNCIA/EMERGÊNCIA - OBSERVAÇÃO;2024,0;4,0;0,0;0,0;2,0;0,0;0,0
CSSI;UNIDADE URGÊNCIA/EMERGÊNCIA - OBSERVAÇÃO;2024,0;5,0;1,0;1,0;3,0;0,3333333333333333;0,3333333333333333
CSSI;UNIDADE URGÊNCIA/EMERGÊNCIA - OBSERVAÇÃO;2024,0;6,0;0,0;0,0;1,0;0,0;0,0
CSSI;UNIDADE URGÊNCIA/EMERGÊNCIA - OBSERVAÇÃO;2024,0;11,0;0,0;0,0;1,0;0,0;0,0
CSSI;UNIDADE URGÊNCIA/EMERGÊNCIA - OBSERVAÇÃO;2024,0;12,0;0,0;0,0;1,0;0,0;0,0
CSSI;UNIDADE URGÊNCIA/EMERGÊNCIA - OBSERVAÇÃO;2025,0;1,0;1,0;1,0;3,0;0,3333333333333333;0,3333333333333333
CSSI;UNIDADE URGÊNCIA/EMERGÊNCIA - OBSERVAÇÃO;2025,0;2,0;0,0;0,0;6,0;0,0;0,0
CSSI;UNIDADE URGÊNCIA/EMERGÊNCIA - OBSERVAÇÃO;2025,0;3,0;0,0;0,0;9,0;0,0;0,0
CSSI;UNIDADE URGÊNCIA/EMERGÊNCIA - OBSERVAÇÃO;2025,0;4,0;1,0;1,0;3,0;0,3333333333333333;0,3333333333333333
CSSI;UNIDADE URGÊNCIA/EMERGÊNCIA - OBSERVAÇÃO;2025,0;6,0;1,0;1,0;3,0;0,3333333333333333;0,3333333333333333
CSSI;UNIDADE URGÊNCIA/EMERGÊNCIA - OBSERVAÇÃO;2025,0;7,0;1,0;1,0;2,0;0,5;0,5
CSSI;UNIDADE URGÊNCIA/EMERGÊNCIA - OBSERVAÇÃO;2025,0;8,0;1,0;1,0;3,0;0,3333333333333333;0,3333333333333333
CSSI;UNIDADE URGÊNCIA/EMERGÊNCIA - OBSERVAÇÃO;2025,0;9,0;0,0;0,0;3,0;0,0;0,0
CSSI;UNIDADE URGÊNCIA/EMERGÊNCIA - OBSERVAÇÃO;2025,0;10,0;0,0;0,0;3,0;0,0;0,0
CSSI;UNIDADE URGÊNCIA/EMERGÊNCIA - OBSERVAÇÃO;2025,0;11,0;1,0;1,0;2,0;0,5;0,5
CSSI;UNIDADE URGÊNCIA/EMERGÊNCIA - OBSERVAÇÃO;2025,0;12,0;1,0;1,0;1,0;1,0;1,0
CSSI;UNIDADE URGÊNCIA/EMERGÊNCIA - OBSERVAÇÃO;2026,0;1,0;0,0;0,0;5,0;0,0;0,0
CSSI;UNIDADE URGÊNCIA/EMERGÊNCIA - OBSERVAÇÃO;2026,0;2,0;0,0;0,0;6,0;0,0;0,0
CSSI;UNIDADE URGÊNCIA/EMERGÊNCIA - OBSERVAÇÃO;2026,0;3,0;1,0;1,0;6,0;0,16666666666666666;0,16666666666666666
CSSI;UNIDADE URGÊNCIA/EMERGÊNCIA - OBSERVAÇÃO;2026,0;4,0;0,0;0,0;7,0;0,0;0,0
CSSI;UNIDADE URGÊNCIA/EMERGÊNCIA - OBSERVAÇÃO;2026,0;5,0;2,0;2,0;5,0;0,4;0,4
CSSI;UNIDADE URGÊNCIA/EMERGÊNCIA - OBSERVAÇÃO;2026,0;6,0;0,0;0,0;3,0;0,0;0,0
CSSI;UNIDADE URGÊNCIA/EMERGÊNCIA - OBSERVAÇÃO;2026,0;7,0;0,0;0,0;11,0;0,0;0,0
CSSI;UNIDADE URGÊNCIA/EMERGÊNCIA - OBSERVAÇÃO;2026,0;8,0;0,0;0,0;2,0;0,0;0,0
CSSI;UNIDADES DE CUIDADOS PROLONGADOS - UCP;2023,0;9,0;0,0;0,0;1,0;0,0;0,0
CSSI;UNIDADES DE CUIDADOS PROLONGADOS - UCP;2023,0;10,0;0,0;0,0;11,0;0,0;0,0
CSSI;UNIDADES DE CUIDADOS PROLONGADOS - UCP;2023,0;11,0;0,0;0,0;12,0;0,0;0,0
CSSI;UNIDADES DE CUIDADOS PROLONGADOS - UCP;2023,0;12,0;0,0;0,0;14,0;0,0;0,0
CSSI;UNIDADES DE CUIDADOS PROLONGADOS - UCP;2024,0;1,0;0,0;0,0;7,0;0,0;0,0
CSSI;UNIDADES DE CUIDADOS PROLONGADOS - UCP;2024,0;2,0;0,0;0,0;13,0;0,0;0,0
CSSI;UNIDADES DE CUIDADOS PROLONGADOS - UCP;2024,0;3,0;1,0;1,0;15,0;0,06666666666666667;0,06666666666666667
CSSI;UNIDADES DE CUIDADOS PROLONGADOS - UCP;2024,0;4,0;0,0;0,0;14,0;0,0;0,0
CSSI;UNIDADES DE CUIDADOS PROLONGADOS - UCP;2024,0;5,0;0,0;0,0;18,0;0,0;0,0
CSSI;UNIDADES DE CUIDADOS PROLONGADOS - UCP;2024,0;6,0;0,0;0,0;16,0;0,0;0,0
CSSI;UNIDADES DE CUIDADOS PROLONGADOS - UCP;2024,0;7,0;0,0;0,0;18,0;0,0;0,0
CSSI;UNIDADES DE CUIDADOS PROLONGADOS - UCP;2024,0;8,0;1,0;1,0;16,0;0,0625;0,0625
CSSI;UNIDADES DE CUIDADOS PROLONGADOS - UCP;2024,0;9,0;0,0;0,0;18,0;0,0;0,0
CSSI;UNIDADES DE CUIDADOS PROLONGADOS - UCP;2024,0;10,0;0,0;0,0;13,0;0,0;0,0
CSSI;UNIDADES DE CUIDADOS PROLONGADOS - UCP;2024,0;11,0;0,0;0,0;6,0;0,0;0,0
CSSI;UNIDADES DE CUIDADOS PROLONGADOS - UCP;2024,0;12,0;0,0;0,0;10,0;0,0;0,0
CSSI;UNIDADES DE CUIDADOS PROLONGADOS - UCP;2025,0;1,0;0,0;0,0;11,0;0,0;0,0
CSSI;UNIDADES DE CUIDADOS PROLONGADOS - UCP;2025,0;2,0;2,0;2,0;10,0;0,2;0,2
CSSI;UNIDADES DE CUIDADOS PROLONGADOS - UCP;2025,0;3,0;0,0;0,0;9,0;0,0;0,0
CSSI;UNIDADES DE CUIDADOS PROLONGADOS - UCP;2025,0;4,0;0,0;0,0;7,0;0,0;0,0
CSSI;UNIDADES DE CUIDADOS PROLONGADOS - UCP;2025,0;5,0;0,0;0,0;11,0;0,0;0,0
CSSI;UNIDADES DE CUIDADOS PROLONGADOS - UCP;2025,0;6,0;0,0;0,0;10,0;0,0;0,0
CSSI;UNIDADES DE CUIDADOS PROLONGADOS - UCP;2025,0;7,0;0,0;0,0;8,0;0,0;0,0
CSSI;UNIDADES DE CUIDADOS PROLONGADOS - UCP;2025,0;8,0;0,0;0,0;10,0;0,0;0,0
CSSI;UNIDADES DE CUIDADOS PROLONGADOS - UCP;2025,0;9,0;0,0;0,0;9,0;0,0;0,0
CSSI;UNIDADES DE CUIDADOS PROLONGADOS - UCP;2025,0;10,0;1,0;1,0;9,0;0,1111111111111111;0,1111111111111111
CSSI;UNIDADES DE CUIDADOS PROLONGADOS - UCP;2025,0;11,0;0,0;0,0;7,0;0,0;0,0
CSSI;UNIDADES DE CUIDADOS PROLONGADOS - UCP;2025,0;12,0;0,0;0,0;4,0;0,0;0,0
CSSI;UNIDADES DE CUIDADOS PROLONGADOS - UCP;2026,0;1,0;0,0;0,0;7,0;0,0;0,0
CSSI;UNIDADES DE CUIDADOS PROLONGADOS - UCP;2026,0;2,0;1,0;1,0;6,0;0,16666666666666666;0,16666666666666666
CSSI;UNIDADES DE CUIDADOS PROLONGADOS - UCP;2026,0;3,0;0,0;0,0;7,0;0,0;0,0
CSSI;UNIDADES DE CUIDADOS PROLONGADOS - UCP;2026,0;4,0;1,0;1,0;8,0;0,125;0,125
CSSI;UNIDADES DE CUIDADOS PROLONGADOS - UCP;2026,0;5,0;0,0;0,0;7,0;0,0;0,0
CSSI;UNIDADES DE CUIDADOS PROLONGADOS - UCP;2026,0;6,0;1,0;1,0;9,0;0,1111111111111111;0,1111111111111111
CSSI;UNIDADES DE CUIDADOS PROLONGADOS - UCP;2026,0;7,0;4,0;4,0;6,0;0,6666666666666666;0,6666666666666666
CSSI;UNIDADES DE CUIDADOS PROLONGADOS - UCP;2026,0;8,0;1,0;1,0;11,0;0,09090909090909091;0,09090909090909091
HAC;AMBULATORIO - ESPECIALIDADES;2019,0;4,0;0,0;0,0;2,0;0,0;0,0
HAC;AMBULATORIO - ESPECIALIDADES;2019,0;5,0;0,0;0,0;2,0;0,0;0,0
HAC;AMBULATORIO - ESPECIALIDADES;2019,0;6,0;0,0;0,0;6,0;0,0;0,0
HAC;AMBULATORIO - ESPECIALIDADES;2019,0;7,0;0,0;0,0;1,0;0,0;0,0
HAC;AMBULATORIO - ESPECIALIDADES;2019,0;8,0;0,0;0,0;1,0;0,0;0,0
HAC;AMBULATORIO - ESPECIALIDADES;2019,0;9,0;0,0;0,0;1,0;0,0;0,0
HAC;AMBULATORIO - ESPECIALIDADES;2019,0;10,0;0,0;0,0;2,0;0,0;0,0
HAC;AMBULATORIO - ESPECIALIDADES;2019,0;11,0;0,0;0,0;1,0;0,0;0,0
HAC;AMBULATORIO - ESPECIALIDADES;2019,0;12,0;0,0;0,0;1,0;0,0;0,0
HAC;AMBULATORIO - ESPECIALIDADES;2020,0;2,0;0,0;0,0;1,0;0,0;0,0
HAC;AMBULATORIO - ESPECIALIDADES;2020,0;4,0;0,0;0,0;1,0;0,0;0,0
HAC;AMBULATORIO - ESPECIALIDADES;2020,0;6,0;0,0;0,0;2,0;0,0;0,0
HAC;AMBULATORIO - ESPECIALIDADES;2020,0;7,0;0,0;0,0;1,0;0,0;0,0
HAC;AMBULATORIO - ESPECIALIDADES;2020,0;8,0;0,0;0,0;1,0;0,0;0,0
HAC;AMBULATORIO - ESPECIALIDADES;2020,0;11,0;0,0;0,0;1,0;0,0;0,0
HAC;AMBULATORIO - ESPECIALIDADES;2020,0;12,0;0,0;0,0;1,0;0,0;0,0
HAC;AMBULATORIO - ESPECIALIDADES;2021,0;1,0;0,0;0,0;1,0;0,0;0,0
HAC;AMBULATORIO - ESPECIALIDADES;2021,0;2,0;0,0;0,0;1,0;0,0;0,0
HAC;AMBULATORIO - ESPECIALIDADES;2021,0;3,0;0,0;0,0;1,0;0,0;0,0
HAC;AMBULATORIO - ESPECIALIDADES;2021,0;6,0;0,0;0,0;1,0;0,0;0,0
HAC;AMBULATORIO - ESPECIALIDADES;2021,0;7,0;0,0;0,0;3,0;0,0;0,0
HAC;AMBULATORIO - ESPECIALIDADES;2021,0;8,0;0,0;0,0;1,0;0,0;0,0
HAC;AMBULATORIO - ESPECIALIDADES;2021,0;11,0;0,0;0,0;2,0;0,0;0,0
HAC;AMBULATORIO - ESPECIALIDADES;2021,0;12,0;0,0;0,0;1,0;0,0;0,0
HAC;AMBULATORIO - ESPECIALIDADES;2022,0;1,0;0,0;0,0;2,0;0,0;0,0
HAC;AMBULATORIO - ESPECIALIDADES;2022,0;2,0;0,0;0,0;1,0;0,0;0,0
HAC;AMBULATORIO - ESPECIALIDADES;2022,0;4,0;0,0;0,0;3,0;0,0;0,0
HAC;AMBULATORIO - ESPECIALIDADES;2022,0;5,0;1,0;1,0;2,0;0,5;0,5
HAC;AMBULATORIO - ESPECIALIDADES;2022,0;8,0;0,0;0,0;3,0;0,0;0,0
HAC;AMBULATORIO - ESPECIALIDADES;2022,0;9,0;0,0;0,0;5,0;0,0;0,0
HAC;AMBULATORIO - ESPECIALIDADES;2022,0;10,0;0,0;0,0;1,0;0,0;0,0
HAC;AMBULATORIO - ESPECIALIDADES;2022,0;11,0;0,0;0,0;1,0;0,0;0,0
HAC;AMBULATORIO - ESPECIALIDADES;2022,0;12,0;0,0;0,0;2,0;0,0;0,0
HAC;AMBULATORIO - ESPECIALIDADES;2023,0;1,0;0,0;0,0;1,0;0,0;0,0
HAC;AMBULATORIO - ESPECIALIDADES;2023,0;2,0;0,0;0,0;1,0;0,0;0,0
HAC;AMBULATORIO - ESPECIALIDADES;2023,0;5,0;0,0;0,0;1,0;0,0;0,0
HAC;AMBULATORIO - ESPECIALIDADES;2023,0;8,0;0,0;0,0;1,0;0,0;0,0
HAC;AMBULATORIO - ESPECIALIDADES;2023,0;9,0;0,0;0,0;3,0;0,0;0,0
HAC;AMBULATORIO - ESPECIALIDADES;2023,0;10,0;0,0;0,0;2,0;0,0;0,0
HAC;AMBULATORIO - ESPECIALIDADES;2023,0;11,0;0,0;0,0;3,0;0,0;0,0
HAC;AMBULATORIO - ESPECIALIDADES;2023,0;12,0;0,0;0,0;2,0;0,0;0,0
HAC;AMBULATORIO - ESPECIALIDADES;2024,0;1,0;0,0;0,0;1,0;0,0;0,0
HAC;AMBULATORIO - ESPECIALIDADES;2024,0;2,0;0,0;0,0;2,0;0,0;0,0
HAC;AMBULATORIO - ESPECIALIDADES;2024,0;3,0;0,0;0,0;3,0;0,0;0,0
HAC;AMBULATORIO - ESPECIALIDADES;2024,0;4,0;0,0;0,0;4,0;0,0;0,0
HAC;AMBULATORIO - ESPECIALIDADES;2024,0;5,0;0,0;0,0;1,0;0,0;0,0
HAC;AMBULATORIO - ESPECIALIDADES;2024,0;6,0;0,0;0,0;1,0;0,0;0,0
HAC;AMBULATORIO - ESPECIALIDADES;2024,0;7,0;0,0;0,0;2,0;0,0;0,0
HAC;AMBULATORIO - ESPECIALIDADES;2024,0;8,0;0,0;0,0;2,0;0,0;0,0
HAC;AMBULATORIO - ESPECIALIDADES;2024,0;9,0;0,0;0,0;2,0;0,0;0,0
HAC;AMBULATORIO - ESPECIALIDADES;2024,0;12,0;0,0;0,0;2,0;0,0;0,0
HAC;AMBULATORIO - ESPECIALIDADES;2025,0;2,0;0,0;0,0;2,0;0,0;0,0
HAC;AMBULATORIO - ESPECIALIDADES;2025,0;3,0;0,0;0,0;1,0;0,0;0,0
HAC;AMBULATORIO - ESPECIALIDADES;2025,0;4,0;0,0;0,0;2,0;0,0;0,0
HAC;AMBULATORIO - ESPECIALIDADES;2025,0;6,0;0,0;0,0;1,0;0,0;0,0
HAC;AMBULATORIO - ESPECIALIDADES;2025,0;7,0;0,0;0,0;3,0;0,0;0,0
HAC;AMBULATORIO - ESPECIALIDADES;2025,0;8,0;0,0;0,0;1,0;0,0;0,0
HAC;AMBULATORIO - ESPECIALIDADES;2025,0;9,0;0,0;0,0;1,0;0,0;0,0
HAC;AMBULATORIO DE ONCOLOGIA CLINICA;2022,0;5,0;0,0;0,0;2,0;0,0;0,0
HAC;AMBULATORIO DE ONCOLOGIA CLINICA;2023,0;2,0;0,0;0,0;1,0;0,0;0,0
HAC;AMBULATORIO DE ONCOLOGIA CLINICA;2023,0;3,0;0,0;0,0;1,0;0,0;0,0
HAC;AMBULATORIO DE ONCOLOGIA CLINICA;2023,0;7,0;0,0;0,0;1,0;0,0;0,0
HAC;AMBULATORIO DE ONCOLOGIA CLINICA;2023,0;9,0;0,0;0,0;1,0;0,0;0,0
HAC;AMBULATORIO DE ONCOLOGIA CLINICA;2024,0;2,0;0,0;0,0;1,0;0,0;0,0
HAC;AMBULATORIO DE ONCOLOGIA CLINICA;2024,0;7,0;0,0;0,0;1,0;0,0;0,0
HAC;AMBULATORIO DE ONCOLOGIA CLINICA;2024,0;8,0;0,0;0,0;1,0;0,0;0,0
HAC;AMBULATORIO DE ONCOLOGIA CLINICA;2025,0;1,0;0,0;0,0;1,0;0,0;0,0
HAC;AMBULATORIO DE ONCOLOGIA CLINICA;2025,0;5,0;0,0;0,0;1,0;0,0;0,0
HAC;AMBULATORIO DE ONCOLOGIA CLINICA;2025,0;8,0;0,0;0,0;4,0;0,0;0,0
HAC;AMBULATORIO DE ONCOLOGIA CLINICA;2025,0;10,0;0,0;0,0;1,0;0,0;0,0
HAC;AMBULATORIO DE ONCOLOGIA ESPECIALIDADES;2024,0;9,0;0,0;0,0;1,0;0,0;0,0
HAC;AMBULATORIO DE ONCOLOGIA ESPECIALIDADES;2024,0;11,0;0,0;0,0;1,0;0,0;0,0
HAC;AMBULATORIO DE ONCOLOGIA ESPECIALIDADES;2025,0;4,0;0,0;0,0;1,0;0,0;0,0
HAC;CTI ADULTO;2025,0;10,0;4,0;4,0;7,0;0,5714285714285714;0,5714285714285714
HAC;CTI ADULTO;2025,0;11,0;3,0;3,0;6,0;0,5;0,5
HAC;CTI ADULTO;2025,0;12,0;6,0;6,0;7,0;0,8571428571428571;0,8571428571428571
HAC;CTI ADULTO;2026,0;1,0;10,0;8,0;15,0;0,6666666666666666;0,5333333333333333
HAC;CTI ADULTO;2026,0;2,0;4,0;4,0;8,0;0,5;0,5
HAC;CTI ADULTO;2026,0;3,0;7,0;7,0;11,0;0,6363636363636364;0,6363636363636364
HAC;CTI ADULTO;2026,0;4,0;9,0;9,0;12,0;0,75;0,75
HAC;CTI ADULTO;2026,0;5,0;4,0;4,0;6,0;0,6666666666666666;0,6666666666666666
HAC;CTI ADULTO;2026,0;6,0;5,0;5,0;7,0;0,7142857142857143;0,7142857142857143
HAC;CTI ADULTO;2026,0;7,0;8,0;8,0;9,0;0,8888888888888888;0,8888888888888888
HAC;CTI ADULTO;2026,0;8,0;5,0;5,0;5,0;1,0;1,0
HAC;QUIMIOTERAPIA;2019,0;2,0;0,0;0,0;1,0;0,0;0,0
HAC;QUIMIOTERAPIA;2019,0;5,0;0,0;0,0;1,0;0,0;0,0
HAC;QUIMIOTERAPIA;2019,0;7,0;0,0;0,0;1,0;0,0;0,0
HAC;QUIMIOTERAPIA;2019,0;8,0;0,0;0,0;1,0;0,0;0,0
HAC;QUIMIOTERAPIA;2019,0;10,0;0,0;0,0;2,0;0,0;0,0
HAC;QUIMIOTERAPIA;2019,0;12,0;0,0;0,0;1,0;0,0;0,0
HAC;QUIMIOTERAPIA;2020,0;2,0;0,0;0,0;2,0;0,0;0,0
HAC;QUIMIOTERAPIA;2020,0;3,0;0,0;0,0;2,0;0,0;0,0
HAC;QUIMIOTERAPIA;2020,0;4,0;0,0;0,0;1,0;0,0;0,0
HAC;QUIMIOTERAPIA;2020,0;5,0;0,0;0,0;1,0;0,0;0,0
HAC;QUIMIOTERAPIA;2020,0;6,0;0,0;0,0;1,0;0,0;0,0
HAC;QUIMIOTERAPIA;2020,0;8,0;0,0;0,0;1,0;0,0;0,0
HAC;QUIMIOTERAPIA;2020,0;9,0;0,0;0,0;1,0;0,0;0,0
HAC;QUIMIOTERAPIA;2020,0;10,0;0,0;0,0;1,0;0,0;0,0
HAC;QUIMIOTERAPIA;2021,0;3,0;0,0;0,0;1,0;0,0;0,0
HAC;QUIMIOTERAPIA;2021,0;6,0;0,0;0,0;1,0;0,0;0,0
HAC;QUIMIOTERAPIA;2021,0;7,0;0,0;0,0;1,0;0,0;0,0
HAC;QUIMIOTERAPIA;2021,0;10,0;0,0;0,0;1,0;0,0;0,0
HAC;QUIMIOTERAPIA;2021,0;11,0;0,0;0,0;3,0;0,0;0,0
HAC;QUIMIOTERAPIA;2021,0;12,0;0,0;0,0;1,0;0,0;0,0
HAC;QUIMIOTERAPIA;2022,0;1,0;0,0;0,0;1,0;0,0;0,0
HAC;QUIMIOTERAPIA;2022,0;2,0;0,0;0,0;1,0;0,0;0,0
HAC;QUIMIOTERAPIA;2022,0;4,0;0,0;0,0;1,0;0,0;0,0
HAC;QUIMIOTERAPIA;2022,0;5,0;0,0;0,0;2,0;0,0;0,0
HAC;QUIMIOTERAPIA;2022,0;12,0;0,0;0,0;1,0;0,0;0,0
HAC;QUIMIOTERAPIA;2023,0;2,0;0,0;0,0;2,0;0,0;0,0
HAC;QUIMIOTERAPIA;2023,0;4,0;0,0;0,0;1,0;0,0;0,0
HAC;QUIMIOTERAPIA;2023,0;5,0;0,0;0,0;1,0;0,0;0,0
HAC;QUIMIOTERAPIA;2023,0;6,0;0,0;0,0;1,0;0,0;0,0
HAC;QUIMIOTERAPIA;2024,0;1,0;0,0;0,0;1,0;0,0;0,0
HAC;QUIMIOTERAPIA;2024,0;2,0;0,0;0,0;2,0;0,0;0,0
HAC;QUIMIOTERAPIA;2024,0;4,0;0,0;0,0;2,0;0,0;0,0
HAC;QUIMIOTERAPIA;2024,0;6,0;0,0;0,0;1,0;0,0;0,0
HAC;QUIMIOTERAPIA;2024,0;7,0;0,0;0,0;2,0;0,0;0,0
HAC;QUIMIOTERAPIA;2024,0;8,0;0,0;0,0;1,0;0,0;0,0
HAC;QUIMIOTERAPIA;2024,0;9,0;0,0;0,0;2,0;0,0;0,0
HAC;QUIMIOTERAPIA;2024,0;10,0;0,0;0,0;2,0;0,0;0,0
HAC;QUIMIOTERAPIA;2024,0;11,0;0,0;0,0;4,0;0,0;0,0
HAC;QUIMIOTERAPIA;2025,0;5,0;0,0;0,0;1,0;0,0;0,0
HAC;QUIMIOTERAPIA;2025,0;6,0;0,0;0,0;1,0;0,0;0,0
HAC;UDC - OBSERVAÇÃO;2025,0;10,0;0,0;0,0;8,0;0,0;0,0
HAC;UDC - OBSERVAÇÃO;2025,0;11,0;2,0;1,0;27,0;0,07407407407407407;0,037037037037037035
HAC;UDC - OBSERVAÇÃO;2025,0;12,0;3,0;3,0;12,0;0,25;0,25
HAC;UDC - OBSERVAÇÃO;2026,0;1,0;1,0;1,0;6,0;0,16666666666666666;0,16666666666666666
HAC;UDC - OBSERVAÇÃO;2026,0;2,0;1,0;1,0;12,0;0,08333333333333333;0,08333333333333333
HAC;UDC - OBSERVAÇÃO;2026,0;3,0;2,0;2,0;25,0;0,08;0,08
HAC;UDC - OBSERVAÇÃO;2026,0;4,0;1,0;1,0;19,0;0,05263157894736842;0,05263157894736842
HAC;UDC - OBSERVAÇÃO;2026,0;5,0;0,0;0,0;19,0;0,0;0,0
HAC;UDC - OBSERVAÇÃO;2026,0;6,0;2,0;2,0;21,0;0,09523809523809523;0,09523809523809523
HAC;UDC - OBSERVAÇÃO;2026,0;7,0;2,0;2,0;22,0;0,09090909090909091;0,09090909090909091
HAC;UDC - OBSERVAÇÃO;2026,0;8,0;1,0;1,0;28,0;0,03571428571428571;0,03571428571428571
HAC;UNIDADE DE DECISAO CLINICA;2021,0;5,0;0,0;0,0;5,0;0,0;0,0
HAC;UNIDADE DE DECISAO CLINICA;2021,0;6,0;1,0;1,0;29,0;0,034482758620689655;0,034482758620689655
HAC;UNIDADE DE DECISAO CLINICA;2021,0;7,0;0,0;0,0;15,0;0,0;0,0
HAC;UNIDADE DE DECISAO CLINICA;2021,0;8,0;2,0;2,0;18,0;0,1111111111111111;0,1111111111111111
HAC;UNIDADE DE DECISAO CLINICA;2021,0;9,0;1,0;0,0;13,0;0,07692307692307693;0,0
HAC;UNIDADE DE INTERNAÇÃO - CLÍNICA CIRÚRGICA;2025,0;10,0;5,0;5,0;62,0;0,08064516129032258;0,08064516129032258
HAC;UNIDADE DE INTERNAÇÃO - CLÍNICA CIRÚRGICA;2025,0;11,0;1,0;1,0;96,0;0,010416666666666666;0,010416666666666666
HAC;UNIDADE DE INTERNAÇÃO - CLÍNICA CIRÚRGICA;2025,0;12,0;4,0;4,0;111,0;0,036036036036036036;0,036036036036036036
HAC;UNIDADE DE INTERNAÇÃO - CLÍNICA CIRÚRGICA;2026,0;1,0;2,0;2,0;96,0;0,020833333333333332;0,020833333333333332
HAC;UNIDADE DE INTERNAÇÃO - CLÍNICA CIRÚRGICA;2026,0;2,0;2,0;2,0;78,0;0,02564102564102564;0,02564102564102564
HAC;UNIDADE DE INTERNAÇÃO - CLÍNICA CIRÚRGICA;2026,0;3,0;1,0;1,0;124,0;0,008064516129032258;0,008064516129032258
HAC;UNIDADE DE INTERNAÇÃO - CLÍNICA CIRÚRGICA;2026,0;4,0;2,0;2,0;98,0;0,02040816326530612;0,02040816326530612
HAC;UNIDADE DE INTERNAÇÃO - CLÍNICA CIRÚRGICA;2026,0;5,0;1,0;1,0;96,0;0,010416666666666666;0,010416666666666666
HAC;UNIDADE DE INTERNAÇÃO - CLÍNICA CIRÚRGICA;2026,0;6,0;2,0;2,0;107,0;0,018691588785046728;0,018691588785046728
HAC;UNIDADE DE INTERNAÇÃO - CLÍNICA CIRÚRGICA;2026,0;7,0;2,0;2,0;144,0;0,013888888888888888;0,013888888888888888
HAC;UNIDADE DE INTERNAÇÃO - CLÍNICA CIRÚRGICA;2026,0;8,0;4,0;3,0;104,0;0,038461538461538464;0,028846153846153848
HAC;UNIDADE DE INTERNAÇÃO - CLÍNICA MÉDICA;2025,0;10,0;6,0;6,0;121,0;0,049586776859504134;0,049586776859504134
HAC;UNIDADE DE INTERNAÇÃO - CLÍNICA MÉDICA;2025,0;11,0;19,0;19,0;175,0;0,10857142857142857;0,10857142857142857
HAC;UNIDADE DE INTERNAÇÃO - CLÍNICA MÉDICA;2025,0;12,0;10,0;10,0;167,0;0,059880239520958084;0,059880239520958084
HAC;UNIDADE DE INTERNAÇÃO - CLÍNICA MÉDICA;2026,0;1,0;14,0;14,0;170,0;0,08235294117647059;0,08235294117647059
HAC;UNIDADE DE INTERNAÇÃO - CLÍNICA MÉDICA;2026,0;2,0;13,0;13,0;160,0;0,08125;0,08125
HAC;UNIDADE DE INTERNAÇÃO - CLÍNICA MÉDICA;2026,0;3,0;11,0;11,0;168,0;0,06547619047619048;0,06547619047619048
HAC;UNIDADE DE INTERNAÇÃO - CLÍNICA MÉDICA;2026,0;4,0;13,0;12,0;192,0;0,06770833333333333;0,0625
HAC;UNIDADE DE INTERNAÇÃO - CLÍNICA MÉDICA;2026,0;5,0;12,0;12,0;199,0;0,06030150753768844;0,06030150753768844
HAC;UNIDADE DE INTERNAÇÃO - CLÍNICA MÉDICA;2026,0;6,0;11,0;11,0;194,0;0,05670103092783505;0,05670103092783505
HAC;UNIDADE DE INTERNAÇÃO - CLÍNICA MÉDICA;2026,0;7,0;11,0;11,0;200,0;0,055;0,055
HAC;UNIDADE DE INTERNAÇÃO - CLÍNICA MÉDICA;2026,0;8,0;13,0;13,0;211,0;0,061611374407582936;0,061611374407582936
HAC;UNIDADE INTERNAÇÃO - CIRURGIA GERAL;2019,0;1,0;0,0;0,0;167,0;0,0;0,0
HAC;UNIDADE INTERNAÇÃO - CIRURGIA GERAL;2019,0;2,0;0,0;0,0;178,0;0,0;0,0
HAC;UNIDADE INTERNAÇÃO - CIRURGIA GERAL;2019,0;3,0;2,0;2,0;163,0;0,012269938650306749;0,012269938650306749
HAC;UNIDADE INTERNAÇÃO - CIRURGIA GERAL;2019,0;4,0;1,0;1,0;190,0;0,005263157894736842;0,005263157894736842
HAC;UNIDADE INTERNAÇÃO - CIRURGIA GERAL;2019,0;5,0;1,0;1,0;187,0;0,0053475935828877;0,0053475935828877
HAC;UNIDADE INTERNAÇÃO - CIRURGIA GERAL;2019,0;6,0;1,0;1,0;188,0;0,005319148936170213;0,005319148936170213
HAC;UNIDADE INTERNAÇÃO - CIRURGIA GERAL;2019,0;7,0;0,0;0,0;168,0;0,0;0,0
HAC;UNIDADE INTERNAÇÃO - CIRURGIA GERAL;2019,0;8,0;0,0;0,0;172,0;0,0;0,0
HAC;UNIDADE INTERNAÇÃO - CIRURGIA GERAL;2019,0;9,0;1,0;0,0;139,0;0,007194244604316547;0,0
HAC;UNIDADE INTERNAÇÃO - CIRURGIA GERAL;2019,0;10,0;2,0;2,0;159,0;0,012578616352201259;0,012578616352201259
HAC;UNIDADE INTERNAÇÃO - CIRURGIA GERAL;2019,0;11,0;0,0;0,0;154,0;0,0;0,0
HAC;UNIDADE INTERNAÇÃO - CIRURGIA GERAL;2019,0;12,0;1,0;1,0;144,0;0,006944444444444444;0,006944444444444444
HAC;UNIDADE INTERNAÇÃO - CIRURGIA GERAL;2020,0;1,0;1,0;1,0;104,0;0,009615384615384616;0,009615384615384616
HAC;UNIDADE INTERNAÇÃO - CIRURGIA GERAL;2020,0;2,0;3,0;3,0;143,0;0,02097902097902098;0,02097902097902098
HAC;UNIDADE INTERNAÇÃO - CIRURGIA GERAL;2020,0;3,0;0,0;0,0;139,0;0,0;0,0
HAC;UNIDADE INTERNAÇÃO - CIRURGIA GERAL;2020,0;4,0;3,0;3,0;118,0;0,025423728813559324;0,025423728813559324
HAC;UNIDADE INTERNAÇÃO - CIRURGIA GERAL;2020,0;5,0;3,0;2,0;113,0;0,02654867256637168;0,017699115044247787
HAC;UNIDADE INTERNAÇÃO - CIRURGIA GERAL;2020,0;6,0;0,0;0,0;105,0;0,0;0,0
HAC;UNIDADE INTERNAÇÃO - CIRURGIA GERAL;2020,0;7,0;0,0;0,0;105,0;0,0;0,0
HAC;UNIDADE INTERNAÇÃO - CIRURGIA GERAL;2020,0;8,0;1,0;0,0;115,0;0,008695652173913044;0,0
HAC;UNIDADE INTERNAÇÃO - CIRURGIA GERAL;2020,0;9,0;2,0;2,0;109,0;0,01834862385321101;0,01834862385321101
HAC;UNIDADE INTERNAÇÃO - CIRURGIA GERAL;2020,0;10,0;3,0;3,0;120,0;0,025;0,025
HAC;UNIDADE INTERNAÇÃO - CIRURGIA GERAL;2020,0;11,0;4,0;4,0;119,0;0,03361344537815126;0,03361344537815126
HAC;UNIDADE INTERNAÇÃO - CIRURGIA GERAL;2020,0;12,0;3,0;2,0;129,0;0,023255813953488372;0,015503875968992248
HAC;UNIDADE INTERNAÇÃO - CIRURGIA GERAL;2021,0;1,0;1,0;1,0;101,0;0,009900990099009901;0,009900990099009901
HAC;UNIDADE INTERNAÇÃO - CIRURGIA GERAL;2021,0;2,0;1,0;1,0;97,0;0,010309278350515464;0,010309278350515464
HAC;UNIDADE INTERNAÇÃO - CIRURGIA GERAL;2021,0;3,0;1,0;1,0;141,0;0,0070921985815602835;0,0070921985815602835
HAC;UNIDADE INTERNAÇÃO - CIRURGIA GERAL;2021,0;4,0;4,0;4,0;124,0;0,03225806451612903;0,03225806451612903
HAC;UNIDADE INTERNAÇÃO - CIRURGIA GERAL;2021,0;5,0;4,0;4,0;144,0;0,027777777777777776;0,027777777777777776
HAC;UNIDADE INTERNAÇÃO - CIRURGIA GERAL;2021,0;6,0;1,0;1,0;133,0;0,007518796992481203;0,007518796992481203
HAC;UNIDADE INTERNAÇÃO - CIRURGIA GERAL;2021,0;7,0;2,0;2,0;143,0;0,013986013986013986;0,013986013986013986
HAC;UNIDADE INTERNAÇÃO - CIRURGIA GERAL;2021,0;8,0;1,0;1,0;129,0;0,007751937984496124;0,007751937984496124
HAC;UNIDADE INTERNAÇÃO - CIRURGIA GERAL;2021,0;9,0;2,0;2,0;124,0;0,016129032258064516;0,016129032258064516
HAC;UNIDADE INTERNAÇÃO - CIRURGIA GERAL;2021,0;10,0;0,0;0,0;108,0;0,0;0,0
HAC;UNIDADE INTERNAÇÃO - CIRURGIA GERAL;2021,0;11,0;1,0;1,0;109,0;0,009174311926605505;0,009174311926605505
HAC;UNIDADE INTERNAÇÃO - CIRURGIA GERAL;2021,0;12,0;2,0;2,0;107,0;0,018691588785046728;0,018691588785046728
HAC;UNIDADE INTERNAÇÃO - CIRURGIA GERAL;2022,0;1,0;1,0;1,0;61,0;0,01639344262295082;0,01639344262295082
HAC;UNIDADE INTERNAÇÃO - CIRURGIA GERAL;2022,0;2,0;1,0;1,0;79,0;0,012658227848101266;0,012658227848101266
HAC;UNIDADE INTERNAÇÃO - CIRURGIA GERAL;2022,0;3,0;1,0;1,0;88,0;0,011363636363636364;0,011363636363636364
HAC;UNIDADE INTERNAÇÃO - CIRURGIA GERAL;2022,0;4,0;1,0;1,0;90,0;0,011111111111111112;0,011111111111111112
HAC;UNIDADE INTERNAÇÃO - CIRURGIA GERAL;2022,0;5,0;3,0;3,0;116,0;0,02586206896551724;0,02586206896551724
HAC;UNIDADE INTERNAÇÃO - CIRURGIA GERAL;2022,0;6,0;0,0;0,0;117,0;0,0;0,0
HAC;UNIDADE INTERNAÇÃO - CIRURGIA GERAL;2022,0;7,0;2,0;2,0;105,0;0,01904761904761905;0,01904761904761905
HAC;UNIDADE INTERNAÇÃO - CIRURGIA GERAL;2022,0;8,0;3,0;3,0;126,0;0,023809523809523808;0,023809523809523808
HAC;UNIDADE INTERNAÇÃO - CIRURGIA GERAL;2022,0;9,0;0,0;0,0;42,0;0,0;0,0
HAC;UNIDADE INTERNAÇÃO - CLINICA CIRURGICA;2022,0;9,0;5,0;5,0;60,0;0,08333333333333333;0,08333333333333333
HAC;UNIDADE INTERNAÇÃO - CLINICA CIRURGICA;2022,0;10,0;3,0;3,0;121,0;0,024793388429752067;0,024793388429752067
HAC;UNIDADE INTERNAÇÃO - CLINICA CIRURGICA;2022,0;11,0;2,0;0,0;93,0;0,021505376344086023;0,0
HAC;UNIDADE INTERNAÇÃO - CLINICA CIRURGICA;2022,0;12,0;2,0;1,0;109,0;0,01834862385321101;0,009174311926605505
HAC;UNIDADE INTERNAÇÃO - CLINICA CIRURGICA;2023,0;1,0;4,0;4,0;94,0;0,0425531914893617;0,0425531914893617
HAC;UNIDADE INTERNAÇÃO - CLINICA CIRURGICA;2023,0;2,0;2,0;2,0;114,0;0,017543859649122806;0,017543859649122806
HAC;UNIDADE INTERNAÇÃO - CLINICA CIRURGICA;2023,0;3,0;5,0;4,0;172,0;0,029069767441860465;0,023255813953488372
HAC;UNIDADE INTERNAÇÃO - CLINICA CIRURGICA;2023,0;4,0;2,0;2,0;133,0;0,015037593984962405;0,015037593984962405
HAC;UNIDADE INTERNAÇÃO - CLINICA CIRURGICA;2023,0;5,0;2,0;2,0;144,0;0,013888888888888888;0,013888888888888888
HAC;UNIDADE INTERNAÇÃO - CLINICA CIRURGICA;2023,0;6,0;4,0;4,0;154,0;0,025974025974025976;0,025974025974025976
HAC;UNIDADE INTERNAÇÃO - CLINICA CIRURGICA;2023,0;7,0;6,0;5,0;160,0;0,0375;0,03125
HAC;UNIDADE INTERNAÇÃO - CLINICA CIRURGICA;2023,0;8,0;4,0;4,0;162,0;0,024691358024691357;0,024691358024691357
HAC;UNIDADE INTERNAÇÃO - CLINICA CIRURGICA;2023,0;9,0;1,0;1,0;138,0;0,007246376811594203;0,007246376811594203
HAC;UNIDADE INTERNAÇÃO - CLINICA CIRURGICA;2023,0;10,0;4,0;4,0;152,0;0,02631578947368421;0,02631578947368421
HAC;UNIDADE INTERNAÇÃO - CLINICA CIRURGICA;2023,0;11,0;3,0;3,0;121,0;0,024793388429752067;0,024793388429752067
HAC;UNIDADE INTERNAÇÃO - CLINICA CIRURGICA;2023,0;12,0;2,0;2,0;143,0;0,013986013986013986;0,013986013986013986
HAC;UNIDADE INTERNAÇÃO - CLINICA CIRURGICA;2024,0;1,0;2,0;2,0;121,0;0,01652892561983471;0,01652892561983471
HAC;UNIDADE INTERNAÇÃO - CLINICA CIRURGICA;2024,0;2,0;3,0;2,0;132,0;0,022727272727272728;0,015151515151515152
HAC;UNIDADE INTERNAÇÃO - CLINICA CIRURGICA;2024,0;3,0;0,0;0,0;151,0;0,0;0,0
HAC;UNIDADE INTERNAÇÃO - CLINICA CIRURGICA;2024,0;4,0;1,0;1,0;142,0;0,007042253521126761;0,007042253521126761
HAC;UNIDADE INTERNAÇÃO - CLINICA CIRURGICA;2024,0;5,0;2,0;2,0;135,0;0,014814814814814815;0,014814814814814815
HAC;UNIDADE INTERNAÇÃO - CLINICA CIRURGICA;2024,0;6,0;4,0;2,0;138,0;0,028985507246376812;0,014492753623188406
HAC;UNIDADE INTERNAÇÃO - CLINICA CIRURGICA;2024,0;7,0;0,0;0,0;121,0;0,0;0,0
HAC;UNIDADE INTERNAÇÃO - CLINICA CIRURGICA;2024,0;8,0;1,0;1,0;134,0;0,007462686567164179;0,007462686567164179
HAC;UNIDADE INTERNAÇÃO - CLINICA CIRURGICA;2024,0;9,0;0,0;0,0;142,0;0,0;0,0
HAC;UNIDADE INTERNAÇÃO - CLINICA CIRURGICA;2024,0;10,0;2,0;1,0;158,0;0,012658227848101266;0,006329113924050633
HAC;UNIDADE INTERNAÇÃO - CLINICA CIRURGICA;2024,0;11,0;1,0;1,0;150,0;0,006666666666666667;0,006666666666666667
HAC;UNIDADE INTERNAÇÃO - CLINICA CIRURGICA;2024,0;12,0;3,0;3,0;141,0;0,02127659574468085;0,02127659574468085
HAC;UNIDADE INTERNAÇÃO - CLINICA CIRURGICA;2025,0;1,0;5,0;4,0;131,0;0,03816793893129771;0,030534351145038167
HAC;UNIDADE INTERNAÇÃO - CLINICA CIRURGICA;2025,0;2,0;3,0;3,0;109,0;0,027522935779816515;0,027522935779816515
HAC;UNIDADE INTERNAÇÃO - CLINICA CIRURGICA;2025,0;3,0;4,0;4,0;119,0;0,03361344537815126;0,03361344537815126
HAC;UNIDADE INTERNAÇÃO - CLINICA CIRURGICA;2025,0;4,0;1,0;1,0;139,0;0,007194244604316547;0,007194244604316547
HAC;UNIDADE INTERNAÇÃO - CLINICA CIRURGICA;2025,0;5,0;3,0;3,0;122,0;0,02459016393442623;0,02459016393442623
HAC;UNIDADE INTERNAÇÃO - CLINICA CIRURGICA;2025,0;6,0;5,0;5,0;122,0;0,040983606557377046;0,040983606557377046
HAC;UNIDADE INTERNAÇÃO - CLINICA CIRURGICA;2025,0;7,0;6,0;6,0;101,0;0,0594059405940594;0,0594059405940594
HAC;UNIDADE INTERNAÇÃO - CLINICA CIRURGICA;2025,0;8,0;3,0;3,0;121,0;0,024793388429752067;0,024793388429752067
HAC;UNIDADE INTERNAÇÃO - CLINICA CIRURGICA;2025,0;9,0;4,0;3,0;106,0;0,03773584905660377;0,02830188679245283
HAC;UNIDADE INTERNAÇÃO - CLINICA CIRURGICA;2025,0;10,0;1,0;1,0;54,0;0,018518518518518517;0,018518518518518517
HAC;UNIDADE INTERNAÇÃO - CLINICA MÉDICA;2019,0;1,0;18,0;17,0;114,0;0,15789473684210525;0,14912280701754385
HAC;UNIDADE INTERNAÇÃO - CLINICA MÉDICA;2019,0;2,0;21,0;21,0;112,0;0,1875;0,1875
HAC;UNIDADE INTERNAÇÃO - CLINICA MÉDICA;2019,0;3,0;15,0;14,0;112,0;0,13392857142857142;0,125
HAC;UNIDADE INTERNAÇÃO - CLINICA MÉDICA;2019,0;4,0;12,0;12,0;104,0;0,11538461538461539;0,11538461538461539
HAC;UNIDADE INTERNAÇÃO - CLINICA MÉDICA;2019,0;5,0;16,0;16,0;114,0;0,14035087719298245;0,14035087719298245
HAC;UNIDADE INTERNAÇÃO - CLINICA MÉDICA;2019,0;6,0;18,0;18,0;111,0;0,16216216216216217;0,16216216216216217
HAC;UNIDADE INTERNAÇÃO - CLINICA MÉDICA;2019,0;7,0;15,0;15,0;106,0;0,14150943396226415;0,14150943396226415
HAC;UNIDADE INTERNAÇÃO - CLINICA MÉDICA;2019,0;8,0;16,0;16,0;108,0;0,14814814814814814;0,14814814814814814
HAC;UNIDADE INTERNAÇÃO - CLINICA MÉDICA;2019,0;9,0;15,0;15,0;111,0;0,13513513513513514;0,13513513513513514
HAC;UNIDADE INTERNAÇÃO - CLINICA MÉDICA;2019,0;10,0;16,0;16,0;120,0;0,13333333333333333;0,13333333333333333
HAC;UNIDADE INTERNAÇÃO - CLINICA MÉDICA;2019,0;11,0;13,0;13,0;115,0;0,11304347826086956;0,11304347826086956
HAC;UNIDADE INTERNAÇÃO - CLINICA MÉDICA;2019,0;12,0;12,0;12,0;133,0;0,09022556390977443;0,09022556390977443
HAC;UNIDADE INTERNAÇÃO - CLINICA MÉDICA;2020,0;1,0;7,0;7,0;124,0;0,056451612903225805;0,056451612903225805
HAC;UNIDADE INTERNAÇÃO - CLINICA MÉDICA;2020,0;2,0;11,0;11,0;95,0;0,11578947368421053;0,11578947368421053
HAC;UNIDADE INTERNAÇÃO - CLINICA MÉDICA;2020,0;3,0;11,0;11,0;128,0;0,0859375;0,0859375
HAC;UNIDADE INTERNAÇÃO - CLINICA MÉDICA;2020,0;4,0;8,0;8,0;103,0;0,07766990291262135;0,07766990291262135
HAC;UNIDADE INTERNAÇÃO - CLINICA MÉDICA;2020,0;5,0;9,0;9,0;113,0;0,07964601769911504;0,07964601769911504
HAC;UNIDADE INTERNAÇÃO - CLINICA MÉDICA;2020,0;6,0;18,0;18,0;124,0;0,14516129032258066;0,14516129032258066
HAC;UNIDADE INTERNAÇÃO - CLINICA MÉDICA;2020,0;7,0;14,0;14,0;124,0;0,11290322580645161;0,11290322580645161
HAC;UNIDADE INTERNAÇÃO - CLINICA MÉDICA;2020,0;8,0;15,0;15,0;117,0;0,1282051282051282;0,1282051282051282
HAC;UNIDADE INTERNAÇÃO - CLINICA MÉDICA;2020,0;9,0;6,0;6,0;107,0;0,056074766355140186;0,056074766355140186
HAC;UNIDADE INTERNAÇÃO - CLINICA MÉDICA;2020,0;10,0;10,0;10,0;116,0;0,08620689655172414;0,08620689655172414
HAC;UNIDADE INTERNAÇÃO - CLINICA MÉDICA;2020,0;11,0;16,0;16,0;107,0;0,14953271028037382;0,14953271028037382
HAC;UNIDADE INTERNAÇÃO - CLINICA MÉDICA;2020,0;12,0;15,0;15,0;117,0;0,1282051282051282;0,1282051282051282
HAC;UNIDADE INTERNAÇÃO - CLINICA MÉDICA;2021,0;1,0;10,0;10,0;97,0;0,10309278350515463;0,10309278350515463
HAC;UNIDADE INTERNAÇÃO - CLINICA MÉDICA;2021,0;2,0;9,0;8,0;90,0;0,1;0,08888888888888889
HAC;UNIDADE INTERNAÇÃO - CLINICA MÉDICA;2021,0;3,0;10,0;10,0;104,0;0,09615384615384616;0,09615384615384616
HAC;UNIDADE INTERNAÇÃO - CLINICA MÉDICA;2021,0;4,0;9,0;8,0;91,0;0,0989010989010989;0,08791208791208792
HAC;UNIDADE INTERNAÇÃO - CLINICA MÉDICA;2021,0;5,0;10,0;10,0;88,0;0,11363636363636363;0,11363636363636363
HAC;UNIDADE INTERNAÇÃO - CLINICA MÉDICA;2021,0;6,0;11,0;11,0;91,0;0,12087912087912088;0,12087912087912088
HAC;UNIDADE INTERNAÇÃO - CLINICA MÉDICA;2021,0;7,0;11,0;11,0;88,0;0,125;0,125
HAC;UNIDADE INTERNAÇÃO - CLINICA MÉDICA;2021,0;8,0;9,0;9,0;106,0;0,08490566037735849;0,08490566037735849
HAC;UNIDADE INTERNAÇÃO - CLINICA MÉDICA;2021,0;9,0;15,0;15,0;123,0;0,12195121951219512;0,12195121951219512
HAC;UNIDADE INTERNAÇÃO - CLINICA MÉDICA;2021,0;10,0;16,0;16,0;150,0;0,10666666666666667;0,10666666666666667
HAC;UNIDADE INTERNAÇÃO - CLINICA MÉDICA;2021,0;11,0;15,0;15,0;104,0;0,14423076923076922;0,14423076923076922
HAC;UNIDADE INTERNAÇÃO - CLINICA MÉDICA;2021,0;12,0;10,0;7,0;119,0;0,08403361344537816;0,058823529411764705
HAC;UNIDADE INTERNAÇÃO - CLINICA MÉDICA;2022,0;1,0;16,0;16,0;134,0;0,11940298507462686;0,11940298507462686
HAC;UNIDADE INTERNAÇÃO - CLINICA MÉDICA;2022,0;2,0;16,0;14,0;100,0;0,16;0,14
HAC;UNIDADE INTERNAÇÃO - CLINICA MÉDICA;2022,0;3,0;15,0;14,0;103,0;0,14563106796116504;0,13592233009708737
HAC;UNIDADE INTERNAÇÃO - CLINICA MÉDICA;2022,0;4,0;10,0;10,0;106,0;0,09433962264150944;0,09433962264150944
HAC;UNIDADE INTERNAÇÃO - CLINICA MÉDICA;2022,0;5,0;6,0;6,0;120,0;0,05;0,05
HAC;UNIDADE INTERNAÇÃO - CLINICA MÉDICA;2022,0;6,0;16,0;15,0;132,0;0,12121212121212122;0,11363636363636363
HAC;UNIDADE INTERNAÇÃO - CLINICA MÉDICA;2022,0;7,0;13,0;13,0;134,0;0,09701492537313433;0,09701492537313433
HAC;UNIDADE INTERNAÇÃO - CLINICA MÉDICA;2022,0;8,0;9,0;7,0;108,0;0,08333333333333333;0,06481481481481481
HAC;UNIDADE INTERNAÇÃO - CLINICA MÉDICA;2022,0;9,0;5,0;5,0;83,0;0,060240963855421686;0,060240963855421686
HAC;UNIDADE INTERNAÇÃO - CLINICA MÉDICA;2022,0;10,0;16,0;15,0;113,0;0,1415929203539823;0,13274336283185842
HAC;UNIDADE INTERNAÇÃO - CLINICA MÉDICA;2022,0;11,0;10,0;10,0;90,0;0,1111111111111111;0,1111111111111111
HAC;UNIDADE INTERNAÇÃO - CLINICA MÉDICA;2022,0;12,0;11,0;11,0;127,0;0,08661417322834646;0,08661417322834646
HAC;UNIDADE INTERNAÇÃO - CLINICA MÉDICA;2023,0;1,0;12,0;10,0;102,0;0,11764705882352941;0,09803921568627451
HAC;UNIDADE INTERNAÇÃO - CLINICA MÉDICA;2023,0;2,0;19,0;18,0;99,0;0,1919191919191919;0,18181818181818182
HAC;UNIDADE INTERNAÇÃO - CLINICA MÉDICA;2023,0;3,0;21,0;20,0;115,0;0,1826086956521739;0,17391304347826086
HAC;UNIDADE INTERNAÇÃO - CLINICA MÉDICA;2023,0;4,0;13,0;13,0;117,0;0,1111111111111111;0,1111111111111111
HAC;UNIDADE INTERNAÇÃO - CLINICA MÉDICA;2023,0;5,0;19,0;18,0;107,0;0,17757009345794392;0,16822429906542055
HAC;UNIDADE INTERNAÇÃO - CLINICA MÉDICA;2023,0;6,0;12,0;12,0;113,0;0,10619469026548672;0,10619469026548672
HAC;UNIDADE INTERNAÇÃO - CLINICA MÉDICA;2023,0;7,0;16,0;16,0;100,0;0,16;0,16
HAC;UNIDADE INTERNAÇÃO - CLINICA MÉDICA;2023,0;8,0;9,0;8,0;99,0;0,09090909090909091;0,08080808080808081
HAC;UNIDADE INTERNAÇÃO - CLINICA MÉDICA;2023,0;9,0;22,0;22,0;133,0;0,16541353383458646;0,16541353383458646
HAC;UNIDADE INTERNAÇÃO - CLINICA MÉDICA;2023,0;10,0;22,0;21,0;119,0;0,18487394957983194;0,17647058823529413
HAC;UNIDADE INTERNAÇÃO - CLINICA MÉDICA;2023,0;11,0;16,0;16,0;103,0;0,1553398058252427;0,1553398058252427
HAC;UNIDADE INTERNAÇÃO - CLINICA MÉDICA;2023,0;12,0;13,0;13,0;112,0;0,11607142857142858;0,11607142857142858
HAC;UNIDADE INTERNAÇÃO - CLINICA MÉDICA;2024,0;1,0;25,0;24,0;132,0;0,1893939393939394;0,18181818181818182
HAC;UNIDADE INTERNAÇÃO - CLINICA MÉDICA;2024,0;2,0;16,0;16,0;149,0;0,10738255033557047;0,10738255033557047
HAC;UNIDADE INTERNAÇÃO - CLINICA MÉDICA;2024,0;3,0;22,0;21,0;147,0;0,14965986394557823;0,14285714285714285
HAC;UNIDADE INTERNAÇÃO - CLINICA MÉDICA;2024,0;4,0;23,0;22,0;170,0;0,13529411764705881;0,12941176470588237
HAC;UNIDADE INTERNAÇÃO - CLINICA MÉDICA;2024,0;5,0;24,0;22,0;165,0;0,14545454545454545;0,13333333333333333
HAC;UNIDADE INTERNAÇÃO - CLINICA MÉDICA;2024,0;6,0;14,0;14,0;135,0;0,1037037037037037;0,1037037037037037
HAC;UNIDADE INTERNAÇÃO - CLINICA MÉDICA;2024,0;7,0;21,0;19,0;158,0;0,13291139240506328;0,12025316455696203
HAC;UNIDADE INTERNAÇÃO - CLINICA MÉDICA;2024,0;8,0;18,0;16,0;174,0;0,10344827586206896;0,09195402298850575
HAC;UNIDADE INTERNAÇÃO - CLINICA MÉDICA;2024,0;9,0;22,0;21,0;137,0;0,16058394160583941;0,15328467153284672
HAC;UNIDADE INTERNAÇÃO - CLINICA MÉDICA;2024,0;10,0;19,0;18,0;159,0;0,11949685534591195;0,11320754716981132
HAC;UNIDADE INTERNAÇÃO - CLINICA MÉDICA;2024,0;11,0;20,0;20,0;164,0;0,12195121951219512;0,12195121951219512
HAC;UNIDADE INTERNAÇÃO - CLINICA MÉDICA;2024,0;12,0;19,0;19,0;144,0;0,13194444444444445;0,13194444444444445
HAC;UNIDADE INTERNAÇÃO - CLINICA MÉDICA;2025,0;1,0;30,0;29,0;177,0;0,1694915254237288;0,1638418079096045
HAC;UNIDADE INTERNAÇÃO - CLINICA MÉDICA;2025,0;2,0;21,0;21,0;156,0;0,1346153846153846;0,1346153846153846
HAC;UNIDADE INTERNAÇÃO - CLINICA MÉDICA;2025,0;3,0;14,0;14,0;198,0;0,0707070707070707;0,0707070707070707
HAC;UNIDADE INTERNAÇÃO - CLINICA MÉDICA;2025,0;4,0;20,0;20,0;180,0;0,1111111111111111;0,1111111111111111
HAC;UNIDADE INTERNAÇÃO - CLINICA MÉDICA;2025,0;5,0;23,0;23,0;190,0;0,12105263157894737;0,12105263157894737
HAC;UNIDADE INTERNAÇÃO - CLINICA MÉDICA;2025,0;6,0;20,0;18,0;176,0;0,11363636363636363;0,10227272727272728
HAC;UNIDADE INTERNAÇÃO - CLINICA MÉDICA;2025,0;7,0;33,0;26,0;214,0;0,1542056074766355;0,12149532710280374
HAC;UNIDADE INTERNAÇÃO - CLINICA MÉDICA;2025,0;8,0;22,0;20,0;173,0;0,12716763005780346;0,11560693641618497
HAC;UNIDADE INTERNAÇÃO - CLINICA MÉDICA;2025,0;9,0;8,0;8,0;195,0;0,041025641025641026;0,041025641025641026
HAC;UNIDADE INTERNAÇÃO - CLINICA MÉDICA;2025,0;10,0;9,0;8,0;81,0;0,1111111111111111;0,09876543209876543
HAC;UNIDADE URGENCIA/EMERGENCIA;2019,0;1,0;3,0;3,0;34,0;0,08823529411764706;0,08823529411764706
HAC;UNIDADE URGENCIA/EMERGENCIA;2019,0;2,0;10,0;10,0;49,0;0,20408163265306123;0,20408163265306123
HAC;UNIDADE URGENCIA/EMERGENCIA;2019,0;3,0;8,0;7,0;50,0;0,16;0,14
HAC;UNIDADE URGENCIA/EMERGENCIA;2019,0;4,0;11,0;10,0;61,0;0,18032786885245902;0,16393442622950818
HAC;UNIDADE URGENCIA/EMERGENCIA;2019,0;5,0;8,0;7,0;61,0;0,13114754098360656;0,11475409836065574
HAC;UNIDADE URGENCIA/EMERGENCIA;2019,0;6,0;7,0;5,0;40,0;0,175;0,125
HAC;UNIDADE URGENCIA/EMERGENCIA;2019,0;7,0;3,0;2,0;36,0;0,08333333333333333;0,05555555555555555
HAC;UNIDADE URGENCIA/EMERGENCIA;2019,0;8,0;6,0;6,0;38,0;0,15789473684210525;0,15789473684210525
HAC;UNIDADE URGENCIA/EMERGENCIA;2019,0;9,0;8,0;6,0;29,0;0,27586206896551724;0,20689655172413793
HAC;UNIDADE URGENCIA/EMERGENCIA;2019,0;10,0;4,0;4,0;30,0;0,13333333333333333;0,13333333333333333
HAC;UNIDADE URGENCIA/EMERGENCIA;2019,0;11,0;3,0;2,0;36,0;0,08333333333333333;0,05555555555555555
HAC;UNIDADE URGENCIA/EMERGENCIA;2019,0;12,0;4,0;4,0;31,0;0,12903225806451613;0,12903225806451613
HAC;UNIDADE URGENCIA/EMERGENCIA;2020,0;1,0;4,0;4,0;44,0;0,09090909090909091;0,09090909090909091
HAC;UNIDADE URGENCIA/EMERGENCIA;2020,0;2,0;3,0;3,0;27,0;0,1111111111111111;0,1111111111111111
HAC;UNIDADE URGENCIA/EMERGENCIA;2020,0;3,0;2,0;1,0;23,0;0,08695652173913043;0,043478260869565216
HAC;UNIDADE URGENCIA/EMERGENCIA;2020,0;4,0;2,0;1,0;8,0;0,25;0,125
HAC;UNIDADE URGENCIA/EMERGENCIA;2020,0;5,0;1,0;1,0;14,0;0,07142857142857142;0,07142857142857142
HAC;UNIDADE URGENCIA/EMERGENCIA;2020,0;6,0;2,0;1,0;15,0;0,13333333333333333;0,06666666666666667
HAC;UNIDADE URGENCIA/EMERGENCIA;2020,0;7,0;2,0;2,0;21,0;0,09523809523809523;0,09523809523809523
HAC;UNIDADE URGENCIA/EMERGENCIA;2020,0;8,0;2,0;2,0;41,0;0,04878048780487805;0,04878048780487805
HAC;UNIDADE URGENCIA/EMERGENCIA;2020,0;9,0;2,0;1,0;35,0;0,05714285714285714;0,02857142857142857
HAC;UNIDADE URGENCIA/EMERGENCIA;2020,0;10,0;4,0;3,0;32,0;0,125;0,09375
HAC;UNIDADE URGENCIA/EMERGENCIA;2020,0;11,0;3,0;1,0;39,0;0,07692307692307693;0,02564102564102564
HAC;UNIDADE URGENCIA/EMERGENCIA;2020,0;12,0;2,0;2,0;27,0;0,07407407407407407;0,07407407407407407
HAC;UNIDADE URGENCIA/EMERGENCIA;2021,0;1,0;8,0;6,0;37,0;0,21621621621621623;0,16216216216216217
HAC;UNIDADE URGENCIA/EMERGENCIA;2021,0;2,0;1,0;1,0;29,0;0,034482758620689655;0,034482758620689655
HAC;UNIDADE URGENCIA/EMERGENCIA;2021,0;3,0;7,0;6,0;27,0;0,25925925925925924;0,2222222222222222
HAC;UNIDADE URGENCIA/EMERGENCIA;2021,0;4,0;8,0;8,0;29,0;0,27586206896551724;0,27586206896551724
HAC;UNIDADE URGENCIA/EMERGENCIA;2021,0;5,0;4,0;3,0;18,0;0,2222222222222222;0,16666666666666666
HAC;UTI;2019,0;1,0;9,0;8,0;9,0;1,0;0,8888888888888888
HAC;UTI;2019,0;2,0;4,0;4,0;4,0;1,0;1,0
HAC;UTI;2019,0;3,0;7,0;7,0;7,0;1,0;1,0
HAC;UTI;2019,0;4,0;5,0;5,0;5,0;1,0;1,0
HAC;UTI;2019,0;5,0;11,0;10,0;12,0;0,9166666666666666;0,8333333333333334
HAC;UTI;2019,0;6,0;5,0;5,0;5,0;1,0;1,0
HAC;UTI;2019,0;7,0;7,0;7,0;7,0;1,0;1,0
HAC;UTI;2019,0;8,0;6,0;6,0;7,0;0,8571428571428571;0,8571428571428571
HAC;UTI;2019,0;9,0;7,0;7,0;8,0;0,875;0,875
HAC;UTI;2019,0;10,0;7,0;7,0;7,0;1,0;1,0
HAC;UTI;2019,0;11,0;4,0;4,0;4,0;1,0;1,0
HAC;UTI;2019,0;12,0;5,0;5,0;5,0;1,0;1,0
HAC;UTI;2020,0;1,0;3,0;3,0;3,0;1,0;1,0
HAC;UTI;2020,0;2,0;8,0;8,0;8,0;1,0;1,0
HAC;UTI;2020,0;3,0;9,0;9,0;10,0;0,9;0,9
HAC;UTI;2020,0;4,0;11,0;11,0;11,0;1,0;1,0
HAC;UTI;2020,0;5,0;6,0;6,0;9,0;0,6666666666666666;0,6666666666666666
HAC;UTI;2020,0;6,0;6,0;6,0;7,0;0,8571428571428571;0,8571428571428571
HAC;UTI;2020,0;7,0;10,0;10,0;10,0;1,0;1,0
HAC;UTI;2020,0;8,0;3,0;3,0;3,0;1,0;1,0
HAC;UTI;2020,0;9,0;4,0;4,0;4,0;1,0;1,0
HAC;UTI;2020,0;10,0;6,0;5,0;8,0;0,75;0,625
HAC;UTI;2020,0;11,0;3,0;3,0;3,0;1,0;1,0
HAC;UTI;2020,0;12,0;3,0;3,0;3,0;1,0;1,0
HAC;UTI;2021,0;1,0;7,0;5,0;7,0;1,0;0,7142857142857143
HAC;UTI;2021,0;2,0;5,0;5,0;7,0;0,7142857142857143;0,7142857142857143
HAC;UTI;2021,0;3,0;5,0;4,0;5,0;1,0;0,8
HAC;UTI;2021,0;4,0;9,0;9,0;10,0;0,9;0,9
HAC;UTI;2021,0;5,0;3,0;3,0;3,0;1,0;1,0
HAC;UTI - ADULTO;2021,0;5,0;1,0;1,0;1,0;1,0;1,0
HAC;UTI - ADULTO;2021,0;6,0;12,0;12,0;12,0;1,0;1,0
HAC;UTI - ADULTO;2021,0;7,0;5,0;5,0;7,0;0,7142857142857143;0,7142857142857143
HAC;UTI - ADULTO;2021,0;8,0;9,0;9,0;9,0;1,0;1,0
HAC;UTI - ADULTO;2021,0;9,0;6,0;6,0;6,0;1,0;1,0
HAC;UTI - ADULTO;2021,0;10,0;6,0;6,0;10,0;0,6;0,6
HAC;UTI - ADULTO;2021,0;11,0;11,0;11,0;12,0;0,9166666666666666;0,9166666666666666
HAC;UTI - ADULTO;2021,0;12,0;13,0;13,0;13,0;1,0;1,0
HAC;UTI - ADULTO;2022,0;1,0;5,0;4,0;5,0;1,0;0,8
HAC;UTI - ADULTO;2022,0;2,0;3,0;3,0;4,0;0,75;0,75
HAC;UTI - ADULTO;2022,0;3,0;4,0;4,0;6,0;0,6666666666666666;0,6666666666666666
HAC;UTI - ADULTO;2022,0;4,0;6,0;5,0;7,0;0,8571428571428571;0,7142857142857143
HAC;UTI - ADULTO;2022,0;5,0;12,0;11,0;13,0;0,9230769230769231;0,8461538461538461
HAC;UTI - ADULTO;2022,0;6,0;7,0;6,0;8,0;0,875;0,75
HAC;UTI - ADULTO;2022,0;7,0;6,0;6,0;6,0;1,0;1,0
HAC;UTI - ADULTO;2022,0;8,0;12,0;11,0;15,0;0,8;0,7333333333333333
HAC;UTI - ADULTO;2022,0;9,0;5,0;5,0;7,0;0,7142857142857143;0,7142857142857143
HAC;UTI - ADULTO;2022,0;10,0;6,0;6,0;8,0;0,75;0,75
HAC;UTI - ADULTO;2022,0;11,0;9,0;9,0;11,0;0,8181818181818182;0,8181818181818182
HAC;UTI - ADULTO;2022,0;12,0;7,0;7,0;10,0;0,7;0,7
HAC;UTI - ADULTO;2023,0;1,0;6,0;6,0;7,0;0,8571428571428571;0,8571428571428571
HAC;UTI - ADULTO;2023,0;2,0;5,0;5,0;7,0;0,7142857142857143;0,7142857142857143
HAC;UTI - ADULTO;2023,0;3,0;10,0;10,0;10,0;1,0;1,0
HAC;UTI - ADULTO;2023,0;4,0;7,0;7,0;7,0;1,0;1,0
HAC;UTI - ADULTO;2023,0;5,0;10,0;10,0;12,0;0,8333333333333334;0,8333333333333334
HAC;UTI - ADULTO;2023,0;6,0;9,0;7,0;9,0;1,0;0,7777777777777778
HAC;UTI - ADULTO;2023,0;7,0;9,0;8,0;10,0;0,9;0,8
HAC;UTI - ADULTO;2023,0;8,0;11,0;11,0;13,0;0,8461538461538461;0,8461538461538461
HAC;UTI - ADULTO;2023,0;9,0;8,0;8,0;8,0;1,0;1,0
HAC;UTI - ADULTO;2023,0;10,0;4,0;4,0;5,0;0,8;0,8
HAC;UTI - ADULTO;2023,0;11,0;7,0;7,0;8,0;0,875;0,875
HAC;UTI - ADULTO;2023,0;12,0;6,0;6,0;8,0;0,75;0,75
HAC;UTI - ADULTO;2024,0;1,0;6,0;6,0;7,0;0,8571428571428571;0,8571428571428571
HAC;UTI - ADULTO;2024,0;2,0;5,0;5,0;5,0;1,0;1,0
HAC;UTI - ADULTO;2024,0;3,0;6,0;6,0;6,0;1,0;1,0
HAC;UTI - ADULTO;2024,0;4,0;8,0;6,0;9,0;0,8888888888888888;0,6666666666666666
HAC;UTI - ADULTO;2024,0;5,0;5,0;5,0;10,0;0,5;0,5
HAC;UTI - ADULTO;2024,0;6,0;2,0;2,0;5,0;0,4;0,4
HAC;UTI - ADULTO;2024,0;7,0;4,0;4,0;7,0;0,5714285714285714;0,5714285714285714
HAC;UTI - ADULTO;2024,0;8,0;6,0;6,0;12,0;0,5;0,5
HAC;UTI - ADULTO;2024,0;9,0;7,0;6,0;9,0;0,7777777777777778;0,6666666666666666
HAC;UTI - ADULTO;2024,0;10,0;3,0;3,0;6,0;0,5;0,5
HAC;UTI - ADULTO;2024,0;11,0;9,0;9,0;11,0;0,8181818181818182;0,8181818181818182
HAC;UTI - ADULTO;2024,0;12,0;3,0;3,0;8,0;0,375;0,375
HAC;UTI - ADULTO;2025,0;1,0;7,0;7,0;9,0;0,7777777777777778;0,7777777777777778
HAC;UTI - ADULTO;2025,0;2,0;8,0;7,0;8,0;1,0;0,875
HAC;UTI - ADULTO;2025,0;3,0;3,0;3,0;5,0;0,6;0,6
HAC;UTI - ADULTO;2025,0;4,0;5,0;5,0;7,0;0,7142857142857143;0,7142857142857143
HAC;UTI - ADULTO;2025,0;5,0;14,0;14,0;14,0;1,0;1,0
HAC;UTI - ADULTO;2025,0;6,0;6,0;6,0;6,0;1,0;1,0
HAC;UTI - ADULTO;2025,0;7,0;5,0;5,0;8,0;0,625;0,625
HAC;UTI - ADULTO;2025,0;8,0;10,0;10,0;12,0;0,8333333333333334;0,8333333333333334
HAC;UTI - ADULTO;2025,0;9,0;5,0;5,0;8,0;0,625;0,625
HAC;UTI - ADULTO;2025,0;10,0;3,0;3,0;5,0;0,6;0,6
HCM;AMBULATORIO - ESPECIALIDADES;2019,0;8,0;0,0;0,0;1,0;0,0;0,0
HCM;AMBULATORIO - ESPECIALIDADES;2019,0;11,0;0,0;0,0;1,0;0,0;0,0
HCM;BLOCO CIRURGICO;2019,0;3,0;0,0;0,0;1,0;0,0;0,0
HCM;BLOCO CIRURGICO;2019,0;6,0;0,0;0,0;1,0;0,0;0,0
HCM;BLOCO CIRURGICO;2019,0;10,0;0,0;0,0;2,0;0,0;0,0
HCM;BLOCO CIRURGICO;2019,0;11,0;0,0;0,0;1,0;0,0;0,0
HCM;BLOCO CIRURGICO;2023,0;7,0;1,0;1,0;1,0;1,0;1,0
HCM;BLOCO CIRURGICO;2025,0;9,0;0,0;0,0;2,0;0,0;0,0
HCM;BLOCO CIRURGICO;2025,0;11,0;0,0;0,0;2,0;0,0;0,0
HCM;UCC - ALA C;2025,0;11,0;0,0;0,0;5,0;0,0;0,0
HCM;UCC - ALA C;2025,0;12,0;0,0;0,0;9,0;0,0;0,0
HCM;UCC - ALA C;2026,0;1,0;0,0;0,0;12,0;0,0;0,0
HCM;UCC - ALA C;2026,0;2,0;0,0;0,0;22,0;0,0;0,0
HCM;UCC - ALA C;2026,0;3,0;0,0;0,0;40,0;0,0;0,0
HCM;UCC - ALA C;2026,0;4,0;0,0;0,0;52,0;0,0;0,0
HCM;UCC - ALA C;2026,0;5,0;0,0;0,0;43,0;0,0;0,0
HCM;UCC - ALA C;2026,0;6,0;0,0;0,0;57,0;0,0;0,0
HCM;UCC - ALA C;2026,0;7,0;0,0;0,0;72,0;0,0;0,0
HCM;UCC - ALA C;2026,0;8,0;0,0;0,0;78,0;0,0;0,0
HCM;UICP - ALA A;2025,0;11,0;1,0;1,0;3,0;0,3333333333333333;0,3333333333333333
HCM;UICP - ALA A;2025,0;12,0;0,0;0,0;4,0;0,0;0,0
HCM;UICP - ALA A;2026,0;1,0;0,0;0,0;3,0;0,0;0,0
HCM;UICP - ALA A;2026,0;2,0;0,0;0,0;2,0;0,0;0,0
HCM;UICP - ALA A;2026,0;3,0;0,0;0,0;4,0;0,0;0,0
HCM;UICP - ALA A;2026,0;4,0;0,0;0,0;4,0;0,0;0,0
HCM;UICP - ALA A;2026,0;5,0;1,0;1,0;5,0;0,2;0,2
HCM;UICP - ALA A;2026,0;6,0;0,0;0,0;7,0;0,0;0,0
HCM;UICP - ALA A;2026,0;7,0;1,0;1,0;4,0;0,25;0,25
HCM;UICP - ALA A;2026,0;8,0;1,0;1,0;8,0;0,125;0,125
HCM;UICP - ALA B;2025,0;11,0;0,0;0,0;1,0;0,0;0,0
HCM;UICP - ALA B;2025,0;12,0;1,0;1,0;4,0;0,25;0,25
HCM;UICP - ALA B;2026,0;1,0;1,0;1,0;1,0;1,0;1,0
HCM;UICP - ALA B;2026,0;2,0;1,0;1,0;3,0;0,3333333333333333;0,3333333333333333
HCM;UICP - ALA B;2026,0;3,0;1,0;1,0;4,0;0,25;0,25
HCM;UICP - ALA B;2026,0;4,0;1,0;1,0;3,0;0,3333333333333333;0,3333333333333333
HCM;UICP - ALA B;2026,0;5,0;0,0;0,0;2,0;0,0;0,0
HCM;UICP - ALA B;2026,0;6,0;1,0;1,0;1,0;1,0;1,0
HCM;UICP - ALA B;2026,0;7,0;2,0;2,0;2,0;1,0;1,0
HCM;UICP - ALA B;2026,0;8,0;0,0;0,0;4,0;0,0;0,0
HCM;UICP - ALA C;2025,0;12,0;0,0;0,0;1,0;0,0;0,0
HCM;UICP - ALA C;2026,0;6,0;1,0;1,0;2,0;0,5;0,5
HCM;UNIDADE DE CUIDADOS CONTINUADOS INTEGRADOS;2021,0;6,0;1,0;1,0;2,0;0,5;0,5
HCM;UNIDADE DE CUIDADOS CONTINUADOS INTEGRADOS;2021,0;7,0;1,0;1,0;7,0;0,14285714285714285;0,14285714285714285
HCM;UNIDADE DE CUIDADOS CONTINUADOS INTEGRADOS;2021,0;8,0;2,0;2,0;7,0;0,2857142857142857;0,2857142857142857
HCM;UNIDADE DE CUIDADOS CONTINUADOS INTEGRADOS;2021,0;9,0;0,0;0,0;3,0;0,0;0,0
HCM;UNIDADE DE CUIDADOS CONTINUADOS INTEGRADOS;2021,0;10,0;1,0;1,0;4,0;0,25;0,25
HCM;UNIDADE DE CUIDADOS CONTINUADOS INTEGRADOS;2021,0;11,0;0,0;0,0;5,0;0,0;0,0
HCM;UNIDADE DE CUIDADOS CONTINUADOS INTEGRADOS;2021,0;12,0;3,0;3,0;7,0;0,42857142857142855;0,42857142857142855
HCM;UNIDADE DE CUIDADOS CONTINUADOS INTEGRADOS;2022,0;1,0;2,0;2,0;4,0;0,5;0,5
HCM;UNIDADE DE CUIDADOS CONTINUADOS INTEGRADOS;2022,0;2,0;1,0;1,0;4,0;0,25;0,25
HCM;UNIDADE DE CUIDADOS CONTINUADOS INTEGRADOS;2022,0;3,0;3,0;2,0;7,0;0,42857142857142855;0,2857142857142857
HCM;UNIDADE DE CUIDADOS CONTINUADOS INTEGRADOS;2022,0;4,0;1,0;0,0;4,0;0,25;0,0
HCM;UNIDADE DE CUIDADOS CONTINUADOS INTEGRADOS;2022,0;5,0;2,0;2,0;7,0;0,2857142857142857;0,2857142857142857
HCM;UNIDADE DE CUIDADOS CONTINUADOS INTEGRADOS;2022,0;6,0;1,0;1,0;3,0;0,3333333333333333;0,3333333333333333
HCM;UNIDADE DE CUIDADOS CONTINUADOS INTEGRADOS;2022,0;7,0;0,0;0,0;4,0;0,0;0,0
HCM;UNIDADE DE CUIDADOS CONTINUADOS INTEGRADOS;2022,0;8,0;1,0;1,0;3,0;0,3333333333333333;0,3333333333333333
HCM;UNIDADE DE CUIDADOS CONTINUADOS INTEGRADOS;2022,0;9,0;2,0;1,0;6,0;0,3333333333333333;0,16666666666666666
HCM;UNIDADE DE CUIDADOS CONTINUADOS INTEGRADOS;2022,0;10,0;2,0;2,0;5,0;0,4;0,4
HCM;UNIDADE DE CUIDADOS CONTINUADOS INTEGRADOS;2022,0;11,0;0,0;0,0;1,0;0,0;0,0
HCM;UNIDADE DE CUIDADOS CONTINUADOS INTEGRADOS;2022,0;12,0;0,0;0,0;5,0;0,0;0,0
HCM;UNIDADE DE CUIDADOS CONTINUADOS INTEGRADOS;2023,0;1,0;2,0;2,0;4,0;0,5;0,5
HCM;UNIDADE DE CUIDADOS CONTINUADOS INTEGRADOS;2023,0;2,0;1,0;1,0;1,0;1,0;1,0
HCM;UNIDADE DE CUIDADOS CONTINUADOS INTEGRADOS;2023,0;3,0;0,0;0,0;1,0;0,0;0,0
HCM;UNIDADE DE CUIDADOS CONTINUADOS INTEGRADOS;2023,0;4,0;1,0;1,0;2,0;0,5;0,5
HCM;UNIDADE DE CUIDADOS CONTINUADOS INTEGRADOS;2023,0;5,0;1,0;1,0;4,0;0,25;0,25
HCM;UNIDADE DE CUIDADOS CONTINUADOS INTEGRADOS;2023,0;6,0;4,0;2,0;5,0;0,8;0,4
HCM;UNIDADE DE CUIDADOS CONTINUADOS INTEGRADOS;2023,0;7,0;1,0;0,0;1,0;1,0;0,0
HCM;UNIDADE DE CUIDADOS CONTINUADOS INTEGRADOS;2023,0;8,0;1,0;0,0;5,0;0,2;0,0
HCM;UNIDADE DE CUIDADOS CONTINUADOS INTEGRADOS;2023,0;9,0;2,0;2,0;4,0;0,5;0,5
HCM;UNIDADE DE CUIDADOS CONTINUADOS INTEGRADOS;2023,0;10,0;1,0;1,0;4,0;0,25;0,25
HCM;UNIDADE DE CUIDADOS CONTINUADOS INTEGRADOS;2023,0;11,0;1,0;1,0;8,0;0,125;0,125
HCM;UNIDADE DE CUIDADOS CONTINUADOS INTEGRADOS;2023,0;12,0;2,0;2,0;4,0;0,5;0,5
HCM;UNIDADE DE CUIDADOS CONTINUADOS INTEGRADOS;2024,0;1,0;1,0;1,0;3,0;0,3333333333333333;0,3333333333333333
HCM;UNIDADE DE CUIDADOS CONTINUADOS INTEGRADOS;2024,0;2,0;0,0;0,0;7,0;0,0;0,0
HCM;UNIDADE DE CUIDADOS CONTINUADOS INTEGRADOS;2024,0;3,0;4,0;4,0;23,0;0,17391304347826086;0,17391304347826086
HCM;UNIDADE DE CUIDADOS CONTINUADOS INTEGRADOS;2024,0;4,0;4,0;3,0;57,0;0,07017543859649122;0,05263157894736842
HCM;UNIDADE DE CUIDADOS CONTINUADOS INTEGRADOS;2024,0;5,0;2,0;2,0;30,0;0,06666666666666667;0,06666666666666667
HCM;UNIDADE DE CUIDADOS CONTINUADOS INTEGRADOS;2024,0;6,0;0,0;0,0;13,0;0,0;0,0
HCM;UNIDADE DE CUIDADOS CONTINUADOS INTEGRADOS;2024,0;7,0;1,0;1,0;14,0;0,07142857142857142;0,07142857142857142
HCM;UNIDADE DE CUIDADOS CONTINUADOS INTEGRADOS;2024,0;8,0;2,0;2,0;3,0;0,6666666666666666;0,6666666666666666
HCM;UNIDADE DE CUIDADOS CONTINUADOS INTEGRADOS;2024,0;9,0;1,0;1,0;5,0;0,2;0,2
HCM;UNIDADE DE CUIDADOS CONTINUADOS INTEGRADOS;2024,0;10,0;0,0;0,0;2,0;0,0;0,0
HCM;UNIDADE DE CUIDADOS CONTINUADOS INTEGRADOS;2024,0;11,0;0,0;0,0;5,0;0,0;0,0
HCM;UNIDADE DE CUIDADOS CONTINUADOS INTEGRADOS;2024,0;12,0;2,0;2,0;10,0;0,2;0,2
HCM;UNIDADE DE CUIDADOS CONTINUADOS INTEGRADOS;2025,0;1,0;2,0;2,0;4,0;0,5;0,5
HCM;UNIDADE DE CUIDADOS CONTINUADOS INTEGRADOS;2025,0;2,0;0,0;0,0;10,0;0,0;0,0
HCM;UNIDADE DE CUIDADOS CONTINUADOS INTEGRADOS;2025,0;3,0;0,0;0,0;7,0;0,0;0,0
HCM;UNIDADE DE CUIDADOS CONTINUADOS INTEGRADOS;2025,0;4,0;3,0;3,0;10,0;0,3;0,3
HCM;UNIDADE DE CUIDADOS CONTINUADOS INTEGRADOS;2025,0;5,0;1,0;1,0;6,0;0,16666666666666666;0,16666666666666666
HCM;UNIDADE DE CUIDADOS CONTINUADOS INTEGRADOS;2025,0;6,0;1,0;1,0;7,0;0,14285714285714285;0,14285714285714285
HCM;UNIDADE DE CUIDADOS CONTINUADOS INTEGRADOS;2025,0;7,0;5,0;4,0;12,0;0,4166666666666667;0,3333333333333333
HCM;UNIDADE DE CUIDADOS CONTINUADOS INTEGRADOS;2025,0;8,0;4,0;4,0;9,0;0,4444444444444444;0,4444444444444444
HCM;UNIDADE DE CUIDADOS CONTINUADOS INTEGRADOS;2025,0;9,0;6,0;6,0;11,0;0,5454545454545454;0,5454545454545454
HCM;UNIDADE DE CUIDADOS CONTINUADOS INTEGRADOS;2025,0;10,0;1,0;1,0;6,0;0,16666666666666666;0,16666666666666666
HCM;UNIDADE DE CUIDADOS CONTINUADOS INTEGRADOS;2025,0;11,0;0,0;0,0;5,0;0,0;0,0
HCM;UNIDADE INTERNAÇÃO - CLINICA CIRURGICA;2019,0;1,0;0,0;0,0;26,0;0,0;0,0
HCM;UNIDADE INTERNAÇÃO - CLINICA CIRURGICA;2019,0;2,0;0,0;0,0;38,0;0,0;0,0
HCM;UNIDADE INTERNAÇÃO - CLINICA CIRURGICA;2019,0;3,0;0,0;0,0;25,0;0,0;0,0
HCM;UNIDADE INTERNAÇÃO - CLINICA CIRURGICA;2019,0;4,0;0,0;0,0;25,0;0,0;0,0
HCM;UNIDADE INTERNAÇÃO - CLINICA CIRURGICA;2019,0;5,0;0,0;0,0;23,0;0,0;0,0
HCM;UNIDADE INTERNAÇÃO - CLINICA CIRURGICA;2019,0;6,0;0,0;0,0;44,0;0,0;0,0
HCM;UNIDADE INTERNAÇÃO - CLINICA CIRURGICA;2019,0;7,0;0,0;0,0;39,0;0,0;0,0
HCM;UNIDADE INTERNAÇÃO - CLINICA CIRURGICA;2019,0;8,0;0,0;0,0;51,0;0,0;0,0
HCM;UNIDADE INTERNAÇÃO - CLINICA CIRURGICA;2019,0;9,0;0,0;0,0;51,0;0,0;0,0
HCM;UNIDADE INTERNAÇÃO - CLINICA CIRURGICA;2019,0;10,0;0,0;0,0;62,0;0,0;0,0
HCM;UNIDADE INTERNAÇÃO - CLINICA CIRURGICA;2019,0;11,0;0,0;0,0;64,0;0,0;0,0
HCM;UNIDADE INTERNAÇÃO - CLINICA CIRURGICA;2019,0;12,0;0,0;0,0;56,0;0,0;0,0
HCM;UNIDADE INTERNAÇÃO - CLINICA CIRURGICA;2020,0;1,0;0,0;0,0;55,0;0,0;0,0
HCM;UNIDADE INTERNAÇÃO - CLINICA CIRURGICA;2020,0;2,0;0,0;0,0;17,0;0,0;0,0
HCM;UNIDADE INTERNAÇÃO - CLINICA CIRURGICA;2020,0;3,0;0,0;0,0;1,0;0,0;0,0
HCM;UNIDADE INTERNAÇÃO - CLINICA CIRURGICA;2022,0;6,0;0,0;0,0;1,0;0,0;0,0
HCM;UNIDADE INTERNAÇÃO - CLINICA CIRURGICA;2025,0;9,0;0,0;0,0;6,0;0,0;0,0
HCM;UNIDADE INTERNAÇÃO - CLINICA CIRURGICA;2025,0;10,0;0,0;0,0;6,0;0,0;0,0
HCM;UNIDADE INTERNAÇÃO - CLINICA CIRURGICA;2025,0;11,0;0,0;0,0;8,0;0,0;0,0
HCM;UNIDADE INTERNAÇÃO - CUIDADOS PROLONGADOS;2019,0;1,0;4,0;4,0;8,0;0,5;0,5
HCM;UNIDADE INTERNAÇÃO - CUIDADOS PROLONGADOS;2019,0;2,0;2,0;2,0;3,0;0,6666666666666666;0,6666666666666666
HCM;UNIDADE INTERNAÇÃO - CUIDADOS PROLONGADOS;2019,0;3,0;0,0;0,0;1,0;0,0;0,0
HCM;UNIDADE INTERNAÇÃO - CUIDADOS PROLONGADOS;2019,0;4,0;0,0;0,0;5,0;0,0;0,0
HCM;UNIDADE INTERNAÇÃO - CUIDADOS PROLONGADOS;2019,0;5,0;2,0;2,0;5,0;0,4;0,4
HCM;UNIDADE INTERNAÇÃO - CUIDADOS PROLONGADOS;2019,0;6,0;1,0;1,0;4,0;0,25;0,25
HCM;UNIDADE INTERNAÇÃO - CUIDADOS PROLONGADOS;2019,0;7,0;6,0;6,0;9,0;0,6666666666666666;0,6666666666666666
HCM;UNIDADE INTERNAÇÃO - CUIDADOS PROLONGADOS;2019,0;8,0;2,0;1,0;3,0;0,6666666666666666;0,3333333333333333
HCM;UNIDADE INTERNAÇÃO - CUIDADOS PROLONGADOS;2019,0;10,0;0,0;0,0;2,0;0,0;0,0
HCM;UNIDADE INTERNAÇÃO - CUIDADOS PROLONGADOS;2019,0;11,0;0,0;0,0;2,0;0,0;0,0
HCM;UNIDADE INTERNAÇÃO - CUIDADOS PROLONGADOS;2019,0;12,0;1,0;1,0;3,0;0,3333333333333333;0,3333333333333333
HCM;UNIDADE INTERNAÇÃO - CUIDADOS PROLONGADOS;2020,0;1,0;1,0;1,0;2,0;0,5;0,5
HCM;UNIDADE INTERNAÇÃO - CUIDADOS PROLONGADOS;2020,0;2,0;0,0;0,0;2,0;0,0;0,0
HCM;UNIDADE INTERNAÇÃO - CUIDADOS PROLONGADOS;2020,0;3,0;2,0;2,0;7,0;0,2857142857142857;0,2857142857142857
HCM;UNIDADE INTERNAÇÃO - CUIDADOS PROLONGADOS;2020,0;4,0;4,0;4,0;6,0;0,6666666666666666;0,6666666666666666
HCM;UNIDADE INTERNAÇÃO - CUIDADOS PROLONGADOS;2020,0;5,0;1,0;1,0;5,0;0,2;0,2
HCM;UNIDADE INTERNAÇÃO - CUIDADOS PROLONGADOS;2020,0;6,0;0,0;0,0;4,0;0,0;0,0
HCM;UNIDADE INTERNAÇÃO - CUIDADOS PROLONGADOS;2020,0;7,0;3,0;3,0;6,0;0,5;0,5
HCM;UNIDADE INTERNAÇÃO - CUIDADOS PROLONGADOS;2020,0;8,0;3,0;3,0;11,0;0,2727272727272727;0,2727272727272727
HCM;UNIDADE INTERNAÇÃO - CUIDADOS PROLONGADOS;2020,0;9,0;2,0;2,0;4,0;0,5;0,5
HCM;UNIDADE INTERNAÇÃO - CUIDADOS PROLONGADOS;2020,0;10,0;4,0;4,0;5,0;0,8;0,8
HCM;UNIDADE INTERNAÇÃO - CUIDADOS PROLONGADOS;2020,0;11,0;3,0;3,0;11,0;0,2727272727272727;0,2727272727272727
HCM;UNIDADE INTERNAÇÃO - CUIDADOS PROLONGADOS;2020,0;12,0;1,0;1,0;4,0;0,25;0,25
HCM;UNIDADE INTERNAÇÃO - CUIDADOS PROLONGADOS;2021,0;1,0;1,0;1,0;3,0;0,3333333333333333;0,3333333333333333
HCM;UNIDADE INTERNAÇÃO - CUIDADOS PROLONGADOS;2021,0;2,0;2,0;2,0;5,0;0,4;0,4
HCM;UNIDADE INTERNAÇÃO - CUIDADOS PROLONGADOS;2021,0;3,0;3,0;3,0;7,0;0,42857142857142855;0,42857142857142855
HCM;UNIDADE INTERNAÇÃO - CUIDADOS PROLONGADOS;2021,0;4,0;5,0;5,0;12,0;0,4166666666666667;0,4166666666666667
HCM;UNIDADE INTERNAÇÃO - CUIDADOS PROLONGADOS;2021,0;5,0;4,0;4,0;10,0;0,4;0,4
HCM;UNIDADE INTERNAÇÃO - CUIDADOS PROLONGADOS;2021,0;6,0;0,0;0,0;1,0;0,0;0,0
HEM;ALA A;2025,0;6,0;4,0;4,0;41,0;0,0975609756097561;0,0975609756097561
HEM;ALA A;2025,0;7,0;5,0;5,0;81,0;0,06172839506172839;0,06172839506172839
HEM;ALA A;2025,0;8,0;1,0;1,0;65,0;0,015384615384615385;0,015384615384615385
HEM;ALA A;2025,0;9,0;0,0;0,0;79,0;0,0;0,0
HEM;ALA A;2025,0;10,0;1,0;1,0;76,0;0,013157894736842105;0,013157894736842105
HEM;ALA A;2025,0;11,0;2,0;2,0;59,0;0,03389830508474576;0,03389830508474576
HEM;ALA A;2025,0;12,0;0,0;0,0;67,0;0,0;0,0
HEM;ALA A;2026,0;1,0;1,0;1,0;62,0;0,016129032258064516;0,016129032258064516
HEM;ALA A;2026,0;2,0;2,0;2,0;64,0;0,03125;0,03125
HEM;ALA A;2026,0;3,0;1,0;1,0;82,0;0,012195121951219513;0,012195121951219513
HEM;ALA A;2026,0;4,0;4,0;4,0;64,0;0,0625;0,0625
HEM;ALA A;2026,0;5,0;1,0;1,0;68,0;0,014705882352941176;0,014705882352941176
HEM;ALA A;2026,0;6,0;2,0;2,0;69,0;0,028985507246376812;0,028985507246376812
HEM;ALA A;2026,0;7,0;3,0;3,0;73,0;0,0410958904109589;0,0410958904109589
HEM;ALA A;2026,0;8,0;2,0;2,0;61,0;0,03278688524590164;0,03278688524590164
HEM;ALA C;2025,0;6,0;1,0;1,0;49,0;0,02040816326530612;0,02040816326530612
HEM;ALA C;2025,0;7,0;2,0;2,0;77,0;0,025974025974025976;0,025974025974025976
HEM;ALA C;2025,0;8,0;2,0;2,0;72,0;0,027777777777777776;0,027777777777777776
HEM;ALA C;2025,0;9,0;1,0;1,0;79,0;0,012658227848101266;0,012658227848101266
HEM;ALA C;2025,0;10,0;0,0;0,0;81,0;0,0;0,0
HEM;ALA C;2025,0;11,0;0,0;0,0;70,0;0,0;0,0
HEM;ALA C;2025,0;12,0;0,0;0,0;70,0;0,0;0,0
HEM;ALA C;2026,0;1,0;4,0;4,0;63,0;0,06349206349206349;0,06349206349206349
HEM;ALA C;2026,0;2,0;1,0;1,0;52,0;0,019230769230769232;0,019230769230769232
HEM;ALA C;2026,0;3,0;3,0;3,0;75,0;0,04;0,04
HEM;ALA C;2026,0;4,0;0,0;0,0;73,0;0,0;0,0
HEM;ALA C;2026,0;5,0;2,0;2,0;86,0;0,023255813953488372;0,023255813953488372
HEM;ALA C;2026,0;6,0;1,0;1,0;81,0;0,012345679012345678;0,012345679012345678
HEM;ALA C;2026,0;7,0;4,0;4,0;74,0;0,05405405405405406;0,05405405405405406
HEM;ALA C;2026,0;8,0;2,0;2,0;67,0;0,029850746268656716;0,029850746268656716
HEM;ALA D;2025,0;6,0;1,0;0,0;14,0;0,07142857142857142;0,0
HEM;ALA D;2025,0;7,0;1,0;1,0;16,0;0,0625;0,0625
HEM;ALA D;2025,0;8,0;1,0;1,0;14,0;0,07142857142857142;0,07142857142857142
HEM;ALA D;2025,0;9,0;0,0;0,0;13,0;0,0;0,0
HEM;ALA D;2025,0;10,0;0,0;0,0;22,0;0,0;0,0
HEM;ALA D;2025,0;11,0;0,0;0,0;12,0;0,0;0,0
HEM;ALA D;2025,0;12,0;1,0;1,0;23,0;0,043478260869565216;0,043478260869565216
HEM;ALA D;2026,0;1,0;1,0;1,0;16,0;0,0625;0,0625
HEM;ALA D;2026,0;2,0;0,0;0,0;18,0;0,0;0,0
HEM;ALA D;2026,0;3,0;0,0;0,0;17,0;0,0;0,0
HEM;ALA D;2026,0;4,0;1,0;1,0;17,0;0,058823529411764705;0,058823529411764705
HEM;ALA D;2026,0;5,0;1,0;1,0;23,0;0,043478260869565216;0,043478260869565216
HEM;ALA D;2026,0;6,0;1,0;1,0;17,0;0,058823529411764705;0,058823529411764705
HEM;ALA D;2026,0;7,0;0,0;0,0;18,0;0,0;0,0
HEM;ALA D;2026,0;8,0;1,0;1,0;17,0;0,058823529411764705;0,058823529411764705
HEM;AMBULATORIO - DERMATOLOGIA E INFECTOLOGIA;2019,0;6,0;0,0;0,0;1,0;0,0;0,0
HEM;AMBULATORIO DE INFECTOLOGIA;2022,0;10,0;0,0;0,0;1,0;0,0;0,0
HEM;AMBULATORIO DE INFECTOLOGIA;2023,0;1,0;0,0;0,0;1,0;0,0;0,0
HEM;AMBULATORIO DE INFECTOLOGIA;2025,0;1,0;0,0;0,0;2,0;0,0;0,0
HEM;CTI - ADULTO;2025,0;6,0;10,0;10,0;12,0;0,8333333333333334;0,8333333333333334
HEM;CTI - ADULTO;2025,0;7,0;8,0;7,0;10,0;0,8;0,7
HEM;CTI - ADULTO;2025,0;8,0;11,0;11,0;14,0;0,7857142857142857;0,7857142857142857
HEM;CTI - ADULTO;2025,0;9,0;9,0;8,0;13,0;0,6923076923076923;0,6153846153846154
HEM;CTI - ADULTO;2025,0;10,0;12,0;12,0;15,0;0,8;0,8
HEM;CTI - ADULTO;2025,0;11,0;10,0;10,0;12,0;0,8333333333333334;0,8333333333333334
HEM;CTI - ADULTO;2025,0;12,0;10,0;8,0;10,0;1,0;0,8
HEM;CTI - ADULTO;2026,0;1,0;9,0;8,0;10,0;0,9;0,8
HEM;CTI - ADULTO;2026,0;2,0;6,0;6,0;7,0;0,8571428571428571;0,8571428571428571
HEM;CTI - ADULTO;2026,0;3,0;12,0;11,0;12,0;1,0;0,9166666666666666
HEM;CTI - ADULTO;2026,0;4,0;6,0;5,0;9,0;0,6666666666666666;0,5555555555555556
HEM;CTI - ADULTO;2026,0;5,0;11,0;11,0;13,0;0,8461538461538461;0,8461538461538461
HEM;CTI - ADULTO;2026,0;6,0;6,0;6,0;7,0;0,8571428571428571;0,8571428571428571
HEM;CTI - ADULTO;2026,0;7,0;9,0;9,0;14,0;0,6428571428571429;0,6428571428571429
HEM;CTI - ADULTO;2026,0;8,0;6,0;3,0;9,0;0,6666666666666666;0,3333333333333333
HEM;HOSPITAL DIA;2022,0;7,0;0,0;0,0;1,0;0,0;0,0
HEM;HOSPITAL DIA;2024,0;3,0;0,0;0,0;1,0;0,0;0,0
HEM;UNIDADE INTERNAÇÃO - DOENÇAS INFECTO-CONTAGIOSAS E PARASITÁRIAS DOENÇAS INFECTO CONTAGIOSAS;2019,0;1,0;4,0;3,0;86,0;0,046511627906976744;0,03488372093023256
HEM;UNIDADE INTERNAÇÃO - DOENÇAS INFECTO-CONTAGIOSAS E PARASITÁRIAS DOENÇAS INFECTO CONTAGIOSAS;2019,0;2,0;3,0;3,0;107,0;0,028037383177570093;0,028037383177570093
HEM;UNIDADE INTERNAÇÃO - DOENÇAS INFECTO-CONTAGIOSAS E PARASITÁRIAS DOENÇAS INFECTO CONTAGIOSAS;2019,0;3,0;4,0;3,0;122,0;0,03278688524590164;0,02459016393442623
HEM;UNIDADE INTERNAÇÃO - DOENÇAS INFECTO-CONTAGIOSAS E PARASITÁRIAS DOENÇAS INFECTO CONTAGIOSAS;2019,0;4,0;4,0;4,0;177,0;0,022598870056497175;0,022598870056497175
HEM;UNIDADE INTERNAÇÃO - DOENÇAS INFECTO-CONTAGIOSAS E PARASITÁRIAS DOENÇAS INFECTO CONTAGIOSAS;2019,0;5,0;4,0;3,0;190,0;0,021052631578947368;0,015789473684210527
HEM;UNIDADE INTERNAÇÃO - DOENÇAS INFECTO-CONTAGIOSAS E PARASITÁRIAS DOENÇAS INFECTO CONTAGIOSAS;2019,0;6,0;3,0;3,0;162,0;0,018518518518518517;0,018518518518518517
HEM;UNIDADE INTERNAÇÃO - DOENÇAS INFECTO-CONTAGIOSAS E PARASITÁRIAS DOENÇAS INFECTO CONTAGIOSAS;2019,0;7,0;1,0;1,0;115,0;0,008695652173913044;0,008695652173913044
HEM;UNIDADE INTERNAÇÃO - DOENÇAS INFECTO-CONTAGIOSAS E PARASITÁRIAS DOENÇAS INFECTO CONTAGIOSAS;2019,0;8,0;8,0;8,0;111,0;0,07207207207207207;0,07207207207207207
HEM;UNIDADE INTERNAÇÃO - DOENÇAS INFECTO-CONTAGIOSAS E PARASITÁRIAS DOENÇAS INFECTO CONTAGIOSAS;2019,0;9,0;7,0;7,0;102,0;0,06862745098039216;0,06862745098039216
HEM;UNIDADE INTERNAÇÃO - DOENÇAS INFECTO-CONTAGIOSAS E PARASITÁRIAS DOENÇAS INFECTO CONTAGIOSAS;2019,0;10,0;6,0;5,0;106,0;0,05660377358490566;0,04716981132075472
HEM;UNIDADE INTERNAÇÃO - DOENÇAS INFECTO-CONTAGIOSAS E PARASITÁRIAS DOENÇAS INFECTO CONTAGIOSAS;2019,0;11,0;7,0;7,0;104,0;0,0673076923076923;0,0673076923076923
HEM;UNIDADE INTERNAÇÃO - DOENÇAS INFECTO-CONTAGIOSAS E PARASITÁRIAS DOENÇAS INFECTO CONTAGIOSAS;2019,0;12,0;5,0;5,0;114,0;0,043859649122807015;0,043859649122807015
HEM;UNIDADE INTERNAÇÃO - DOENÇAS INFECTO-CONTAGIOSAS E PARASITÁRIAS DOENÇAS INFECTO CONTAGIOSAS;2020,0;1,0;5,0;5,0;94,0;0,05319148936170213;0,05319148936170213
HEM;UNIDADE INTERNAÇÃO - DOENÇAS INFECTO-CONTAGIOSAS E PARASITÁRIAS DOENÇAS INFECTO CONTAGIOSAS;2020,0;2,0;3,0;3,0;95,0;0,031578947368421054;0,031578947368421054
HEM;UNIDADE INTERNAÇÃO - DOENÇAS INFECTO-CONTAGIOSAS E PARASITÁRIAS DOENÇAS INFECTO CONTAGIOSAS;2020,0;3,0;4,0;4,0;116,0;0,034482758620689655;0,034482758620689655
HEM;UNIDADE INTERNAÇÃO - DOENÇAS INFECTO-CONTAGIOSAS E PARASITÁRIAS DOENÇAS INFECTO CONTAGIOSAS;2020,0;4,0;2,0;2,0;142,0;0,014084507042253521;0,014084507042253521
HEM;UNIDADE INTERNAÇÃO - DOENÇAS INFECTO-CONTAGIOSAS E PARASITÁRIAS DOENÇAS INFECTO CONTAGIOSAS;2020,0;5,0;4,0;3,0;159,0;0,025157232704402517;0,018867924528301886
HEM;UNIDADE INTERNAÇÃO - DOENÇAS INFECTO-CONTAGIOSAS E PARASITÁRIAS DOENÇAS INFECTO CONTAGIOSAS;2020,0;6,0;2,0;2,0;141,0;0,014184397163120567;0,014184397163120567
HEM;UNIDADE INTERNAÇÃO - DOENÇAS INFECTO-CONTAGIOSAS E PARASITÁRIAS DOENÇAS INFECTO CONTAGIOSAS;2020,0;7,0;7,0;6,0;202,0;0,034653465346534656;0,0297029702970297
HEM;UNIDADE INTERNAÇÃO - DOENÇAS INFECTO-CONTAGIOSAS E PARASITÁRIAS DOENÇAS INFECTO CONTAGIOSAS;2020,0;8,0;2,0;1,0;136,0;0,014705882352941176;0,007352941176470588
HEM;UNIDADE INTERNAÇÃO - DOENÇAS INFECTO-CONTAGIOSAS E PARASITÁRIAS DOENÇAS INFECTO CONTAGIOSAS;2020,0;9,0;2,0;2,0;107,0;0,018691588785046728;0,018691588785046728
HEM;UNIDADE INTERNAÇÃO - DOENÇAS INFECTO-CONTAGIOSAS E PARASITÁRIAS DOENÇAS INFECTO CONTAGIOSAS;2020,0;10,0;4,0;4,0;129,0;0,031007751937984496;0,031007751937984496
HEM;UNIDADE INTERNAÇÃO - DOENÇAS INFECTO-CONTAGIOSAS E PARASITÁRIAS DOENÇAS INFECTO CONTAGIOSAS;2020,0;11,0;5,0;5,0;130,0;0,038461538461538464;0,038461538461538464
HEM;UNIDADE INTERNAÇÃO - DOENÇAS INFECTO-CONTAGIOSAS E PARASITÁRIAS DOENÇAS INFECTO CONTAGIOSAS;2020,0;12,0;5,0;5,0;172,0;0,029069767441860465;0,029069767441860465
HEM;UNIDADE INTERNAÇÃO - DOENÇAS INFECTO-CONTAGIOSAS E PARASITÁRIAS DOENÇAS INFECTO CONTAGIOSAS;2021,0;1,0;2,0;2,0;163,0;0,012269938650306749;0,012269938650306749
HEM;UNIDADE INTERNAÇÃO - DOENÇAS INFECTO-CONTAGIOSAS E PARASITÁRIAS DOENÇAS INFECTO CONTAGIOSAS;2021,0;2,0;4,0;4,0;127,0;0,031496062992125984;0,031496062992125984
HEM;UNIDADE INTERNAÇÃO - DOENÇAS INFECTO-CONTAGIOSAS E PARASITÁRIAS DOENÇAS INFECTO CONTAGIOSAS;2021,0;3,0;9,0;7,0;240,0;0,0375;0,029166666666666667
HEM;UNIDADE INTERNAÇÃO - DOENÇAS INFECTO-CONTAGIOSAS E PARASITÁRIAS DOENÇAS INFECTO CONTAGIOSAS;2021,0;4,0;3,0;3,0;203,0;0,014778325123152709;0,014778325123152709
HEM;UNIDADE INTERNAÇÃO - DOENÇAS INFECTO-CONTAGIOSAS E PARASITÁRIAS DOENÇAS INFECTO CONTAGIOSAS;2021,0;5,0;5,0;5,0;206,0;0,024271844660194174;0,024271844660194174
HEM;UNIDADE INTERNAÇÃO - DOENÇAS INFECTO-CONTAGIOSAS E PARASITÁRIAS DOENÇAS INFECTO CONTAGIOSAS;2021,0;6,0;3,0;2,0;163,0;0,018404907975460124;0,012269938650306749
HEM;UNIDADE INTERNAÇÃO - DOENÇAS INFECTO-CONTAGIOSAS E PARASITÁRIAS DOENÇAS INFECTO CONTAGIOSAS;2021,0;7,0;3,0;3,0;163,0;0,018404907975460124;0,018404907975460124
HEM;UNIDADE INTERNAÇÃO - DOENÇAS INFECTO-CONTAGIOSAS E PARASITÁRIAS DOENÇAS INFECTO CONTAGIOSAS;2021,0;8,0;3,0;3,0;149,0;0,020134228187919462;0,020134228187919462
HEM;UNIDADE INTERNAÇÃO - DOENÇAS INFECTO-CONTAGIOSAS E PARASITÁRIAS DOENÇAS INFECTO CONTAGIOSAS;2021,0;9,0;6,0;6,0;125,0;0,048;0,048
HEM;UNIDADE INTERNAÇÃO - DOENÇAS INFECTO-CONTAGIOSAS E PARASITÁRIAS DOENÇAS INFECTO CONTAGIOSAS;2021,0;10,0;5,0;5,0;132,0;0,03787878787878788;0,03787878787878788
HEM;UNIDADE INTERNAÇÃO - DOENÇAS INFECTO-CONTAGIOSAS E PARASITÁRIAS DOENÇAS INFECTO CONTAGIOSAS;2021,0;11,0;3,0;3,0;151,0;0,019867549668874173;0,019867549668874173
HEM;UNIDADE INTERNAÇÃO - DOENÇAS INFECTO-CONTAGIOSAS E PARASITÁRIAS DOENÇAS INFECTO CONTAGIOSAS;2021,0;12,0;1,0;1,0;144,0;0,006944444444444444;0,006944444444444444
HEM;UNIDADE INTERNAÇÃO - DOENÇAS INFECTO-CONTAGIOSAS E PARASITÁRIAS DOENÇAS INFECTO CONTAGIOSAS;2022,0;1,0;10,0;9,0;180,0;0,05555555555555555;0,05
HEM;UNIDADE INTERNAÇÃO - DOENÇAS INFECTO-CONTAGIOSAS E PARASITÁRIAS DOENÇAS INFECTO CONTAGIOSAS;2022,0;2,0;6,0;6,0;118,0;0,05084745762711865;0,05084745762711865
HEM;UNIDADE INTERNAÇÃO - DOENÇAS INFECTO-CONTAGIOSAS E PARASITÁRIAS DOENÇAS INFECTO CONTAGIOSAS;2022,0;3,0;3,0;3,0;98,0;0,030612244897959183;0,030612244897959183
HEM;UNIDADE INTERNAÇÃO - DOENÇAS INFECTO-CONTAGIOSAS E PARASITÁRIAS DOENÇAS INFECTO CONTAGIOSAS;2022,0;4,0;2,0;2,0;105,0;0,01904761904761905;0,01904761904761905
HEM;UNIDADE INTERNAÇÃO - DOENÇAS INFECTO-CONTAGIOSAS E PARASITÁRIAS DOENÇAS INFECTO CONTAGIOSAS;2022,0;5,0;7,0;7,0;127,0;0,05511811023622047;0,05511811023622047
HEM;UNIDADE INTERNAÇÃO - DOENÇAS INFECTO-CONTAGIOSAS E PARASITÁRIAS DOENÇAS INFECTO CONTAGIOSAS;2022,0;6,0;8,0;7,0;162,0;0,04938271604938271;0,043209876543209874
HEM;UNIDADE INTERNAÇÃO - DOENÇAS INFECTO-CONTAGIOSAS E PARASITÁRIAS DOENÇAS INFECTO CONTAGIOSAS;2022,0;7,0;8,0;7,0;145,0;0,05517241379310345;0,04827586206896552
HEM;UNIDADE INTERNAÇÃO - DOENÇAS INFECTO-CONTAGIOSAS E PARASITÁRIAS DOENÇAS INFECTO CONTAGIOSAS;2022,0;8,0;3,0;3,0;138,0;0,021739130434782608;0,021739130434782608
HEM;UNIDADE INTERNAÇÃO - DOENÇAS INFECTO-CONTAGIOSAS E PARASITÁRIAS DOENÇAS INFECTO CONTAGIOSAS;2022,0;9,0;5,0;4,0;176,0;0,028409090909090908;0,022727272727272728
HEM;UNIDADE INTERNAÇÃO - DOENÇAS INFECTO-CONTAGIOSAS E PARASITÁRIAS DOENÇAS INFECTO CONTAGIOSAS;2022,0;10,0;7,0;5,0;157,0;0,044585987261146494;0,03184713375796178
HEM;UNIDADE INTERNAÇÃO - DOENÇAS INFECTO-CONTAGIOSAS E PARASITÁRIAS DOENÇAS INFECTO CONTAGIOSAS;2022,0;11,0;16,0;16,0;171,0;0,0935672514619883;0,0935672514619883
HEM;UNIDADE INTERNAÇÃO - DOENÇAS INFECTO-CONTAGIOSAS E PARASITÁRIAS DOENÇAS INFECTO CONTAGIOSAS;2022,0;12,0;5,0;5,0;188,0;0,026595744680851064;0,026595744680851064
HEM;UNIDADE INTERNAÇÃO - DOENÇAS INFECTO-CONTAGIOSAS E PARASITÁRIAS DOENÇAS INFECTO CONTAGIOSAS;2023,0;1,0;5,0;5,0;145,0;0,034482758620689655;0,034482758620689655
HEM;UNIDADE INTERNAÇÃO - DOENÇAS INFECTO-CONTAGIOSAS E PARASITÁRIAS DOENÇAS INFECTO CONTAGIOSAS;2023,0;2,0;5,0;5,0;143,0;0,03496503496503497;0,03496503496503497
HEM;UNIDADE INTERNAÇÃO - DOENÇAS INFECTO-CONTAGIOSAS E PARASITÁRIAS DOENÇAS INFECTO CONTAGIOSAS;2023,0;3,0;3,0;2,0;148,0;0,02027027027027027;0,013513513513513514
HEM;UNIDADE INTERNAÇÃO - DOENÇAS INFECTO-CONTAGIOSAS E PARASITÁRIAS DOENÇAS INFECTO CONTAGIOSAS;2023,0;4,0;3,0;3,0;146,0;0,02054794520547945;0,02054794520547945
HEM;UNIDADE INTERNAÇÃO - DOENÇAS INFECTO-CONTAGIOSAS E PARASITÁRIAS DOENÇAS INFECTO CONTAGIOSAS;2023,0;5,0;3,0;3,0;133,0;0,022556390977443608;0,022556390977443608
HEM;UNIDADE INTERNAÇÃO - DOENÇAS INFECTO-CONTAGIOSAS E PARASITÁRIAS DOENÇAS INFECTO CONTAGIOSAS;2023,0;6,0;8,0;7,0;159,0;0,050314465408805034;0,0440251572327044
HEM;UNIDADE INTERNAÇÃO - DOENÇAS INFECTO-CONTAGIOSAS E PARASITÁRIAS DOENÇAS INFECTO CONTAGIOSAS;2023,0;7,0;2,0;2,0;122,0;0,01639344262295082;0,01639344262295082
HEM;UNIDADE INTERNAÇÃO - DOENÇAS INFECTO-CONTAGIOSAS E PARASITÁRIAS DOENÇAS INFECTO CONTAGIOSAS;2023,0;8,0;5,0;3,0;165,0;0,030303030303030304;0,01818181818181818
HEM;UNIDADE INTERNAÇÃO - DOENÇAS INFECTO-CONTAGIOSAS E PARASITÁRIAS DOENÇAS INFECTO CONTAGIOSAS;2023,0;9,0;7,0;7,0;124,0;0,056451612903225805;0,056451612903225805
HEM;UNIDADE INTERNAÇÃO - DOENÇAS INFECTO-CONTAGIOSAS E PARASITÁRIAS DOENÇAS INFECTO CONTAGIOSAS;2023,0;10,0;4,0;3,0;115,0;0,034782608695652174;0,02608695652173913
HEM;UNIDADE INTERNAÇÃO - DOENÇAS INFECTO-CONTAGIOSAS E PARASITÁRIAS DOENÇAS INFECTO CONTAGIOSAS;2023,0;11,0;8,0;8,0;125,0;0,064;0,064
HEM;UNIDADE INTERNAÇÃO - DOENÇAS INFECTO-CONTAGIOSAS E PARASITÁRIAS DOENÇAS INFECTO CONTAGIOSAS;2023,0;12,0;8,0;8,0;123,0;0,06504065040650407;0,06504065040650407
HEM;UNIDADE INTERNAÇÃO - DOENÇAS INFECTO-CONTAGIOSAS E PARASITÁRIAS DOENÇAS INFECTO CONTAGIOSAS;2024,0;1,0;5,0;5,0;237,0;0,02109704641350211;0,02109704641350211
HEM;UNIDADE INTERNAÇÃO - DOENÇAS INFECTO-CONTAGIOSAS E PARASITÁRIAS DOENÇAS INFECTO CONTAGIOSAS;2024,0;2,0;5,0;4,0;367,0;0,013623978201634877;0,010899182561307902
HEM;UNIDADE INTERNAÇÃO - DOENÇAS INFECTO-CONTAGIOSAS E PARASITÁRIAS DOENÇAS INFECTO CONTAGIOSAS;2024,0;3,0;6,0;6,0;411,0;0,014598540145985401;0,014598540145985401
HEM;UNIDADE INTERNAÇÃO - DOENÇAS INFECTO-CONTAGIOSAS E PARASITÁRIAS DOENÇAS INFECTO CONTAGIOSAS;2024,0;4,0;3,0;3,0;365,0;0,00821917808219178;0,00821917808219178
HEM;UNIDADE INTERNAÇÃO - DOENÇAS INFECTO-CONTAGIOSAS E PARASITÁRIAS DOENÇAS INFECTO CONTAGIOSAS;2024,0;5,0;6,0;6,0;245,0;0,024489795918367346;0,024489795918367346
HEM;UNIDADE INTERNAÇÃO - DOENÇAS INFECTO-CONTAGIOSAS E PARASITÁRIAS DOENÇAS INFECTO CONTAGIOSAS;2024,0;6,0;9,0;9,0;150,0;0,06;0,06
HEM;UNIDADE INTERNAÇÃO - DOENÇAS INFECTO-CONTAGIOSAS E PARASITÁRIAS DOENÇAS INFECTO CONTAGIOSAS;2024,0;7,0;4,0;4,0;157,0;0,025477707006369428;0,025477707006369428
HEM;UNIDADE INTERNAÇÃO - DOENÇAS INFECTO-CONTAGIOSAS E PARASITÁRIAS DOENÇAS INFECTO CONTAGIOSAS;2024,0;8,0;5,0;5,0;133,0;0,03759398496240601;0,03759398496240601
HEM;UNIDADE INTERNAÇÃO - DOENÇAS INFECTO-CONTAGIOSAS E PARASITÁRIAS DOENÇAS INFECTO CONTAGIOSAS;2024,0;9,0;2,0;1,0;143,0;0,013986013986013986;0,006993006993006993
HEM;UNIDADE INTERNAÇÃO - DOENÇAS INFECTO-CONTAGIOSAS E PARASITÁRIAS DOENÇAS INFECTO CONTAGIOSAS;2024,0;10,0;2,0;2,0;142,0;0,014084507042253521;0,014084507042253521
HEM;UNIDADE INTERNAÇÃO - DOENÇAS INFECTO-CONTAGIOSAS E PARASITÁRIAS DOENÇAS INFECTO CONTAGIOSAS;2024,0;11,0;3,0;3,0;138,0;0,021739130434782608;0,021739130434782608
HEM;UNIDADE INTERNAÇÃO - DOENÇAS INFECTO-CONTAGIOSAS E PARASITÁRIAS DOENÇAS INFECTO CONTAGIOSAS;2024,0;12,0;3,0;1,0;134,0;0,022388059701492536;0,007462686567164179
HEM;UNIDADE INTERNAÇÃO - DOENÇAS INFECTO-CONTAGIOSAS E PARASITÁRIAS DOENÇAS INFECTO CONTAGIOSAS;2025,0;1,0;6,0;6,0;135,0;0,044444444444444446;0,044444444444444446
HEM;UNIDADE INTERNAÇÃO - DOENÇAS INFECTO-CONTAGIOSAS E PARASITÁRIAS DOENÇAS INFECTO CONTAGIOSAS;2025,0;2,0;6,0;6,0;123,0;0,04878048780487805;0,04878048780487805
HEM;UNIDADE INTERNAÇÃO - DOENÇAS INFECTO-CONTAGIOSAS E PARASITÁRIAS DOENÇAS INFECTO CONTAGIOSAS;2025,0;3,0;2,0;2,0;147,0;0,013605442176870748;0,013605442176870748
HEM;UNIDADE INTERNAÇÃO - DOENÇAS INFECTO-CONTAGIOSAS E PARASITÁRIAS DOENÇAS INFECTO CONTAGIOSAS;2025,0;4,0;4,0;3,0;159,0;0,025157232704402517;0,018867924528301886
HEM;UNIDADE INTERNAÇÃO - DOENÇAS INFECTO-CONTAGIOSAS E PARASITÁRIAS DOENÇAS INFECTO CONTAGIOSAS;2025,0;5,0;3,0;3,0;164,0;0,018292682926829267;0,018292682926829267
HEM;UNIDADE INTERNAÇÃO - DOENÇAS INFECTO-CONTAGIOSAS E PARASITÁRIAS DOENÇAS INFECTO CONTAGIOSAS;2025,0;6,0;1,0;1,0;49,0;0,02040816326530612;0,02040816326530612
HEM;UTI;2019,0;1,0;9,0;9,0;10,0;0,9;0,9
HEM;UTI;2019,0;2,0;11,0;10,0;11,0;1,0;0,9090909090909091
HEM;UTI;2019,0;3,0;12,0;10,0;15,0;0,8;0,6666666666666666
HEM;UTI;2019,0;4,0;9,0;7,0;11,0;0,8181818181818182;0,6363636363636364
HEM;UTI;2019,0;5,0;8,0;7,0;11,0;0,7272727272727273;0,6363636363636364
HEM;UTI;2019,0;6,0;12,0;11,0;13,0;0,9230769230769231;0,8461538461538461
HEM;UTI;2019,0;7,0;7,0;7,0;9,0;0,7777777777777778;0,7777777777777778
HEM;UTI;2019,0;8,0;6,0;6,0;9,0;0,6666666666666666;0,6666666666666666
HEM;UTI;2019,0;9,0;12,0;11,0;13,0;0,9230769230769231;0,8461538461538461
HEM;UTI;2019,0;10,0;7,0;6,0;9,0;0,7777777777777778;0,6666666666666666
HEM;UTI;2019,0;11,0;11,0;11,0;12,0;0,9166666666666666;0,9166666666666666
HEM;UTI;2019,0;12,0;14,0;13,0;15,0;0,9333333333333333;0,8666666666666667
HEM;UTI;2020,0;1,0;10,0;10,0;21,0;0,47619047619047616;0,47619047619047616
HEM;UTI;2020,0;2,0;8,0;7,0;9,0;0,8888888888888888;0,7777777777777778
HEM;UTI;2020,0;3,0;11,0;10,0;20,0;0,55;0,5
HEM;UTI;2020,0;4,0;19,0;17,0;32,0;0,59375;0,53125
HEM;UTI;2020,0;5,0;26,0;24,0;48,0;0,5416666666666666;0,5
HEM;UTI;2020,0;6,0;28,0;26,0;41,0;0,6829268292682927;0,6341463414634146
HEM;UTI;2020,0;7,0;43,0;40,0;55,0;0,7818181818181819;0,7272727272727273
HEM;UTI;2020,0;8,0;31,0;31,0;39,0;0,7948717948717948;0,7948717948717948
HEM;UTI;2020,0;9,0;25,0;22,0;36,0;0,6944444444444444;0,6111111111111112
HEM;UTI;2020,0;10,0;21,0;20,0;25,0;0,84;0,8
HEM;UTI;2020,0;11,0;11,0;9,0;20,0;0,55;0,45
HEM;UTI;2020,0;12,0;43,0;39,0;61,0;0,7049180327868853;0,639344262295082
HEM;UTI;2021,0;1,0;42,0;39,0;43,0;0,9767441860465116;0,9069767441860465
HEM;UTI;2021,0;2,0;19,0;18,0;22,0;0,8636363636363636;0,8181818181818182
HEM;UTI;2021,0;3,0;48,0;45,0;65,0;0,7384615384615385;0,6923076923076923
HEM;UTI;2021,0;4,0;52,0;49,0;63,0;0,8253968253968254;0,7777777777777778
HEM;UTI;2021,0;5,0;29,0;29,0;35,0;0,8285714285714286;0,8285714285714286
HEM;UTI;2021,0;6,0;23,0;23,0;28,0;0,8214285714285714;0,8214285714285714
HEM;UTI;2021,0;7,0;20,0;20,0;32,0;0,625;0,625
HEM;UTI;2021,0;8,0;1,0;0,0;1,0;1,0;0,0
HEM;UTI - ADULTO;2021,0;8,0;16,0;15,0;18,0;0,8888888888888888;0,8333333333333334
HEM;UTI - ADULTO;2021,0;9,0;7,0;6,0;9,0;0,7777777777777778;0,6666666666666666
HEM;UTI - ADULTO;2021,0;10,0;13,0;11,0;16,0;0,8125;0,6875
HEM;UTI - ADULTO;2021,0;11,0;14,0;13,0;19,0;0,7368421052631579;0,6842105263157895
HEM;UTI - ADULTO;2021,0;12,0;17,0;17,0;21,0;0,8095238095238095;0,8095238095238095
HEM;UTI - ADULTO;2022,0;1,0;23,0;21,0;25,0;0,92;0,84
HEM;UTI - ADULTO;2022,0;2,0;18,0;17,0;21,0;0,8571428571428571;0,8095238095238095
HEM;UTI - ADULTO;2022,0;3,0;15,0;14,0;21,0;0,7142857142857143;0,6666666666666666
HEM;UTI - ADULTO;2022,0;4,0;13,0;10,0;16,0;0,8125;0,625
HEM;UTI - ADULTO;2022,0;5,0;16,0;16,0;19,0;0,8421052631578947;0,8421052631578947
HEM;UTI - ADULTO;2022,0;6,0;5,0;5,0;12,0;0,4166666666666667;0,4166666666666667
HEM;UTI - ADULTO;2022,0;7,0;14,0;13,0;18,0;0,7777777777777778;0,7222222222222222
HEM;UTI - ADULTO;2022,0;8,0;9,0;8,0;11,0;0,8181818181818182;0,7272727272727273
HEM;UTI - ADULTO;2022,0;9,0;10,0;9,0;12,0;0,8333333333333334;0,75
HEM;UTI - ADULTO;2022,0;10,0;3,0;1,0;4,0;0,75;0,25
HEM;UTI - ADULTO;2022,0;11,0;4,0;4,0;5,0;0,8;0,8
HEM;UTI - ADULTO;2022,0;12,0;10,0;9,0;12,0;0,8333333333333334;0,75
HEM;UTI - ADULTO;2023,0;1,0;9,0;9,0;13,0;0,6923076923076923;0,6923076923076923
HEM;UTI - ADULTO;2023,0;2,0;9,0;8,0;10,0;0,9;0,8
HEM;UTI - ADULTO;2023,0;3,0;13,0;12,0;14,0;0,9285714285714286;0,8571428571428571
HEM;UTI - ADULTO;2023,0;4,0;1,0;1,0;4,0;0,25;0,25
HEM;UTI - ADULTO;2023,0;5,0;9,0;8,0;13,0;0,6923076923076923;0,6153846153846154
HEM;UTI - ADULTO;2023,0;6,0;2,0;2,0;3,0;0,6666666666666666;0,6666666666666666
HEM;UTI - ADULTO;2023,0;7,0;7,0;7,0;10,0;0,7;0,7
HEM;UTI - ADULTO;2023,0;8,0;12,0;12,0;14,0;0,8571428571428571;0,8571428571428571
HEM;UTI - ADULTO;2023,0;9,0;6,0;6,0;10,0;0,6;0,6
HEM;UTI - ADULTO;2023,0;10,0;8,0;8,0;10,0;0,8;0,8
HEM;UTI - ADULTO;2023,0;11,0;6,0;6,0;6,0;1,0;1,0
HEM;UTI - ADULTO;2023,0;12,0;14,0;14,0;16,0;0,875;0,875
HEM;UTI - ADULTO;2024,0;1,0;11,0;11,0;12,0;0,9166666666666666;0,9166666666666666
HEM;UTI - ADULTO;2024,0;2,0;5,0;4,0;9,0;0,5555555555555556;0,4444444444444444
HEM;UTI - ADULTO;2024,0;3,0;6,0;4,0;11,0;0,5454545454545454;0,36363636363636365
HEM;UTI - ADULTO;2024,0;4,0;8,0;6,0;12,0;0,6666666666666666;0,5
HEM;UTI - ADULTO;2024,0;5,0;8,0;8,0;11,0;0,7272727272727273;0,7272727272727273
HEM;UTI - ADULTO;2024,0;6,0;9,0;9,0;14,0;0,6428571428571429;0,6428571428571429
HEM;UTI - ADULTO;2024,0;7,0;2,0;2,0;2,0;1,0;1,0
HEM;UTI - ADULTO;2024,0;8,0;3,0;3,0;4,0;0,75;0,75
HEM;UTI - ADULTO;2024,0;9,0;12,0;12,0;13,0;0,9230769230769231;0,9230769230769231
HEM;UTI - ADULTO;2024,0;10,0;2,0;2,0;3,0;0,6666666666666666;0,6666666666666666
HEM;UTI - ADULTO;2024,0;11,0;9,0;9,0;10,0;0,9;0,9
HEM;UTI - ADULTO;2024,0;12,0;10,0;10,0;10,0;1,0;1,0
HEM;UTI - ADULTO;2025,0;1,0;4,0;4,0;6,0;0,6666666666666666;0,6666666666666666
HEM;UTI - ADULTO;2025,0;2,0;9,0;8,0;10,0;0,9;0,8
HEM;UTI - ADULTO;2025,0;3,0;9,0;8,0;11,0;0,8181818181818182;0,7272727272727273
HEM;UTI - ADULTO;2025,0;4,0;10,0;10,0;13,0;0,7692307692307693;0,7692307692307693
HEM;UTI - ADULTO;2025,0;5,0;14,0;10,0;14,0;1,0;0,7142857142857143
HEM;UTI - ADULTO;2025,0;6,0;5,0;4,0;5,0;1,0;0,8
HIJPII;AMBULATORIO - ESPECIALIDADES;2019,0;1,0;0,0;0,0;1,0;0,0;0,0
HIJPII;AMBULATORIO - ESPECIALIDADES;2019,0;4,0;0,0;0,0;1,0;0,0;0,0
HIJPII;AMBULATORIO - ESPECIALIDADES;2019,0;7,0;0,0;0,0;1,0;0,0;0,0
HIJPII;AMBULATORIO - ESPECIALIDADES;2019,0;8,0;0,0;0,0;2,0;0,0;0,0
HIJPII;AMBULATORIO - ESPECIALIDADES;2019,0;10,0;0,0;0,0;2,0;0,0;0,0
HIJPII;AMBULATORIO - ESPECIALIDADES;2020,0;2,0;0,0;0,0;1,0;0,0;0,0
HIJPII;AMBULATORIO - ESPECIALIDADES;2020,0;3,0;0,0;0,0;1,0;0,0;0,0
HIJPII;AMBULATORIO - ESPECIALIDADES;2020,0;12,0;0,0;0,0;1,0;0,0;0,0
HIJPII;AMBULATORIO - ESPECIALIDADES;2021,0;3,0;0,0;0,0;1,0;0,0;0,0
HIJPII;AMBULATORIO - ESPECIALIDADES;2021,0;4,0;0,0;0,0;1,0;0,0;0,0
HIJPII;AMBULATORIO - ESPECIALIDADES;2021,0;6,0;0,0;0,0;1,0;0,0;0,0
HIJPII;AMBULATORIO - ESPECIALIDADES;2021,0;9,0;0,0;0,0;1,0;0,0;0,0
HIJPII;AMBULATORIO - ESPECIALIDADES;2022,0;6,0;0,0;0,0;1,0;0,0;0,0
HIJPII;AMBULATORIO - ESPECIALIDADES;2022,0;9,0;0,0;0,0;1,0;0,0;0,0
HIJPII;AMBULATORIO - ESPECIALIDADES;2024,0;5,0;0,0;0,0;2,0;0,0;0,0
HIJPII;AMBULATORIO - ESPECIALIDADES;2024,0;12,0;0,0;0,0;1,0;0,0;0,0
HIJPII;AMBULATORIO - ESPECIALIDADES;2025,0;3,0;0,0;0,0;1,0;0,0;0,0
HIJPII;AMBULATORIO - ESPECIALIDADES;2025,0;4,0;0,0;0,0;2,0;0,0;0,0
HIJPII;AMBULATORIO - ESPECIALIDADES;2025,0;5,0;0,0;0,0;1,0;0,0;0,0
HIJPII;AMBULATORIO - ESPECIALIDADES;2025,0;6,0;0,0;0,0;2,0;0,0;0,0
HIJPII;AMBULATORIO - ESPECIALIDADES;2025,0;10,0;0,0;0,0;1,0;0,0;0,0
HIJPII;AMBULATORIO - ESPECIALIDADES;2025,0;11,0;0,0;0,0;1,0;0,0;0,0
HIJPII;AMBULATORIO - ESPECIALIDADES;2026,0;5,0;0,0;0,0;2,0;0,0;0,0
HIJPII;AMBULATORIO ESPECIALIDADES MEDICAS;2024,0;10,0;0,0;0,0;1,0;0,0;0,0
HIJPII;ELETROENCEFALOGRAMA;2019,0;1,0;0,0;0,0;2,0;0,0;0,0
HIJPII;ELETROENCEFALOGRAMA;2019,0;4,0;0,0;0,0;1,0;0,0;0,0
HIJPII;ENDOSCOPIA;2021,0;6,0;0,0;0,0;1,0;0,0;0,0
HIJPII;RADIOLOGIA;2019,0;3,0;0,0;0,0;1,0;0,0;0,0
HIJPII;RADIOLOGIA;2019,0;5,0;0,0;0,0;1,0;0,0;0,0
HIJPII;RADIOLOGIA;2022,0;11,0;0,0;0,0;1,0;0,0;0,0
HIJPII;RADIOLOGIA;2024,0;3,0;0,0;0,0;1,0;0,0;0,0
HIJPII;ULTRASSONOGRAFIA;2019,0;2,0;0,0;0,0;1,0;0,0;0,0
HIJPII;ULTRASSONOGRAFIA;2019,0;4,0;0,0;0,0;1,0;0,0;0,0
HIJPII;UNIDADE INTERNAÇÃO - CLINICA PEDIÁTRICA;2019,0;1,0;0,0;0,0;205,0;0,0;0,0
HIJPII;UNIDADE INTERNAÇÃO - CLINICA PEDIÁTRICA;2019,0;2,0;1,0;1,0;195,0;0,005128205128205128;0,005128205128205128
HIJPII;UNIDADE INTERNAÇÃO - CLINICA PEDIÁTRICA;2019,0;3,0;0,0;0,0;252,0;0,0;0,0
HIJPII;UNIDADE INTERNAÇÃO - CLINICA PEDIÁTRICA;2019,0;4,0;1,0;1,0;291,0;0,003436426116838488;0,003436426116838488
HIJPII;UNIDADE INTERNAÇÃO - CLINICA PEDIÁTRICA;2019,0;5,0;1,0;1,0;327,0;0,0030581039755351682;0,0030581039755351682
HIJPII;UNIDADE INTERNAÇÃO - CLINICA PEDIÁTRICA;2019,0;6,0;4,0;4,0;259,0;0,015444015444015444;0,015444015444015444
HIJPII;UNIDADE INTERNAÇÃO - CLINICA PEDIÁTRICA;2019,0;7,0;1,0;1,0;257,0;0,0038910505836575876;0,0038910505836575876
HIJPII;UNIDADE INTERNAÇÃO - CLINICA PEDIÁTRICA;2019,0;8,0;1,0;1,0;224,0;0,004464285714285714;0,004464285714285714
HIJPII;UNIDADE INTERNAÇÃO - CLINICA PEDIÁTRICA;2019,0;9,0;1,0;0,0;233,0;0,004291845493562232;0,0
HIJPII;UNIDADE INTERNAÇÃO - CLINICA PEDIÁTRICA;2019,0;10,0;2,0;2,0;235,0;0,00851063829787234;0,00851063829787234
HIJPII;UNIDADE INTERNAÇÃO - CLINICA PEDIÁTRICA;2019,0;11,0;2,0;2,0;235,0;0,00851063829787234;0,00851063829787234
HIJPII;UNIDADE INTERNAÇÃO - CLINICA PEDIÁTRICA;2019,0;12,0;0,0;0,0;294,0;0,0;0,0
HIJPII;UNIDADE INTERNAÇÃO - CLINICA PEDIÁTRICA;2020,0;1,0;2,0;2,0;223,0;0,008968609865470852;0,008968609865470852
HIJPII;UNIDADE INTERNAÇÃO - CLINICA PEDIÁTRICA;2020,0;2,0;1,0;1,0;213,0;0,004694835680751174;0,004694835680751174
HIJPII;UNIDADE INTERNAÇÃO - CLINICA PEDIÁTRICA;2020,0;3,0;3,0;3,0;248,0;0,012096774193548387;0,012096774193548387
HIJPII;UNIDADE INTERNAÇÃO - CLINICA PEDIÁTRICA;2020,0;4,0;0,0;0,0;156,0;0,0;0,0
HIJPII;UNIDADE INTERNAÇÃO - CLINICA PEDIÁTRICA;2020,0;5,0;2,0;2,0;162,0;0,012345679012345678;0,012345679012345678
HIJPII;UNIDADE INTERNAÇÃO - CLINICA PEDIÁTRICA;2020,0;6,0;0,0;0,0;167,0;0,0;0,0
HIJPII;UNIDADE INTERNAÇÃO - CLINICA PEDIÁTRICA;2020,0;7,0;1,0;1,0;162,0;0,006172839506172839;0,006172839506172839
HIJPII;UNIDADE INTERNAÇÃO - CLINICA PEDIÁTRICA;2020,0;8,0;1,0;1,0;174,0;0,005747126436781609;0,005747126436781609
HIJPII;UNIDADE INTERNAÇÃO - CLINICA PEDIÁTRICA;2020,0;9,0;0,0;0,0;176,0;0,0;0,0
HIJPII;UNIDADE INTERNAÇÃO - CLINICA PEDIÁTRICA;2020,0;10,0;1,0;1,0;174,0;0,005747126436781609;0,005747126436781609
HIJPII;UNIDADE INTERNAÇÃO - CLINICA PEDIÁTRICA;2020,0;11,0;2,0;2,0;190,0;0,010526315789473684;0,010526315789473684
HIJPII;UNIDADE INTERNAÇÃO - CLINICA PEDIÁTRICA;2020,0;12,0;2,0;1,0;185,0;0,010810810810810811;0,005405405405405406
HIJPII;UNIDADE INTERNAÇÃO - CLINICA PEDIÁTRICA;2021,0;1,0;0,0;0,0;178,0;0,0;0,0
HIJPII;UNIDADE INTERNAÇÃO - CLINICA PEDIÁTRICA;2021,0;2,0;2,0;2,0;163,0;0,012269938650306749;0,012269938650306749
HIJPII;UNIDADE INTERNAÇÃO - CLINICA PEDIÁTRICA;2021,0;3,0;1,0;1,0;207,0;0,004830917874396135;0,004830917874396135
HIJPII;UNIDADE INTERNAÇÃO - CLINICA PEDIÁTRICA;2021,0;4,0;0,0;0,0;230,0;0,0;0,0
HIJPII;UNIDADE INTERNAÇÃO - CLINICA PEDIÁTRICA;2021,0;5,0;2,0;2,0;202,0;0,009900990099009901;0,009900990099009901
HIJPII;UNIDADE INTERNAÇÃO - CLINICA PEDIÁTRICA;2021,0;6,0;2,0;2,0;167,0;0,011976047904191617;0,011976047904191617
HIJPII;UNIDADE INTERNAÇÃO - CLINICA PEDIÁTRICA;2021,0;7,0;1,0;1,0;185,0;0,005405405405405406;0,005405405405405406
HIJPII;UNIDADE INTERNAÇÃO - CLINICA PEDIÁTRICA;2021,0;8,0;1,0;1,0;166,0;0,006024096385542169;0,006024096385542169
HIJPII;UNIDADE INTERNAÇÃO - CLINICA PEDIÁTRICA;2021,0;9,0;1,0;1,0;181,0;0,0055248618784530384;0,0055248618784530384
HIJPII;UNIDADE INTERNAÇÃO - CLINICA PEDIÁTRICA;2021,0;10,0;0,0;0,0;195,0;0,0;0,0
HIJPII;UNIDADE INTERNAÇÃO - CLINICA PEDIÁTRICA;2021,0;11,0;0,0;0,0;195,0;0,0;0,0
HIJPII;UNIDADE INTERNAÇÃO - CLINICA PEDIÁTRICA;2021,0;12,0;1,0;1,0;242,0;0,004132231404958678;0,004132231404958678
HIJPII;UNIDADE INTERNAÇÃO - CLINICA PEDIÁTRICA;2022,0;1,0;0,0;0,0;197,0;0,0;0,0
HIJPII;UNIDADE INTERNAÇÃO - CLINICA PEDIÁTRICA;2022,0;2,0;0,0;0,0;203,0;0,0;0,0
HIJPII;UNIDADE INTERNAÇÃO - CLINICA PEDIÁTRICA;2022,0;3,0;1,0;1,0;235,0;0,00425531914893617;0,00425531914893617
HIJPII;UNIDADE INTERNAÇÃO - CLINICA PEDIÁTRICA;2022,0;4,0;1,0;1,0;255,0;0,00392156862745098;0,00392156862745098
HIJPII;UNIDADE INTERNAÇÃO - CLINICA PEDIÁTRICA;2022,0;5,0;1,0;1,0;251,0;0,00398406374501992;0,00398406374501992
HIJPII;UNIDADE INTERNAÇÃO - CLINICA PEDIÁTRICA;2022,0;6,0;0,0;0,0;207,0;0,0;0,0
HIJPII;UNIDADE INTERNAÇÃO - CLINICA PEDIÁTRICA;2022,0;7,0;0,0;0,0;211,0;0,0;0,0
HIJPII;UNIDADE INTERNAÇÃO - CLINICA PEDIÁTRICA;2022,0;8,0;0,0;0,0;219,0;0,0;0,0
HIJPII;UNIDADE INTERNAÇÃO - CLINICA PEDIÁTRICA;2022,0;9,0;0,0;0,0;239,0;0,0;0,0
HIJPII;UNIDADE INTERNAÇÃO - CLINICA PEDIÁTRICA;2022,0;10,0;1,0;1,0;220,0;0,004545454545454545;0,004545454545454545
HIJPII;UNIDADE INTERNAÇÃO - CLINICA PEDIÁTRICA;2022,0;11,0;2,0;2,0;244,0;0,00819672131147541;0,00819672131147541
HIJPII;UNIDADE INTERNAÇÃO - CLINICA PEDIÁTRICA;2022,0;12,0;0,0;0,0;203,0;0,0;0,0
HIJPII;UNIDADE INTERNAÇÃO - CLINICA PEDIÁTRICA;2023,0;1,0;0,0;0,0;204,0;0,0;0,0
HIJPII;UNIDADE INTERNAÇÃO - CLINICA PEDIÁTRICA;2023,0;2,0;0,0;0,0;273,0;0,0;0,0
HIJPII;UNIDADE INTERNAÇÃO - CLINICA PEDIÁTRICA;2023,0;3,0;1,0;1,0;310,0;0,0032258064516129032;0,0032258064516129032
HIJPII;UNIDADE INTERNAÇÃO - CLINICA PEDIÁTRICA;2023,0;4,0;0,0;0,0;258,0;0,0;0,0
HIJPII;UNIDADE INTERNAÇÃO - CLINICA PEDIÁTRICA;2023,0;5,0;0,0;0,0;267,0;0,0;0,0
HIJPII;UNIDADE INTERNAÇÃO - CLINICA PEDIÁTRICA;2023,0;6,0;1,0;1,0;225,0;0,0044444444444444444;0,0044444444444444444
HIJPII;UNIDADE INTERNAÇÃO - CLINICA PEDIÁTRICA;2023,0;7,0;0,0;0,0;242,0;0,0;0,0
HIJPII;UNIDADE INTERNAÇÃO - CLINICA PEDIÁTRICA;2023,0;8,0;0,0;0,0;200,0;0,0;0,0
HIJPII;UNIDADE INTERNAÇÃO - CLINICA PEDIÁTRICA;2023,0;9,0;0,0;0,0;227,0;0,0;0,0
HIJPII;UNIDADE INTERNAÇÃO - CLINICA PEDIÁTRICA;2023,0;10,0;1,0;1,0;229,0;0,004366812227074236;0,004366812227074236
HIJPII;UNIDADE INTERNAÇÃO - CLINICA PEDIÁTRICA;2023,0;11,0;1,0;1,0;211,0;0,004739336492890996;0,004739336492890996
HIJPII;UNIDADE INTERNAÇÃO - CLINICA PEDIÁTRICA;2023,0;12,0;0,0;0,0;219,0;0,0;0,0
HIJPII;UNIDADE INTERNAÇÃO - CLINICA PEDIÁTRICA;2024,0;1,0;0,0;0,0;199,0;0,0;0,0
HIJPII;UNIDADE INTERNAÇÃO - CLINICA PEDIÁTRICA;2024,0;2,0;0,0;0,0;219,0;0,0;0,0
HIJPII;UNIDADE INTERNAÇÃO - CLINICA PEDIÁTRICA;2024,0;3,0;2,0;1,0;327,0;0,0061162079510703364;0,0030581039755351682
HIJPII;UNIDADE INTERNAÇÃO - CLINICA PEDIÁTRICA;2024,0;4,0;2,0;2,0;335,0;0,005970149253731343;0,005970149253731343
HIJPII;UNIDADE INTERNAÇÃO - CLINICA PEDIÁTRICA;2024,0;5,0;1,0;1,0;296,0;0,0033783783783783786;0,0033783783783783786
HIJPII;UNIDADE INTERNAÇÃO - CLINICA PEDIÁTRICA;2024,0;6,0;0,0;0,0;260,0;0,0;0,0
HIJPII;UNIDADE INTERNAÇÃO - CLINICA PEDIÁTRICA;2024,0;7,0;0,0;0,0;236,0;0,0;0,0
HIJPII;UNIDADE INTERNAÇÃO - CLINICA PEDIÁTRICA;2024,0;8,0;0,0;0,0;233,0;0,0;0,0
HIJPII;UNIDADE INTERNAÇÃO - CLINICA PEDIÁTRICA;2024,0;9,0;0,0;0,0;245,0;0,0;0,0
HIJPII;UNIDADE INTERNAÇÃO - CLINICA PEDIÁTRICA;2024,0;10,0;0,0;0,0;225,0;0,0;0,0
HIJPII;UNIDADE INTERNAÇÃO - CLINICA PEDIÁTRICA;2024,0;11,0;1,0;1,0;222,0;0,0045045045045045045;0,0045045045045045045
HIJPII;UNIDADE INTERNAÇÃO - CLINICA PEDIÁTRICA;2024,0;12,0;0,0;0,0;240,0;0,0;0,0
HIJPII;UNIDADE INTERNAÇÃO - CLINICA PEDIÁTRICA;2025,0;1,0;0,0;0,0;239,0;0,0;0,0
HIJPII;UNIDADE INTERNAÇÃO - CLINICA PEDIÁTRICA;2025,0;2,0;3,0;3,0;208,0;0,014423076923076924;0,014423076923076924
HIJPII;UNIDADE INTERNAÇÃO - CLINICA PEDIÁTRICA;2025,0;3,0;1,0;1,0;263,0;0,0038022813688212928;0,0038022813688212928
HIJPII;UNIDADE INTERNAÇÃO - CLINICA PEDIÁTRICA;2025,0;4,0;2,0;2,0;326,0;0,006134969325153374;0,006134969325153374
HIJPII;UNIDADE INTERNAÇÃO - CLINICA PEDIÁTRICA;2025,0;5,0;0,0;0,0;330,0;0,0;0,0
HIJPII;UNIDADE INTERNAÇÃO - CLINICA PEDIÁTRICA;2025,0;6,0;1,0;1,0;301,0;0,0033222591362126247;0,0033222591362126247
HIJPII;UNIDADE INTERNAÇÃO - CLINICA PEDIÁTRICA;2025,0;7,0;0,0;0,0;239,0;0,0;0,0
HIJPII;UNIDADE INTERNAÇÃO - CLINICA PEDIÁTRICA;2025,0;8,0;0,0;0,0;202,0;0,0;0,0
HIJPII;UNIDADE INTERNAÇÃO - CLINICA PEDIÁTRICA;2025,0;9,0;1,0;1,0;183,0;0,00546448087431694;0,00546448087431694
HIJPII;UNIDADE INTERNAÇÃO - CLINICA PEDIÁTRICA;2025,0;10,0;0,0;0,0;201,0;0,0;0,0
HIJPII;UNIDADE INTERNAÇÃO - CLINICA PEDIÁTRICA;2025,0;11,0;0,0;0,0;198,0;0,0;0,0
HIJPII;UNIDADE INTERNAÇÃO - CLINICA PEDIÁTRICA;2025,0;12,0;0,0;0,0;210,0;0,0;0,0
HIJPII;UNIDADE INTERNAÇÃO - CLINICA PEDIÁTRICA;2026,0;1,0;0,0;0,0;170,0;0,0;0,0
HIJPII;UNIDADE INTERNAÇÃO - CLINICA PEDIÁTRICA;2026,0;2,0;2,0;2,0;134,0;0,014925373134328358;0,014925373134328358
HIJPII;UNIDADE INTERNAÇÃO - CLINICA PEDIÁTRICA;2026,0;3,0;0,0;0,0;202,0;0,0;0,0
HIJPII;UNIDADE INTERNAÇÃO - CLINICA PEDIÁTRICA;2026,0;4,0;0,0;0,0;235,0;0,0;0,0
HIJPII;UNIDADE INTERNAÇÃO - CLINICA PEDIÁTRICA;2026,0;5,0;0,0;0,0;288,0;0,0;0,0
HIJPII;UNIDADE INTERNAÇÃO - CLINICA PEDIÁTRICA;2026,0;6,0;1,0;1,0;290,0;0,0034482758620689655;0,0034482758620689655
HIJPII;UNIDADE INTERNAÇÃO - CLINICA PEDIÁTRICA;2026,0;7,0;1,0;1,0;270,0;0,003703703703703704;0,003703703703703704
HIJPII;UNIDADE INTERNAÇÃO - CLINICA PEDIÁTRICA;2026,0;8,0;1,0;1,0;206,0;0,0048543689320388345;0,0048543689320388345
HIJPII;UNIDADE INTERNAÇÃO - CURTO PRAZO;2019,0;1,0;0,0;0,0;60,0;0,0;0,0
HIJPII;UNIDADE INTERNAÇÃO - CURTO PRAZO;2019,0;2,0;1,0;0,0;69,0;0,014492753623188406;0,0
HIJPII;UNIDADE INTERNAÇÃO - CURTO PRAZO;2019,0;3,0;1,0;1,0;134,0;0,007462686567164179;0,007462686567164179
HIJPII;UNIDADE INTERNAÇÃO - CURTO PRAZO;2019,0;4,0;0,0;0,0;170,0;0,0;0,0
HIJPII;UNIDADE INTERNAÇÃO - CURTO PRAZO;2019,0;5,0;0,0;0,0;141,0;0,0;0,0
HIJPII;UNIDADE INTERNAÇÃO - CURTO PRAZO;2019,0;6,0;0,0;0,0;125,0;0,0;0,0
HIJPII;UNIDADE INTERNAÇÃO - CURTO PRAZO;2019,0;7,0;0,0;0,0;88,0;0,0;0,0
HIJPII;UNIDADE INTERNAÇÃO - CURTO PRAZO;2019,0;8,0;0,0;0,0;51,0;0,0;0,0
HIJPII;UNIDADE INTERNAÇÃO - CURTO PRAZO;2019,0;9,0;0,0;0,0;51,0;0,0;0,0
HIJPII;UNIDADE INTERNAÇÃO - CURTO PRAZO;2019,0;10,0;0,0;0,0;19,0;0,0;0,0
HIJPII;UNIDADE INTERNAÇÃO - CURTO PRAZO;2019,0;11,0;0,0;0,0;14,0;0,0;0,0
HIJPII;UNIDADE INTERNAÇÃO - CURTO PRAZO;2019,0;12,0;0,0;0,0;35,0;0,0;0,0
HIJPII;UNIDADE INTERNAÇÃO - CURTO PRAZO;2020,0;1,0;0,0;0,0;8,0;0,0;0,0
HIJPII;UNIDADE INTERNAÇÃO - CURTO PRAZO;2020,0;2,0;0,0;0,0;18,0;0,0;0,0
HIJPII;UNIDADE INTERNAÇÃO - CURTO PRAZO;2020,0;3,0;0,0;0,0;38,0;0,0;0,0
HIJPII;UNIDADE INTERNAÇÃO - CURTO PRAZO;2020,0;4,0;0,0;0,0;5,0;0,0;0,0
HIJPII;UNIDADE INTERNAÇÃO - CURTO PRAZO;2020,0;5,0;0,0;0,0;5,0;0,0;0,0
HIJPII;UNIDADE INTERNAÇÃO - CURTO PRAZO;2020,0;6,0;0,0;0,0;15,0;0,0;0,0
HIJPII;UNIDADE INTERNAÇÃO - CURTO PRAZO;2020,0;7,0;0,0;0,0;8,0;0,0;0,0
HIJPII;UNIDADE INTERNAÇÃO - CURTO PRAZO;2020,0;8,0;0,0;0,0;6,0;0,0;0,0
HIJPII;UNIDADE INTERNAÇÃO - CURTO PRAZO;2020,0;9,0;0,0;0,0;9,0;0,0;0,0
HIJPII;UNIDADE INTERNAÇÃO - CURTO PRAZO;2020,0;10,0;0,0;0,0;18,0;0,0;0,0
HIJPII;UNIDADE INTERNAÇÃO - CURTO PRAZO;2020,0;11,0;0,0;0,0;17,0;0,0;0,0
HIJPII;UNIDADE INTERNAÇÃO - CURTO PRAZO;2020,0;12,0;1,0;0,0;11,0;0,09090909090909091;0,0
HIJPII;UNIDADE INTERNAÇÃO - CURTO PRAZO;2021,0;1,0;0,0;0,0;15,0;0,0;0,0
HIJPII;UNIDADE INTERNAÇÃO - CURTO PRAZO;2021,0;2,0;1,0;0,0;21,0;0,047619047619047616;0,0
HIJPII;UNIDADE INTERNAÇÃO - CURTO PRAZO;2021,0;3,0;0,0;0,0;31,0;0,0;0,0
HIJPII;UNIDADE INTERNAÇÃO - CURTO PRAZO;2021,0;4,0;1,0;0,0;28,0;0,03571428571428571;0,0
HIJPII;UNIDADE INTERNAÇÃO - CURTO PRAZO;2021,0;5,0;1,0;0,0;27,0;0,037037037037037035;0,0
HIJPII;UNIDADE INTERNAÇÃO - CURTO PRAZO;2021,0;6,0;0,0;0,0;21,0;0,0;0,0
HIJPII;UNIDADE INTERNAÇÃO - CURTO PRAZO;2021,0;7,0;0,0;0,0;34,0;0,0;0,0
HIJPII;UNIDADE INTERNAÇÃO - CURTO PRAZO;2021,0;8,0;0,0;0,0;16,0;0,0;0,0
HIJPII;UNIDADE INTERNAÇÃO - CURTO PRAZO;2021,0;9,0;0,0;0,0;39,0;0,0;0,0
HIJPII;UNIDADE INTERNAÇÃO - CURTO PRAZO;2021,0;10,0;0,0;0,0;36,0;0,0;0,0
HIJPII;UNIDADE INTERNAÇÃO - CURTO PRAZO;2021,0;11,0;0,0;0,0;31,0;0,0;0,0
HIJPII;UNIDADE INTERNAÇÃO - CURTO PRAZO;2021,0;12,0;1,0;0,0;55,0;0,01818181818181818;0,0
HIJPII;UNIDADE INTERNAÇÃO - CURTO PRAZO;2022,0;1,0;3,0;1,0;84,0;0,03571428571428571;0,011904761904761904
HIJPII;UNIDADE INTERNAÇÃO - CURTO PRAZO;2022,0;2,0;1,0;0,0;58,0;0,017241379310344827;0,0
HIJPII;UNIDADE INTERNAÇÃO - CURTO PRAZO;2022,0;3,0;0,0;0,0;76,0;0,0;0,0
HIJPII;UNIDADE INTERNAÇÃO - CURTO PRAZO;2022,0;4,0;0,0;0,0;44,0;0,0;0,0
HIJPII;UNIDADE INTERNAÇÃO - CURTO PRAZO;2022,0;5,0;0,0;0,0;71,0;0,0;0,0
HIJPII;UNIDADE INTERNAÇÃO - CURTO PRAZO;2022,0;6,0;0,0;0,0;57,0;0,0;0,0
HIJPII;UNIDADE INTERNAÇÃO - CURTO PRAZO;2022,0;7,0;1,0;0,0;62,0;0,016129032258064516;0,0
HIJPII;UNIDADE INTERNAÇÃO - CURTO PRAZO;2022,0;8,0;0,0;0,0;42,0;0,0;0,0
HIJPII;UNIDADE INTERNAÇÃO - CURTO PRAZO;2022,0;9,0;0,0;0,0;38,0;0,0;0,0
HIJPII;UNIDADE INTERNAÇÃO - CURTO PRAZO;2022,0;10,0;0,0;0,0;45,0;0,0;0,0
HIJPII;UNIDADE INTERNAÇÃO - CURTO PRAZO;2022,0;11,0;0,0;0,0;65,0;0,0;0,0
HIJPII;UNIDADE INTERNAÇÃO - CURTO PRAZO;2022,0;12,0;1,0;0,0;29,0;0,034482758620689655;0,0
HIJPII;UNIDADE INTERNAÇÃO - CURTO PRAZO;2023,0;1,0;1,0;1,0;27,0;0,037037037037037035;0,037037037037037035
HIJPII;UNIDADE INTERNAÇÃO - CURTO PRAZO;2023,0;2,0;0,0;0,0;36,0;0,0;0,0
HIJPII;UNIDADE INTERNAÇÃO - CURTO PRAZO;2023,0;3,0;0,0;0,0;62,0;0,0;0,0
HIJPII;UNIDADE INTERNAÇÃO - CURTO PRAZO;2023,0;4,0;0,0;0,0;59,0;0,0;0,0
HIJPII;UNIDADE INTERNAÇÃO - CURTO PRAZO;2023,0;5,0;0,0;0,0;77,0;0,0;0,0
HIJPII;UNIDADE INTERNAÇÃO - CURTO PRAZO;2023,0;6,0;0,0;0,0;46,0;0,0;0,0
HIJPII;UNIDADE INTERNAÇÃO - CURTO PRAZO;2023,0;7,0;1,0;0,0;73,0;0,0136986301369863;0,0
HIJPII;UNIDADE INTERNAÇÃO - CURTO PRAZO;2023,0;8,0;0,0;0,0;46,0;0,0;0,0
HIJPII;UNIDADE INTERNAÇÃO - CURTO PRAZO;2023,0;9,0;1,0;0,0;45,0;0,022222222222222223;0,0
HIJPII;UNIDADE INTERNAÇÃO - CURTO PRAZO;2023,0;10,0;1,0;1,0;30,0;0,03333333333333333;0,03333333333333333
HIJPII;UNIDADE INTERNAÇÃO - CURTO PRAZO;2023,0;11,0;0,0;0,0;28,0;0,0;0,0
HIJPII;UNIDADE INTERNAÇÃO - CURTO PRAZO;2023,0;12,0;0,0;0,0;20,0;0,0;0,0
HIJPII;UNIDADE INTERNAÇÃO - CURTO PRAZO;2024,0;1,0;0,0;0,0;30,0;0,0;0,0
HIJPII;UNIDADE INTERNAÇÃO - CURTO PRAZO;2024,0;2,0;1,0;1,0;51,0;0,0196078431372549;0,0196078431372549
HIJPII;UNIDADE INTERNAÇÃO - CURTO PRAZO;2024,0;3,0;0,0;0,0;126,0;0,0;0,0
HIJPII;UNIDADE INTERNAÇÃO - CURTO PRAZO;2024,0;4,0;1,0;0,0;101,0;0,009900990099009901;0,0
HIJPII;UNIDADE INTERNAÇÃO - CURTO PRAZO;2024,0;5,0;0,0;0,0;51,0;0,0;0,0
HIJPII;UNIDADE INTERNAÇÃO - CURTO PRAZO;2024,0;6,0;0,0;0,0;34,0;0,0;0,0
HIJPII;UNIDADE INTERNAÇÃO - CURTO PRAZO;2024,0;7,0;0,0;0,0;38,0;0,0;0,0
HIJPII;UNIDADE INTERNAÇÃO - CURTO PRAZO;2024,0;8,0;0,0;0,0;22,0;0,0;0,0
HIJPII;UNIDADE INTERNAÇÃO - CURTO PRAZO;2024,0;9,0;0,0;0,0;44,0;0,0;0,0
HIJPII;UNIDADE INTERNAÇÃO - CURTO PRAZO;2024,0;10,0;0,0;0,0;33,0;0,0;0,0
HIJPII;UNIDADE INTERNAÇÃO - CURTO PRAZO;2024,0;11,0;0,0;0,0;31,0;0,0;0,0
HIJPII;UNIDADE INTERNAÇÃO - CURTO PRAZO;2024,0;12,0;0,0;0,0;42,0;0,0;0,0
HIJPII;UNIDADE INTERNAÇÃO - CURTO PRAZO;2025,0;1,0;0,0;0,0;23,0;0,0;0,0
HIJPII;UNIDADE INTERNAÇÃO - CURTO PRAZO;2025,0;2,0;1,0;0,0;16,0;0,0625;0,0
HIJPII;UNIDADE INTERNAÇÃO - CURTO PRAZO;2025,0;3,0;0,0;0,0;32,0;0,0;0,0
HIJPII;UNIDADE INTERNAÇÃO - CURTO PRAZO;2025,0;4,0;0,0;0,0;49,0;0,0;0,0
HIJPII;UNIDADE INTERNAÇÃO - CURTO PRAZO;2025,0;5,0;0,0;0,0;61,0;0,0;0,0
HIJPII;UNIDADE INTERNAÇÃO - CURTO PRAZO;2025,0;6,0;0,0;0,0;40,0;0,0;0,0
HIJPII;UNIDADE INTERNAÇÃO - CURTO PRAZO;2025,0;7,0;0,0;0,0;20,0;0,0;0,0
HIJPII;UNIDADE INTERNAÇÃO - CURTO PRAZO;2025,0;8,0;0,0;0,0;25,0;0,0;0,0
HIJPII;UNIDADE INTERNAÇÃO - CURTO PRAZO;2025,0;9,0;0,0;0,0;22,0;0,0;0,0
HIJPII;UNIDADE INTERNAÇÃO - CURTO PRAZO;2025,0;10,0;0,0;0,0;20,0;0,0;0,0
HIJPII;UNIDADE INTERNAÇÃO - CURTO PRAZO;2025,0;11,0;2,0;0,0;20,0;0,1;0,0
HIJPII;UNIDADE INTERNAÇÃO - CURTO PRAZO;2025,0;12,0;0,0;0,0;27,0;0,0;0,0
HIJPII;UNIDADE INTERNAÇÃO - CURTO PRAZO;2026,0;1,0;0,0;0,0;31,0;0,0;0,0
HIJPII;UNIDADE INTERNAÇÃO - CURTO PRAZO;2026,0;2,0;0,0;0,0;18,0;0,0;0,0
HIJPII;UNIDADE INTERNAÇÃO - CURTO PRAZO;2026,0;3,0;0,0;0,0;31,0;0,0;0,0
HIJPII;UNIDADE INTERNAÇÃO - CURTO PRAZO;2026,0;4,0;1,0;0,0;59,0;0,01694915254237288;0,0
HIJPII;UNIDADE INTERNAÇÃO - CURTO PRAZO;2026,0;5,0;0,0;0,0;52,0;0,0;0,0
HIJPII;UNIDADE INTERNAÇÃO - CURTO PRAZO;2026,0;6,0;0,0;0,0;32,0;0,0;0,0
HIJPII;UNIDADE INTERNAÇÃO - CURTO PRAZO;2026,0;7,0;0,0;0,0;29,0;0,0;0,0
HIJPII;UNIDADE INTERNAÇÃO - CURTO PRAZO;2026,0;8,0;0,0;0,0;27,0;0,0;0,0
HIJPII;UNIDADE INTERNAÇÃO - DOENÇAS INFECTO-CONTAGIOSAS E PARASITÁRIAS;2019,0;1,0;0,0;0,0;105,0;0,0;0,0
HIJPII;UNIDADE INTERNAÇÃO - DOENÇAS INFECTO-CONTAGIOSAS E PARASITÁRIAS;2019,0;2,0;0,0;0,0;106,0;0,0;0,0
HIJPII;UNIDADE INTERNAÇÃO - DOENÇAS INFECTO-CONTAGIOSAS E PARASITÁRIAS;2019,0;3,0;0,0;0,0;136,0;0,0;0,0
HIJPII;UNIDADE INTERNAÇÃO - DOENÇAS INFECTO-CONTAGIOSAS E PARASITÁRIAS;2019,0;4,0;1,0;0,0;141,0;0,0070921985815602835;0,0
HIJPII;UNIDADE INTERNAÇÃO - DOENÇAS INFECTO-CONTAGIOSAS E PARASITÁRIAS;2019,0;5,0;0,0;0,0;173,0;0,0;0,0
HIJPII;UNIDADE INTERNAÇÃO - DOENÇAS INFECTO-CONTAGIOSAS E PARASITÁRIAS;2019,0;6,0;1,0;1,0;151,0;0,006622516556291391;0,006622516556291391
HIJPII;UNIDADE INTERNAÇÃO - DOENÇAS INFECTO-CONTAGIOSAS E PARASITÁRIAS;2019,0;7,0;0,0;0,0;139,0;0,0;0,0
HIJPII;UNIDADE INTERNAÇÃO - DOENÇAS INFECTO-CONTAGIOSAS E PARASITÁRIAS;2019,0;8,0;1,0;1,0;128,0;0,0078125;0,0078125
HIJPII;UNIDADE INTERNAÇÃO - DOENÇAS INFECTO-CONTAGIOSAS E PARASITÁRIAS;2019,0;9,0;0,0;0,0;152,0;0,0;0,0
HIJPII;UNIDADE INTERNAÇÃO - DOENÇAS INFECTO-CONTAGIOSAS E PARASITÁRIAS;2019,0;10,0;0,0;0,0;125,0;0,0;0,0
HIJPII;UNIDADE INTERNAÇÃO - DOENÇAS INFECTO-CONTAGIOSAS E PARASITÁRIAS;2019,0;11,0;0,0;0,0;106,0;0,0;0,0
HIJPII;UNIDADE INTERNAÇÃO - DOENÇAS INFECTO-CONTAGIOSAS E PARASITÁRIAS;2019,0;12,0;0,0;0,0;149,0;0,0;0,0
HIJPII;UNIDADE INTERNAÇÃO - DOENÇAS INFECTO-CONTAGIOSAS E PARASITÁRIAS;2020,0;1,0;0,0;0,0;90,0;0,0;0,0
HIJPII;UNIDADE INTERNAÇÃO - DOENÇAS INFECTO-CONTAGIOSAS E PARASITÁRIAS;2020,0;2,0;0,0;0,0;111,0;0,0;0,0
HIJPII;UNIDADE INTERNAÇÃO - DOENÇAS INFECTO-CONTAGIOSAS E PARASITÁRIAS;2020,0;3,0;0,0;0,0;175,0;0,0;0,0
HIJPII;UNIDADE INTERNAÇÃO - DOENÇAS INFECTO-CONTAGIOSAS E PARASITÁRIAS;2020,0;4,0;0,0;0,0;79,0;0,0;0,0
HIJPII;UNIDADE INTERNAÇÃO - DOENÇAS INFECTO-CONTAGIOSAS E PARASITÁRIAS;2020,0;5,0;0,0;0,0;80,0;0,0;0,0
HIJPII;UNIDADE INTERNAÇÃO - DOENÇAS INFECTO-CONTAGIOSAS E PARASITÁRIAS;2020,0;6,0;0,0;0,0;150,0;0,0;0,0
HIJPII;UNIDADE INTERNAÇÃO - DOENÇAS INFECTO-CONTAGIOSAS E PARASITÁRIAS;2020,0;7,0;0,0;0,0;193,0;0,0;0,0
HIJPII;UNIDADE INTERNAÇÃO - DOENÇAS INFECTO-CONTAGIOSAS E PARASITÁRIAS;2020,0;8,0;0,0;0,0;135,0;0,0;0,0
HIJPII;UNIDADE INTERNAÇÃO - DOENÇAS INFECTO-CONTAGIOSAS E PARASITÁRIAS;2020,0;9,0;0,0;0,0;108,0;0,0;0,0
HIJPII;UNIDADE INTERNAÇÃO - DOENÇAS INFECTO-CONTAGIOSAS E PARASITÁRIAS;2020,0;10,0;0,0;0,0;112,0;0,0;0,0
HIJPII;UNIDADE INTERNAÇÃO - DOENÇAS INFECTO-CONTAGIOSAS E PARASITÁRIAS;2020,0;11,0;1,0;1,0;137,0;0,0072992700729927005;0,0072992700729927005
HIJPII;UNIDADE INTERNAÇÃO - DOENÇAS INFECTO-CONTAGIOSAS E PARASITÁRIAS;2020,0;12,0;0,0;0,0;135,0;0,0;0,0
HIJPII;UNIDADE INTERNAÇÃO - DOENÇAS INFECTO-CONTAGIOSAS E PARASITÁRIAS;2021,0;1,0;1,0;1,0;128,0;0,0078125;0,0078125
HIJPII;UNIDADE INTERNAÇÃO - DOENÇAS INFECTO-CONTAGIOSAS E PARASITÁRIAS;2021,0;2,0;0,0;0,0;143,0;0,0;0,0
HIJPII;UNIDADE INTERNAÇÃO - DOENÇAS INFECTO-CONTAGIOSAS E PARASITÁRIAS;2021,0;3,0;0,0;0,0;182,0;0,0;0,0
HIJPII;UNIDADE INTERNAÇÃO - DOENÇAS INFECTO-CONTAGIOSAS E PARASITÁRIAS;2021,0;4,0;0,0;0,0;165,0;0,0;0,0
HIJPII;UNIDADE INTERNAÇÃO - DOENÇAS INFECTO-CONTAGIOSAS E PARASITÁRIAS;2021,0;5,0;1,0;1,0;144,0;0,006944444444444444;0,006944444444444444
HIJPII;UNIDADE INTERNAÇÃO - DOENÇAS INFECTO-CONTAGIOSAS E PARASITÁRIAS;2021,0;6,0;0,0;0,0;134,0;0,0;0,0
HIJPII;UNIDADE INTERNAÇÃO - DOENÇAS INFECTO-CONTAGIOSAS E PARASITÁRIAS;2021,0;7,0;1,0;1,0;137,0;0,0072992700729927005;0,0072992700729927005
HIJPII;UNIDADE INTERNAÇÃO - DOENÇAS INFECTO-CONTAGIOSAS E PARASITÁRIAS;2021,0;8,0;0,0;0,0;130,0;0,0;0,0
HIJPII;UNIDADE INTERNAÇÃO - DOENÇAS INFECTO-CONTAGIOSAS E PARASITÁRIAS;2021,0;9,0;1,0;0,0;132,0;0,007575757575757576;0,0
HIJPII;UNIDADE INTERNAÇÃO - DOENÇAS INFECTO-CONTAGIOSAS E PARASITÁRIAS;2021,0;10,0;0,0;0,0;145,0;0,0;0,0
HIJPII;UNIDADE INTERNAÇÃO - DOENÇAS INFECTO-CONTAGIOSAS E PARASITÁRIAS;2021,0;11,0;0,0;0,0;150,0;0,0;0,0
HIJPII;UNIDADE INTERNAÇÃO - DOENÇAS INFECTO-CONTAGIOSAS E PARASITÁRIAS;2021,0;12,0;0,0;0,0;193,0;0,0;0,0
HIJPII;UNIDADE INTERNAÇÃO - DOENÇAS INFECTO-CONTAGIOSAS E PARASITÁRIAS;2022,0;1,0;0,0;0,0;144,0;0,0;0,0
HIJPII;UNIDADE INTERNAÇÃO - DOENÇAS INFECTO-CONTAGIOSAS E PARASITÁRIAS;2022,0;2,0;0,0;0,0;112,0;0,0;0,0
HIJPII;UNIDADE INTERNAÇÃO - DOENÇAS INFECTO-CONTAGIOSAS E PARASITÁRIAS;2022,0;3,0;0,0;0,0;195,0;0,0;0,0
HIJPII;UNIDADE INTERNAÇÃO - DOENÇAS INFECTO-CONTAGIOSAS E PARASITÁRIAS;2022,0;4,0;0,0;0,0;144,0;0,0;0,0
HIJPII;UNIDADE INTERNAÇÃO - DOENÇAS INFECTO-CONTAGIOSAS E PARASITÁRIAS;2022,0;5,0;0,0;0,0;131,0;0,0;0,0
HIJPII;UNIDADE INTERNAÇÃO - DOENÇAS INFECTO-CONTAGIOSAS E PARASITÁRIAS;2022,0;6,0;0,0;0,0;138,0;0,0;0,0
HIJPII;UNIDADE INTERNAÇÃO - DOENÇAS INFECTO-CONTAGIOSAS E PARASITÁRIAS;2022,0;7,0;0,0;0,0;128,0;0,0;0,0
HIJPII;UNIDADE INTERNAÇÃO - DOENÇAS INFECTO-CONTAGIOSAS E PARASITÁRIAS;2022,0;8,0;0,0;0,0;128,0;0,0;0,0
HIJPII;UNIDADE INTERNAÇÃO - DOENÇAS INFECTO-CONTAGIOSAS E PARASITÁRIAS;2022,0;9,0;0,0;0,0;114,0;0,0;0,0
HIJPII;UNIDADE INTERNAÇÃO - DOENÇAS INFECTO-CONTAGIOSAS E PARASITÁRIAS;2022,0;10,0;0,0;0,0;122,0;0,0;0,0
HIJPII;UNIDADE INTERNAÇÃO - DOENÇAS INFECTO-CONTAGIOSAS E PARASITÁRIAS;2022,0;11,0;0,0;0,0;138,0;0,0;0,0
HIJPII;UNIDADE INTERNAÇÃO - DOENÇAS INFECTO-CONTAGIOSAS E PARASITÁRIAS;2022,0;12,0;0,0;0,0;143,0;0,0;0,0
HIJPII;UNIDADE INTERNAÇÃO - DOENÇAS INFECTO-CONTAGIOSAS E PARASITÁRIAS;2023,0;1,0;0,0;0,0;95,0;0,0;0,0
HIJPII;UNIDADE INTERNAÇÃO - DOENÇAS INFECTO-CONTAGIOSAS E PARASITÁRIAS;2023,0;2,0;0,0;0,0;134,0;0,0;0,0
HIJPII;UNIDADE INTERNAÇÃO - DOENÇAS INFECTO-CONTAGIOSAS E PARASITÁRIAS;2023,0;3,0;0,0;0,0;152,0;0,0;0,0
HIJPII;UNIDADE INTERNAÇÃO - DOENÇAS INFECTO-CONTAGIOSAS E PARASITÁRIAS;2023,0;4,0;0,0;0,0;152,0;0,0;0,0
HIJPII;UNIDADE INTERNAÇÃO - DOENÇAS INFECTO-CONTAGIOSAS E PARASITÁRIAS;2023,0;5,0;0,0;0,0;139,0;0,0;0,0
HIJPII;UNIDADE INTERNAÇÃO - DOENÇAS INFECTO-CONTAGIOSAS E PARASITÁRIAS;2023,0;6,0;0,0;0,0;118,0;0,0;0,0
HIJPII;UNIDADE INTERNAÇÃO - DOENÇAS INFECTO-CONTAGIOSAS E PARASITÁRIAS;2023,0;7,0;0,0;0,0;133,0;0,0;0,0
HIJPII;UNIDADE INTERNAÇÃO - DOENÇAS INFECTO-CONTAGIOSAS E PARASITÁRIAS;2023,0;8,0;0,0;0,0;119,0;0,0;0,0
HIJPII;UNIDADE INTERNAÇÃO - DOENÇAS INFECTO-CONTAGIOSAS E PARASITÁRIAS;2023,0;9,0;0,0;0,0;122,0;0,0;0,0
HIJPII;UNIDADE INTERNAÇÃO - DOENÇAS INFECTO-CONTAGIOSAS E PARASITÁRIAS;2023,0;10,0;0,0;0,0;89,0;0,0;0,0
HIJPII;UNIDADE INTERNAÇÃO - DOENÇAS INFECTO-CONTAGIOSAS E PARASITÁRIAS;2023,0;11,0;0,0;0,0;91,0;0,0;0,0
HIJPII;UNIDADE INTERNAÇÃO - DOENÇAS INFECTO-CONTAGIOSAS E PARASITÁRIAS;2023,0;12,0;0,0;0,0;92,0;0,0;0,0
HIJPII;UNIDADE INTERNAÇÃO - DOENÇAS INFECTO-CONTAGIOSAS E PARASITÁRIAS;2024,0;1,0;0,0;0,0;79,0;0,0;0,0
HIJPII;UNIDADE INTERNAÇÃO - DOENÇAS INFECTO-CONTAGIOSAS E PARASITÁRIAS;2024,0;2,0;0,0;0,0;138,0;0,0;0,0
HIJPII;UNIDADE INTERNAÇÃO - DOENÇAS INFECTO-CONTAGIOSAS E PARASITÁRIAS;2024,0;3,0;0,0;0,0;149,0;0,0;0,0
HIJPII;UNIDADE INTERNAÇÃO - DOENÇAS INFECTO-CONTAGIOSAS E PARASITÁRIAS;2024,0;4,0;0,0;0,0;170,0;0,0;0,0
HIJPII;UNIDADE INTERNAÇÃO - DOENÇAS INFECTO-CONTAGIOSAS E PARASITÁRIAS;2024,0;5,0;0,0;0,0;142,0;0,0;0,0
HIJPII;UNIDADE INTERNAÇÃO - DOENÇAS INFECTO-CONTAGIOSAS E PARASITÁRIAS;2024,0;6,0;0,0;0,0;102,0;0,0;0,0
HIJPII;UNIDADE INTERNAÇÃO - DOENÇAS INFECTO-CONTAGIOSAS E PARASITÁRIAS;2024,0;7,0;0,0;0,0;109,0;0,0;0,0
HIJPII;UNIDADE INTERNAÇÃO - DOENÇAS INFECTO-CONTAGIOSAS E PARASITÁRIAS;2024,0;8,0;0,0;0,0;88,0;0,0;0,0
HIJPII;UNIDADE INTERNAÇÃO - DOENÇAS INFECTO-CONTAGIOSAS E PARASITÁRIAS;2024,0;9,0;0,0;0,0;100,0;0,0;0,0
HIJPII;UNIDADE INTERNAÇÃO - DOENÇAS INFECTO-CONTAGIOSAS E PARASITÁRIAS;2024,0;10,0;0,0;0,0;119,0;0,0;0,0
HIJPII;UNIDADE INTERNAÇÃO - DOENÇAS INFECTO-CONTAGIOSAS E PARASITÁRIAS;2024,0;11,0;0,0;0,0;96,0;0,0;0,0
HIJPII;UNIDADE INTERNAÇÃO - DOENÇAS INFECTO-CONTAGIOSAS E PARASITÁRIAS;2024,0;12,0;0,0;0,0;111,0;0,0;0,0
HIJPII;UNIDADE INTERNAÇÃO - DOENÇAS INFECTO-CONTAGIOSAS E PARASITÁRIAS;2025,0;1,0;0,0;0,0;78,0;0,0;0,0
HIJPII;UNIDADE INTERNAÇÃO - DOENÇAS INFECTO-CONTAGIOSAS E PARASITÁRIAS;2025,0;2,0;0,0;0,0;119,0;0,0;0,0
HIJPII;UNIDADE INTERNAÇÃO - DOENÇAS INFECTO-CONTAGIOSAS E PARASITÁRIAS;2025,0;3,0;0,0;0,0;150,0;0,0;0,0
HIJPII;UNIDADE INTERNAÇÃO - DOENÇAS INFECTO-CONTAGIOSAS E PARASITÁRIAS;2025,0;4,0;0,0;0,0;153,0;0,0;0,0
HIJPII;UNIDADE INTERNAÇÃO - DOENÇAS INFECTO-CONTAGIOSAS E PARASITÁRIAS;2025,0;5,0;0,0;0,0;169,0;0,0;0,0
HIJPII;UNIDADE INTERNAÇÃO - DOENÇAS INFECTO-CONTAGIOSAS E PARASITÁRIAS;2025,0;6,0;0,0;0,0;156,0;0,0;0,0
HIJPII;UNIDADE INTERNAÇÃO - DOENÇAS INFECTO-CONTAGIOSAS E PARASITÁRIAS;2025,0;7,0;0,0;0,0;119,0;0,0;0,0
HIJPII;UNIDADE INTERNAÇÃO - DOENÇAS INFECTO-CONTAGIOSAS E PARASITÁRIAS;2025,0;8,0;0,0;0,0;90,0;0,0;0,0
HIJPII;UNIDADE INTERNAÇÃO - DOENÇAS INFECTO-CONTAGIOSAS E PARASITÁRIAS;2025,0;9,0;0,0;0,0;93,0;0,0;0,0
HIJPII;UNIDADE INTERNAÇÃO - DOENÇAS INFECTO-CONTAGIOSAS E PARASITÁRIAS;2025,0;10,0;0,0;0,0;105,0;0,0;0,0
HIJPII;UNIDADE INTERNAÇÃO - DOENÇAS INFECTO-CONTAGIOSAS E PARASITÁRIAS;2025,0;11,0;0,0;0,0;117,0;0,0;0,0
HIJPII;UNIDADE INTERNAÇÃO - DOENÇAS INFECTO-CONTAGIOSAS E PARASITÁRIAS;2025,0;12,0;0,0;0,0;129,0;0,0;0,0
HIJPII;UNIDADE INTERNAÇÃO - DOENÇAS INFECTO-CONTAGIOSAS E PARASITÁRIAS;2026,0;1,0;0,0;0,0;81,0;0,0;0,0
HIJPII;UNIDADE INTERNAÇÃO - DOENÇAS INFECTO-CONTAGIOSAS E PARASITÁRIAS;2026,0;2,0;0,0;0,0;89,0;0,0;0,0
HIJPII;UNIDADE INTERNAÇÃO - DOENÇAS INFECTO-CONTAGIOSAS E PARASITÁRIAS;2026,0;3,0;0,0;0,0;158,0;0,0;0,0
HIJPII;UNIDADE INTERNAÇÃO - DOENÇAS INFECTO-CONTAGIOSAS E PARASITÁRIAS;2026,0;4,0;0,0;0,0;160,0;0,0;0,0
HIJPII;UNIDADE INTERNAÇÃO - DOENÇAS INFECTO-CONTAGIOSAS E PARASITÁRIAS;2026,0;5,0;0,0;0,0;142,0;0,0;0,0
HIJPII;UNIDADE INTERNAÇÃO - DOENÇAS INFECTO-CONTAGIOSAS E PARASITÁRIAS;2026,0;6,0;0,0;0,0;154,0;0,0;0,0
HIJPII;UNIDADE INTERNAÇÃO - DOENÇAS INFECTO-CONTAGIOSAS E PARASITÁRIAS;2026,0;7,0;0,0;0,0;124,0;0,0;0,0
HIJPII;UNIDADE INTERNAÇÃO - DOENÇAS INFECTO-CONTAGIOSAS E PARASITÁRIAS;2026,0;8,0;0,0;0,0;103,0;0,0;0,0
HIJPII;UTI;2019,0;1,0;0,0;0,0;4,0;0,0;0,0
HIJPII;UTI;2019,0;2,0;2,0;2,0;6,0;0,3333333333333333;0,3333333333333333
HIJPII;UTI;2019,0;3,0;1,0;1,0;6,0;0,16666666666666666;0,16666666666666666
HIJPII;UTI;2019,0;4,0;2,0;1,0;5,0;0,4;0,2
HIJPII;UTI;2019,0;5,0;3,0;3,0;3,0;1,0;1,0
HIJPII;UTI;2019,0;6,0;3,0;2,0;5,0;0,6;0,4
HIJPII;UTI;2019,0;7,0;3,0;3,0;4,0;0,75;0,75
HIJPII;UTI;2019,0;8,0;5,0;4,0;9,0;0,5555555555555556;0,4444444444444444
HIJPII;UTI;2019,0;9,0;2,0;2,0;5,0;0,4;0,4
HIJPII;UTI;2019,0;10,0;4,0;2,0;12,0;0,3333333333333333;0,16666666666666666
HIJPII;UTI;2019,0;11,0;4,0;4,0;6,0;0,6666666666666666;0,6666666666666666
HIJPII;UTI;2019,0;12,0;5,0;3,0;7,0;0,7142857142857143;0,42857142857142855
HIJPII;UTI;2020,0;1,0;3,0;3,0;8,0;0,375;0,375
HIJPII;UTI;2020,0;2,0;2,0;1,0;10,0;0,2;0,1
HIJPII;UTI;2020,0;3,0;1,0;1,0;9,0;0,1111111111111111;0,1111111111111111
HIJPII;UTI;2020,0;4,0;3,0;3,0;7,0;0,42857142857142855;0,42857142857142855
HIJPII;UTI;2020,0;5,0;6,0;5,0;13,0;0,46153846153846156;0,38461538461538464
HIJPII;UTI;2020,0;6,0;3,0;2,0;10,0;0,3;0,2
HIJPII;UTI;2020,0;7,0;2,0;2,0;6,0;0,3333333333333333;0,3333333333333333
HIJPII;UTI;2020,0;8,0;2,0;2,0;8,0;0,25;0,25
HIJPII;UTI;2020,0;9,0;2,0;2,0;7,0;0,2857142857142857;0,2857142857142857
HIJPII;UTI;2020,0;10,0;0,0;0,0;5,0;0,0;0,0
HIJPII;UTI;2020,0;11,0;6,0;5,0;11,0;0,5454545454545454;0,45454545454545453
HIJPII;UTI;2020,0;12,0;3,0;2,0;9,0;0,3333333333333333;0,2222222222222222
HIJPII;UTI;2021,0;1,0;2,0;2,0;7,0;0,2857142857142857;0,2857142857142857
HIJPII;UTI;2021,0;2,0;3,0;3,0;9,0;0,3333333333333333;0,3333333333333333
HIJPII;UTI;2021,0;3,0;0,0;0,0;2,0;0,0;0,0
HIJPII;UTI;2021,0;4,0;0,0;0,0;3,0;0,0;0,0
HIJPII;UTI;2021,0;5,0;4,0;3,0;5,0;0,8;0,6
HIJPII;UTI;2021,0;6,0;5,0;3,0;5,0;1,0;0,6
HIJPII;UTI;2021,0;7,0;3,0;2,0;4,0;0,75;0,5
HIJPII;UTI;2021,0;8,0;3,0;2,0;9,0;0,3333333333333333;0,2222222222222222
HIJPII;UTI;2021,0;9,0;2,0;2,0;8,0;0,25;0,25
HIJPII;UTI;2021,0;10,0;2,0;2,0;8,0;0,25;0,25
HIJPII;UTI;2021,0;11,0;5,0;5,0;8,0;0,625;0,625
HIJPII;UTI;2021,0;12,0;1,0;1,0;4,0;0,25;0,25
HIJPII;UTI;2022,0;1,0;4,0;4,0;7,0;0,5714285714285714;0,5714285714285714
HIJPII;UTI;2022,0;2,0;2,0;2,0;6,0;0,3333333333333333;0,3333333333333333
HIJPII;UTI;2022,0;3,0;8,0;8,0;11,0;0,7272727272727273;0,7272727272727273
HIJPII;UTI;2022,0;4,0;4,0;3,0;10,0;0,4;0,3
HIJPII;UTI;2022,0;5,0;5,0;3,0;7,0;0,7142857142857143;0,42857142857142855
HIJPII;UTI;2022,0;6,0;6,0;5,0;8,0;0,75;0,625
HIJPII;UTI;2022,0;7,0;3,0;2,0;5,0;0,6;0,4
HIJPII;UTI;2022,0;8,0;1,0;1,0;2,0;0,5;0,5
HIJPII;UTI;2022,0;9,0;5,0;5,0;9,0;0,5555555555555556;0,5555555555555556
HIJPII;UTI;2022,0;10,0;1,0;1,0;6,0;0,16666666666666666;0,16666666666666666
HIJPII;UTI;2022,0;11,0;6,0;5,0;7,0;0,8571428571428571;0,7142857142857143
HIJPII;UTI;2022,0;12,0;2,0;1,0;2,0;1,0;0,5
HIJPII;UTI;2023,0;1,0;2,0;2,0;4,0;0,5;0,5
HIJPII;UTI;2023,0;2,0;1,0;0,0;2,0;0,5;0,0
HIJPII;UTI;2023,0;3,0;2,0;2,0;6,0;0,3333333333333333;0,3333333333333333
HIJPII;UTI;2023,0;4,0;1,0;1,0;6,0;0,16666666666666666;0,16666666666666666
HIJPII;UTI;2023,0;5,0;2,0;2,0;4,0;0,5;0,5
HIJPII;UTI;2023,0;6,0;3,0;1,0;7,0;0,42857142857142855;0,14285714285714285
HIJPII;UTI;2023,0;7,0;1,0;1,0;3,0;0,3333333333333333;0,3333333333333333
HIJPII;UTI;2023,0;8,0;3,0;3,0;9,0;0,3333333333333333;0,3333333333333333
HIJPII;UTI;2023,0;9,0;1,0;1,0;6,0;0,16666666666666666;0,16666666666666666
HIJPII;UTI;2023,0;10,0;1,0;1,0;6,0;0,16666666666666666;0,16666666666666666
HIJPII;UTI;2023,0;11,0;4,0;4,0;7,0;0,5714285714285714;0,5714285714285714
HIJPII;UTI;2023,0;12,0;4,0;2,0;7,0;0,5714285714285714;0,2857142857142857
HIJPII;UTI;2024,0;1,0;3,0;2,0;5,0;0,6;0,4
HIJPII;UTI;2024,0;2,0;3,0;2,0;5,0;0,6;0,4
HIJPII;UTI;2024,0;3,0;1,0;1,0;3,0;0,3333333333333333;0,3333333333333333
HIJPII;UTI;2024,0;4,0;0,0;0,0;3,0;0,0;0,0
HIJPII;UTI;2024,0;5,0;4,0;3,0;7,0;0,5714285714285714;0,42857142857142855
HIJPII;UTI;2024,0;6,0;0,0;0,0;4,0;0,0;0,0
HIJPII;UTI;2024,0;7,0;2,0;1,0;6,0;0,3333333333333333;0,16666666666666666
HIJPII;UTI;2024,0;8,0;4,0;3,0;7,0;0,5714285714285714;0,42857142857142855
HIJPII;UTI;2024,0;9,0;4,0;3,0;6,0;0,6666666666666666;0,5
HIJPII;UTI;2024,0;10,0;2,0;1,0;7,0;0,2857142857142857;0,14285714285714285
HIJPII;UTI;2024,0;11,0;0,0;0,0;5,0;0,0;0,0
HIJPII;UTI;2024,0;12,0;3,0;3,0;9,0;0,3333333333333333;0,3333333333333333
HIJPII;UTI;2025,0;1,0;1,0;0,0;4,0;0,25;0,0
HIJPII;UTI;2025,0;2,0;0,0;0,0;3,0;0,0;0,0
HIJPII;UTI;2025,0;3,0;1,0;1,0;4,0;0,25;0,25
HIJPII;UTI;2025,0;4,0;5,0;5,0;9,0;0,5555555555555556;0,5555555555555556
HIJPII;UTI;2025,0;5,0;5,0;5,0;7,0;0,7142857142857143;0,7142857142857143
HIJPII;UTI;2025,0;6,0;2,0;2,0;4,0;0,5;0,5
HIJPII;UTI;2025,0;7,0;1,0;1,0;5,0;0,2;0,2
HIJPII;UTI;2025,0;8,0;0,0;0,0;2,0;0,0;0,0
HIJPII;UTI;2025,0;9,0;1,0;1,0;3,0;0,3333333333333333;0,3333333333333333
HIJPII;UTI;2025,0;10,0;2,0;1,0;5,0;0,4;0,2
HIJPII;UTI;2025,0;11,0;4,0;2,0;12,0;0,3333333333333333;0,16666666666666666
HIJPII;UTI;2025,0;12,0;3,0;3,0;7,0;0,42857142857142855;0,42857142857142855
HIJPII;UTI;2026,0;1,0;3,0;2,0;7,0;0,42857142857142855;0,2857142857142857
HIJPII;UTI;2026,0;2,0;1,0;1,0;3,0;0,3333333333333333;0,3333333333333333
HIJPII;UTI;2026,0;3,0;0,0;0,0;4,0;0,0;0,0
HIJPII;UTI;2026,0;4,0;2,0;2,0;8,0;0,25;0,25
HIJPII;UTI;2026,0;5,0;4,0;3,0;7,0;0,5714285714285714;0,42857142857142855
HIJPII;UTI;2026,0;6,0;2,0;2,0;10,0;0,2;0,2
HIJPII;UTI;2026,0;7,0;1,0;1,0;5,0;0,2;0,2
HIJPII;UTI;2026,0;8,0;3,0;3,0;8,0;0,375;0,375
HJK;ALOJAMENTO CONJUNTO;2019,0;1,0;0,0;0,0;265,0;0,0;0,0
HJK;ALOJAMENTO CONJUNTO;2019,0;2,0;0,0;0,0;284,0;0,0;0,0
HJK;ALOJAMENTO CONJUNTO;2019,0;3,0;0,0;0,0;329,0;0,0;0,0
HJK;ALOJAMENTO CONJUNTO;2019,0;4,0;0,0;0,0;295,0;0,0;0,0
HJK;ALOJAMENTO CONJUNTO;2019,0;5,0;0,0;0,0;269,0;0,0;0,0
HJK;ALOJAMENTO CONJUNTO;2019,0;6,0;0,0;0,0;272,0;0,0;0,0
HJK;ALOJAMENTO CONJUNTO;2019,0;7,0;0,0;0,0;249,0;0,0;0,0
HJK;ALOJAMENTO CONJUNTO;2019,0;8,0;0,0;0,0;286,0;0,0;0,0
HJK;ALOJAMENTO CONJUNTO;2019,0;9,0;0,0;0,0;294,0;0,0;0,0
HJK;ALOJAMENTO CONJUNTO;2019,0;10,0;0,0;0,0;266,0;0,0;0,0
HJK;ALOJAMENTO CONJUNTO;2019,0;11,0;0,0;0,0;280,0;0,0;0,0
HJK;ALOJAMENTO CONJUNTO;2019,0;12,0;0,0;0,0;296,0;0,0;0,0
HJK;ALOJAMENTO CONJUNTO;2020,0;1,0;0,0;0,0;277,0;0,0;0,0
HJK;ALOJAMENTO CONJUNTO;2020,0;2,0;0,0;0,0;263,0;0,0;0,0
HJK;ALOJAMENTO CONJUNTO;2020,0;3,0;0,0;0,0;293,0;0,0;0,0
HJK;ALOJAMENTO CONJUNTO;2020,0;4,0;0,0;0,0;206,0;0,0;0,0
HJK;ALOJAMENTO CONJUNTO;2020,0;5,0;0,0;0,0;234,0;0,0;0,0
HJK;ALOJAMENTO CONJUNTO;2020,0;6,0;0,0;0,0;214,0;0,0;0,0
HJK;ALOJAMENTO CONJUNTO;2020,0;7,0;0,0;0,0;219,0;0,0;0,0
HJK;ALOJAMENTO CONJUNTO;2020,0;8,0;0,0;0,0;205,0;0,0;0,0
HJK;ALOJAMENTO CONJUNTO;2020,0;9,0;0,0;0,0;217,0;0,0;0,0
HJK;ALOJAMENTO CONJUNTO;2020,0;10,0;0,0;0,0;233,0;0,0;0,0
HJK;ALOJAMENTO CONJUNTO;2020,0;11,0;0,0;0,0;239,0;0,0;0,0
HJK;ALOJAMENTO CONJUNTO;2020,0;12,0;0,0;0,0;243,0;0,0;0,0
HJK;ALOJAMENTO CONJUNTO;2021,0;1,0;0,0;0,0;200,0;0,0;0,0
HJK;ALOJAMENTO CONJUNTO;2021,0;2,0;0,0;0,0;230,0;0,0;0,0
HJK;ALOJAMENTO CONJUNTO;2021,0;3,0;0,0;0,0;282,0;0,0;0,0
HJK;ALOJAMENTO CONJUNTO;2021,0;4,0;0,0;0,0;182,0;0,0;0,0
HJK;ALOJAMENTO CONJUNTO;2021,0;5,0;0,0;0,0;234,0;0,0;0,0
HJK;ALOJAMENTO CONJUNTO;2021,0;6,0;0,0;0,0;212,0;0,0;0,0
HJK;ALOJAMENTO CONJUNTO;2021,0;7,0;0,0;0,0;242,0;0,0;0,0
HJK;ALOJAMENTO CONJUNTO;2021,0;8,0;0,0;0,0;250,0;0,0;0,0
HJK;ALOJAMENTO CONJUNTO;2021,0;9,0;0,0;0,0;202,0;0,0;0,0
HJK;ALOJAMENTO CONJUNTO;2021,0;10,0;0,0;0,0;257,0;0,0;0,0
HJK;ALOJAMENTO CONJUNTO;2021,0;11,0;0,0;0,0;211,0;0,0;0,0
HJK;ALOJAMENTO CONJUNTO;2021,0;12,0;0,0;0,0;217,0;0,0;0,0
HJK;ALOJAMENTO CONJUNTO;2022,0;1,0;0,0;0,0;210,0;0,0;0,0
HJK;ALOJAMENTO CONJUNTO;2022,0;2,0;0,0;0,0;190,0;0,0;0,0
HJK;ALOJAMENTO CONJUNTO;2022,0;3,0;0,0;0,0;258,0;0,0;0,0
HJK;ALOJAMENTO CONJUNTO;2022,0;4,0;0,0;0,0;238,0;0,0;0,0
HJK;ALOJAMENTO CONJUNTO;2022,0;5,0;0,0;0,0;204,0;0,0;0,0
HJK;ALOJAMENTO CONJUNTO;2022,0;6,0;0,0;0,0;198,0;0,0;0,0
HJK;ALOJAMENTO CONJUNTO;2022,0;7,0;0,0;0,0;203,0;0,0;0,0
HJK;ALOJAMENTO CONJUNTO;2022,0;8,0;0,0;0,0;216,0;0,0;0,0
HJK;ALOJAMENTO CONJUNTO;2022,0;9,0;0,0;0,0;226,0;0,0;0,0
HJK;ALOJAMENTO CONJUNTO;2022,0;10,0;0,0;0,0;197,0;0,0;0,0
HJK;ALOJAMENTO CONJUNTO;2022,0;11,0;0,0;0,0;200,0;0,0;0,0
HJK;ALOJAMENTO CONJUNTO;2022,0;12,0;0,0;0,0;244,0;0,0;0,0
HJK;ALOJAMENTO CONJUNTO;2023,0;1,0;0,0;0,0;208,0;0,0;0,0
HJK;ALOJAMENTO CONJUNTO;2023,0;2,0;0,0;0,0;212,0;0,0;0,0
HJK;ALOJAMENTO CONJUNTO;2023,0;3,0;0,0;0,0;243,0;0,0;0,0
HJK;ALOJAMENTO CONJUNTO;2023,0;4,0;0,0;0,0;225,0;0,0;0,0
HJK;ALOJAMENTO CONJUNTO;2023,0;5,0;0,0;0,0;248,0;0,0;0,0
HJK;ALOJAMENTO CONJUNTO;2023,0;6,0;0,0;0,0;229,0;0,0;0,0
HJK;ALOJAMENTO CONJUNTO;2023,0;7,0;0,0;0,0;270,0;0,0;0,0
HJK;ALOJAMENTO CONJUNTO;2023,0;8,0;0,0;0,0;280,0;0,0;0,0
HJK;ALOJAMENTO CONJUNTO;2023,0;9,0;1,0;0,0;240,0;0,004166666666666667;0,0
HJK;ALOJAMENTO CONJUNTO;2023,0;10,0;0,0;0,0;251,0;0,0;0,0
HJK;ALOJAMENTO CONJUNTO;2023,0;11,0;0,0;0,0;250,0;0,0;0,0
HJK;ALOJAMENTO CONJUNTO;2023,0;12,0;0,0;0,0;253,0;0,0;0,0
HJK;ALOJAMENTO CONJUNTO;2024,0;1,0;0,0;0,0;255,0;0,0;0,0
HJK;ALOJAMENTO CONJUNTO;2024,0;2,0;0,0;0,0;253,0;0,0;0,0
HJK;ALOJAMENTO CONJUNTO;2024,0;3,0;0,0;0,0;294,0;0,0;0,0
HJK;ALOJAMENTO CONJUNTO;2024,0;4,0;0,0;0,0;283,0;0,0;0,0
HJK;ALOJAMENTO CONJUNTO;2024,0;5,0;0,0;0,0;308,0;0,0;0,0
HJK;ALOJAMENTO CONJUNTO;2024,0;6,0;0,0;0,0;263,0;0,0;0,0
HJK;ALOJAMENTO CONJUNTO;2024,0;7,0;0,0;0,0;284,0;0,0;0,0
HJK;ALOJAMENTO CONJUNTO;2024,0;8,0;0,0;0,0;270,0;0,0;0,0
HJK;ALOJAMENTO CONJUNTO;2024,0;9,0;0,0;0,0;237,0;0,0;0,0
HJK;ALOJAMENTO CONJUNTO;2024,0;10,0;0,0;0,0;263,0;0,0;0,0
HJK;ALOJAMENTO CONJUNTO;2024,0;11,0;0,0;0,0;222,0;0,0;0,0
HJK;ALOJAMENTO CONJUNTO;2024,0;12,0;0,0;0,0;261,0;0,0;0,0
HJK;ALOJAMENTO CONJUNTO;2025,0;1,0;0,0;0,0;285,0;0,0;0,0
HJK;ALOJAMENTO CONJUNTO;2025,0;2,0;0,0;0,0;284,0;0,0;0,0
HJK;ALOJAMENTO CONJUNTO;2025,0;3,0;0,0;0,0;284,0;0,0;0,0
HJK;ALOJAMENTO CONJUNTO;2025,0;4,0;0,0;0,0;301,0;0,0;0,0
HJK;ALOJAMENTO CONJUNTO;2025,0;5,0;0,0;0,0;279,0;0,0;0,0
HJK;ALOJAMENTO CONJUNTO;2025,0;6,0;0,0;0,0;274,0;0,0;0,0
HJK;ALOJAMENTO CONJUNTO;2025,0;7,0;0,0;0,0;277,0;0,0;0,0
HJK;ALOJAMENTO CONJUNTO;2025,0;8,0;0,0;0,0;245,0;0,0;0,0
HJK;ALOJAMENTO CONJUNTO;2025,0;9,0;0,0;0,0;259,0;0,0;0,0
HJK;ALOJAMENTO CONJUNTO;2025,0;10,0;0,0;0,0;225,0;0,0;0,0
HJK;ALOJAMENTO CONJUNTO;2025,0;11,0;0,0;0,0;225,0;0,0;0,0
HJK;ALOJAMENTO CONJUNTO;2025,0;12,0;0,0;0,0;244,0;0,0;0,0
HJK;ALOJAMENTO CONJUNTO;2026,0;1,0;0,0;0,0;228,0;0,0;0,0
HJK;ALOJAMENTO CONJUNTO;2026,0;2,0;0,0;0,0;240,0;0,0;0,0
HJK;ALOJAMENTO CONJUNTO;2026,0;3,0;0,0;0,0;257,0;0,0;0,0
HJK;ALOJAMENTO CONJUNTO;2026,0;4,0;0,0;0,0;233,0;0,0;0,0
HJK;ALOJAMENTO CONJUNTO;2026,0;5,0;0,0;0,0;222,0;0,0;0,0
HJK;ALOJAMENTO CONJUNTO;2026,0;6,0;1,0;1,0;235,0;0,00425531914893617;0,00425531914893617
HJK;ALOJAMENTO CONJUNTO;2026,0;7,0;0,0;0,0;225,0;0,0;0,0
HJK;ALOJAMENTO CONJUNTO;2026,0;8,0;0,0;0,0;207,0;0,0;0,0
HJK;AMBULATORIO - ASSISTENCIA SAÚDE DA MULHER;2025,0;1,0;0,0;0,0;1,0;0,0;0,0
HJK;AMBULATORIO - ASSISTENCIA SAÚDE DA MULHER;2025,0;9,0;0,0;0,0;1,0;0,0;0,0
HJK;AMBULATORIO ESPECIALIDADES MEDICAS;2024,0;6,0;0,0;0,0;1,0;0,0;0,0
HJK;CLINICA CIRÚRGICA - ALA A;2026,0;2,0;0,0;0,0;49,0;0,0;0,0
HJK;CLINICA CIRÚRGICA - ALA A;2026,0;3,0;2,0;2,0;220,0;0,00909090909090909;0,00909090909090909
HJK;CLINICA CIRÚRGICA - ALA A;2026,0;4,0;0,0;0,0;200,0;0,0;0,0
HJK;CLINICA CIRÚRGICA - ALA A;2026,0;5,0;1,0;1,0;239,0;0,0041841004184100415;0,0041841004184100415
HJK;CLINICA CIRÚRGICA - ALA A;2026,0;6,0;1,0;1,0;215,0;0,004651162790697674;0,004651162790697674
HJK;CLINICA CIRÚRGICA - ALA A;2026,0;7,0;2,0;2,0;267,0;0,00749063670411985;0,00749063670411985
HJK;CLINICA CIRÚRGICA - ALA A;2026,0;8,0;3,0;3,0;238,0;0,012605042016806723;0,012605042016806723
HJK;CLINICA MEDICA - ALA C;2026,0;2,0;0,0;0,0;33,0;0,0;0,0
HJK;CLINICA MEDICA - ALA C;2026,0;3,0;5,0;5,0;119,0;0,04201680672268908;0,04201680672268908
HJK;CLINICA MEDICA - ALA C;2026,0;4,0;7,0;7,0;115,0;0,06086956521739131;0,06086956521739131
HJK;CLINICA MEDICA - ALA C;2026,0;5,0;13,0;13,0;135,0;0,0962962962962963;0,0962962962962963
HJK;CLINICA MEDICA - ALA C;2026,0;6,0;6,0;6,0;129,0;0,046511627906976744;0,046511627906976744
HJK;CLINICA MEDICA - ALA C;2026,0;7,0;7,0;7,0;131,0;0,05343511450381679;0,05343511450381679
HJK;CLINICA MEDICA - ALA C;2026,0;8,0;14,0;14,0;135,0;0,1037037037037037;0,1037037037037037
HJK;CLINICA MÉDICA - ALA E;2026,0;2,0;1,0;1,0;20,0;0,05;0,05
HJK;CLINICA MÉDICA - ALA E;2026,0;3,0;1,0;1,0;88,0;0,011363636363636364;0,011363636363636364
HJK;CLINICA MÉDICA - ALA E;2026,0;4,0;5,0;5,0;77,0;0,06493506493506493;0,06493506493506493
HJK;CLINICA MÉDICA - ALA E;2026,0;5,0;3,0;3,0;89,0;0,033707865168539325;0,033707865168539325
HJK;CLINICA MÉDICA - ALA E;2026,0;6,0;3,0;3,0;79,0;0,0379746835443038;0,0379746835443038
HJK;CLINICA MÉDICA - ALA E;2026,0;7,0;6,0;6,0;104,0;0,057692307692307696;0,057692307692307696
HJK;CLINICA MÉDICA - ALA E;2026,0;8,0;3,0;3,0;92,0;0,03260869565217391;0,03260869565217391
HJK;CLINICA MÉDICA - ALA G;2026,0;2,0;0,0;0,0;20,0;0,0;0,0
HJK;CLINICA MÉDICA - ALA G;2026,0;3,0;2,0;2,0;54,0;0,037037037037037035;0,037037037037037035
HJK;CLINICA MÉDICA - ALA G;2026,0;4,0;1,0;1,0;47,0;0,02127659574468085;0,02127659574468085
HJK;CLINICA MÉDICA - ALA G;2026,0;5,0;2,0;2,0;35,0;0,05714285714285714;0,05714285714285714
HJK;CLINICA MÉDICA - ALA G;2026,0;6,0;1,0;1,0;43,0;0,023255813953488372;0,023255813953488372
HJK;CLINICA MÉDICA - ALA G;2026,0;7,0;2,0;2,0;49,0;0,04081632653061224;0,04081632653061224
HJK;CLINICA MÉDICA - ALA G;2026,0;8,0;0,0;0,0;48,0;0,0;0,0
HJK;CLINICA PNEUMOLÓGICA - ALA D;2026,0;2,0;0,0;0,0;27,0;0,0;0,0
HJK;CLINICA PNEUMOLÓGICA - ALA D;2026,0;3,0;4,0;4,0;116,0;0,034482758620689655;0,034482758620689655
HJK;CLINICA PNEUMOLÓGICA - ALA D;2026,0;4,0;4,0;4,0;112,0;0,03571428571428571;0,03571428571428571
HJK;CLINICA PNEUMOLÓGICA - ALA D;2026,0;5,0;3,0;3,0;127,0;0,023622047244094488;0,023622047244094488
HJK;CLINICA PNEUMOLÓGICA - ALA D;2026,0;6,0;6,0;6,0;111,0;0,05405405405405406;0,05405405405405406
HJK;CLINICA PNEUMOLÓGICA - ALA D;2026,0;7,0;5,0;5,0;114,0;0,043859649122807015;0,043859649122807015
HJK;CLINICA PNEUMOLÓGICA - ALA D;2026,0;8,0;3,0;3,0;97,0;0,030927835051546393;0,030927835051546393
HJK;CLINICA TISIOLÓGICA - ALA G;2026,0;2,0;0,0;0,0;5,0;0,0;0,0
HJK;CLINICA TISIOLÓGICA - ALA G;2026,0;3,0;0,0;0,0;9,0;0,0;0,0
HJK;CLINICA TISIOLÓGICA - ALA G;2026,0;4,0;0,0;0,0;10,0;0,0;0,0
HJK;CLINICA TISIOLÓGICA - ALA G;2026,0;5,0;1,0;1,0;13,0;0,07692307692307693;0,07692307692307693
HJK;CLINICA TISIOLÓGICA - ALA G;2026,0;6,0;0,0;0,0;12,0;0,0;0,0
HJK;CLINICA TISIOLÓGICA - ALA G;2026,0;7,0;1,0;1,0;12,0;0,08333333333333333;0,08333333333333333
HJK;CLINICA TISIOLÓGICA - ALA G;2026,0;8,0;0,0;0,0;8,0;0,0;0,0
HJK;PRÉ PARTO / PPP;2026,0;2,0;0,0;0,0;1,0;0,0;0,0
HJK;PRÉ PARTO / PPP;2026,0;3,0;0,0;0,0;19,0;0,0;0,0
HJK;PRÉ PARTO / PPP;2026,0;4,0;0,0;0,0;15,0;0,0;0,0
HJK;PRÉ PARTO / PPP;2026,0;5,0;2,0;2,0;26,0;0,07692307692307693;0,07692307692307693
HJK;PRÉ PARTO / PPP;2026,0;6,0;0,0;0,0;31,0;0,0;0,0
HJK;PRÉ PARTO / PPP;2026,0;7,0;0,0;0,0;11,0;0,0;0,0
HJK;PRÉ PARTO / PPP;2026,0;8,0;0,0;0,0;16,0;0,0;0,0
HJK;PRÉ-PARTO;2025,0;8,0;0,0;0,0;13,0;0,0;0,0
HJK;PRÉ-PARTO;2025,0;9,0;0,0;0,0;21,0;0,0;0,0
HJK;PRÉ-PARTO;2025,0;10,0;0,0;0,0;26,0;0,0;0,0
HJK;PRÉ-PARTO;2025,0;11,0;0,0;0,0;27,0;0,0;0,0
HJK;PRÉ-PARTO;2025,0;12,0;0,0;0,0;34,0;0,0;0,0
HJK;PRÉ-PARTO;2026,0;1,0;0,0;0,0;24,0;0,0;0,0
HJK;PRÉ-PARTO;2026,0;2,0;0,0;0,0;17,0;0,0;0,0
HJK;UCI - UNIDADE DE CUIDADO INTERMEDIARIO NEONATAL CANGURU;2025,0;8,0;0,0;0,0;10,0;0,0;0,0
HJK;UCI - UNIDADE DE CUIDADO INTERMEDIARIO NEONATAL CANGURU;2025,0;9,0;0,0;0,0;27,0;0,0;0,0
HJK;UCI - UNIDADE DE CUIDADO INTERMEDIARIO NEONATAL CANGURU;2025,0;10,0;0,0;0,0;30,0;0,0;0,0
HJK;UCI - UNIDADE DE CUIDADO INTERMEDIARIO NEONATAL CANGURU;2025,0;11,0;0,0;0,0;21,0;0,0;0,0
HJK;UCI - UNIDADE DE CUIDADO INTERMEDIARIO NEONATAL CANGURU;2025,0;12,0;0,0;0,0;34,0;0,0;0,0
HJK;UCI - UNIDADE DE CUIDADO INTERMEDIARIO NEONATAL CANGURU;2026,0;1,0;0,0;0,0;33,0;0,0;0,0
HJK;UCI - UNIDADE DE CUIDADO INTERMEDIARIO NEONATAL CANGURU;2026,0;2,0;0,0;0,0;16,0;0,0;0,0
HJK;UCI - UNIDADE DE CUIDADO INTERMEDIARIO NEONATAL CONVENCIONAL;2022,0;5,0;0,0;0,0;1,0;0,0;0,0
HJK;UCI - UNIDADE DE CUIDADO INTERMEDIARIO NEONATAL CONVENCIONAL;2022,0;6,0;1,0;0,0;8,0;0,125;0,0
HJK;UCI - UNIDADE DE CUIDADO INTERMEDIARIO NEONATAL CONVENCIONAL;2022,0;7,0;0,0;0,0;3,0;0,0;0,0
HJK;UCI - UNIDADE DE CUIDADO INTERMEDIARIO NEONATAL CONVENCIONAL;2022,0;8,0;0,0;0,0;6,0;0,0;0,0
HJK;UCI - UNIDADE DE CUIDADO INTERMEDIARIO NEONATAL CONVENCIONAL;2022,0;9,0;0,0;0,0;3,0;0,0;0,0
HJK;UCI - UNIDADE DE CUIDADO INTERMEDIARIO NEONATAL CONVENCIONAL;2022,0;10,0;0,0;0,0;7,0;0,0;0,0
HJK;UCI - UNIDADE DE CUIDADO INTERMEDIARIO NEONATAL CONVENCIONAL;2022,0;11,0;0,0;0,0;3,0;0,0;0,0
HJK;UCI - UNIDADE DE CUIDADO INTERMEDIARIO NEONATAL CONVENCIONAL;2022,0;12,0;0,0;0,0;8,0;0,0;0,0
HJK;UCI - UNIDADE DE CUIDADO INTERMEDIARIO NEONATAL CONVENCIONAL;2023,0;1,0;0,0;0,0;5,0;0,0;0,0
HJK;UCI - UNIDADE DE CUIDADO INTERMEDIARIO NEONATAL CONVENCIONAL;2023,0;2,0;0,0;0,0;10,0;0,0;0,0
HJK;UCI - UNIDADE DE CUIDADO INTERMEDIARIO NEONATAL CONVENCIONAL;2023,0;3,0;0,0;0,0;12,0;0,0;0,0
HJK;UCI - UNIDADE DE CUIDADO INTERMEDIARIO NEONATAL CONVENCIONAL;2023,0;4,0;0,0;0,0;6,0;0,0;0,0
HJK;UCI - UNIDADE DE CUIDADO INTERMEDIARIO NEONATAL CONVENCIONAL;2023,0;5,0;0,0;0,0;7,0;0,0;0,0
HJK;UCI - UNIDADE DE CUIDADO INTERMEDIARIO NEONATAL CONVENCIONAL;2023,0;6,0;0,0;0,0;18,0;0,0;0,0
HJK;UCI - UNIDADE DE CUIDADO INTERMEDIARIO NEONATAL CONVENCIONAL;2023,0;7,0;0,0;0,0;8,0;0,0;0,0
HJK;UCI - UNIDADE DE CUIDADO INTERMEDIARIO NEONATAL CONVENCIONAL;2023,0;8,0;0,0;0,0;5,0;0,0;0,0
HJK;UCI - UNIDADE DE CUIDADO INTERMEDIARIO NEONATAL CONVENCIONAL;2023,0;9,0;0,0;0,0;6,0;0,0;0,0
HJK;UCI - UNIDADE DE CUIDADO INTERMEDIARIO NEONATAL CONVENCIONAL;2023,0;10,0;0,0;0,0;12,0;0,0;0,0
HJK;UCI - UNIDADE DE CUIDADO INTERMEDIARIO NEONATAL CONVENCIONAL;2023,0;11,0;0,0;0,0;9,0;0,0;0,0
HJK;UCI - UNIDADE DE CUIDADO INTERMEDIARIO NEONATAL CONVENCIONAL;2023,0;12,0;1,0;0,0;17,0;0,058823529411764705;0,0
HJK;UCI - UNIDADE DE CUIDADO INTERMEDIARIO NEONATAL CONVENCIONAL;2024,0;1,0;0,0;0,0;10,0;0,0;0,0
HJK;UCI - UNIDADE DE CUIDADO INTERMEDIARIO NEONATAL CONVENCIONAL;2024,0;2,0;0,0;0,0;8,0;0,0;0,0
HJK;UCI - UNIDADE DE CUIDADO INTERMEDIARIO NEONATAL CONVENCIONAL;2024,0;3,0;1,0;1,0;10,0;0,1;0,1
HJK;UCI - UNIDADE DE CUIDADO INTERMEDIARIO NEONATAL CONVENCIONAL;2024,0;4,0;0,0;0,0;10,0;0,0;0,0
HJK;UCI - UNIDADE DE CUIDADO INTERMEDIARIO NEONATAL CONVENCIONAL;2024,0;5,0;0,0;0,0;13,0;0,0;0,0
HJK;UCI - UNIDADE DE CUIDADO INTERMEDIARIO NEONATAL CONVENCIONAL;2024,0;6,0;0,0;0,0;7,0;0,0;0,0
HJK;UCI - UNIDADE DE CUIDADO INTERMEDIARIO NEONATAL CONVENCIONAL;2024,0;7,0;0,0;0,0;16,0;0,0;0,0
HJK;UCI - UNIDADE DE CUIDADO INTERMEDIARIO NEONATAL CONVENCIONAL;2024,0;8,0;0,0;0,0;28,0;0,0;0,0
HJK;UCI - UNIDADE DE CUIDADO INTERMEDIARIO NEONATAL CONVENCIONAL;2024,0;9,0;0,0;0,0;17,0;0,0;0,0
HJK;UCI - UNIDADE DE CUIDADO INTERMEDIARIO NEONATAL CONVENCIONAL;2024,0;10,0;0,0;0,0;19,0;0,0;0,0
HJK;UCI - UNIDADE DE CUIDADO INTERMEDIARIO NEONATAL CONVENCIONAL;2024,0;11,0;0,0;0,0;13,0;0,0;0,0
HJK;UCI - UNIDADE DE CUIDADO INTERMEDIARIO NEONATAL CONVENCIONAL;2024,0;12,0;0,0;0,0;21,0;0,0;0,0
HJK;UCI - UNIDADE DE CUIDADO INTERMEDIARIO NEONATAL CONVENCIONAL;2025,0;1,0;0,0;0,0;28,0;0,0;0,0
HJK;UCI - UNIDADE DE CUIDADO INTERMEDIARIO NEONATAL CONVENCIONAL;2025,0;2,0;0,0;0,0;13,0;0,0;0,0
HJK;UCI - UNIDADE DE CUIDADO INTERMEDIARIO NEONATAL CONVENCIONAL;2025,0;3,0;0,0;0,0;37,0;0,0;0,0
HJK;UCI - UNIDADE DE CUIDADO INTERMEDIARIO NEONATAL CONVENCIONAL;2025,0;4,0;1,0;0,0;20,0;0,05;0,0
HJK;UCI - UNIDADE DE CUIDADO INTERMEDIARIO NEONATAL CONVENCIONAL;2025,0;5,0;0,0;0,0;19,0;0,0;0,0
HJK;UCI - UNIDADE DE CUIDADO INTERMEDIARIO NEONATAL CONVENCIONAL;2025,0;6,0;0,0;0,0;15,0;0,0;0,0
HJK;UCI - UNIDADE DE CUIDADO INTERMEDIARIO NEONATAL CONVENCIONAL;2025,0;7,0;0,0;0,0;19,0;0,0;0,0
HJK;UCI - UNIDADE DE CUIDADO INTERMEDIARIO NEONATAL CONVENCIONAL;2025,0;8,0;0,0;0,0;18,0;0,0;0,0
HJK;UCI - UNIDADE DE CUIDADO INTERMEDIARIO NEONATAL CONVENCIONAL;2025,0;9,0;0,0;0,0;9,0;0,0;0,0
HJK;UCI - UNIDADE DE CUIDADO INTERMEDIARIO NEONATAL CONVENCIONAL;2025,0;10,0;0,0;0,0;9,0;0,0;0,0
HJK;UCI - UNIDADE DE CUIDADO INTERMEDIARIO NEONATAL CONVENCIONAL;2025,0;11,0;0,0;0,0;10,0;0,0;0,0
HJK;UCI - UNIDADE DE CUIDADO INTERMEDIARIO NEONATAL CONVENCIONAL;2025,0;12,0;0,0;0,0;6,0;0,0;0,0
HJK;UCI - UNIDADE DE CUIDADO INTERMEDIARIO NEONATAL CONVENCIONAL;2026,0;1,0;0,0;0,0;7,0;0,0;0,0
HJK;UCI - UNIDADE DE CUIDADO INTERMEDIARIO NEONATAL CONVENCIONAL;2026,0;2,0;0,0;0,0;9,0;0,0;0,0
HJK;UCINCA - UNIDADE DE CUIDADO INTERMEDIÁRIO NEONATAL CANGURU;2026,0;2,0;0,0;0,0;4,0;0,0;0,0
HJK;UCINCA - UNIDADE DE CUIDADO INTERMEDIÁRIO NEONATAL CANGURU;2026,0;3,0;0,0;0,0;23,0;0,0;0,0
HJK;UCINCA - UNIDADE DE CUIDADO INTERMEDIÁRIO NEONATAL CANGURU;2026,0;4,0;0,0;0,0;32,0;0,0;0,0
HJK;UCINCA - UNIDADE DE CUIDADO INTERMEDIÁRIO NEONATAL CANGURU;2026,0;5,0;0,0;0,0;27,0;0,0;0,0
HJK;UCINCA - UNIDADE DE CUIDADO INTERMEDIÁRIO NEONATAL CANGURU;2026,0;6,0;0,0;0,0;33,0;0,0;0,0
HJK;UCINCA - UNIDADE DE CUIDADO INTERMEDIÁRIO NEONATAL CANGURU;2026,0;7,0;0,0;0,0;20,0;0,0;0,0
HJK;UCINCA - UNIDADE DE CUIDADO INTERMEDIÁRIO NEONATAL CANGURU;2026,0;8,0;0,0;0,0;19,0;0,0;0,0
HJK;UCINCO - UNIDADE DE CUIDADO INTERMEDIÁRIO NEONATAL CONVENCIONAL;2026,0;2,0;0,0;0,0;3,0;0,0;0,0
HJK;UCINCO - UNIDADE DE CUIDADO INTERMEDIÁRIO NEONATAL CONVENCIONAL;2026,0;3,0;0,0;0,0;7,0;0,0;0,0
HJK;UCINCO - UNIDADE DE CUIDADO INTERMEDIÁRIO NEONATAL CONVENCIONAL;2026,0;4,0;0,0;0,0;6,0;0,0;0,0
HJK;UCINCO - UNIDADE DE CUIDADO INTERMEDIÁRIO NEONATAL CONVENCIONAL;2026,0;5,0;0,0;0,0;12,0;0,0;0,0
HJK;UCINCO - UNIDADE DE CUIDADO INTERMEDIÁRIO NEONATAL CONVENCIONAL;2026,0;6,0;0,0;0,0;3,0;0,0;0,0
HJK;UCINCO - UNIDADE DE CUIDADO INTERMEDIÁRIO NEONATAL CONVENCIONAL;2026,0;7,0;0,0;0,0;7,0;0,0;0,0
HJK;UCINCO - UNIDADE DE CUIDADO INTERMEDIÁRIO NEONATAL CONVENCIONAL;2026,0;8,0;0,0;0,0;6,0;0,0;0,0
HJK;UE - INTERNAÇÃO SALA DE EMERGÊNCIA;2026,0;2,0;2,0;1,0;7,0;0,2857142857142857;0,14285714285714285
HJK;UE - INTERNAÇÃO SALA DE EMERGÊNCIA;2026,0;3,0;6,0;5,0;23,0;0,2608695652173913;0,21739130434782608
HJK;UE - INTERNAÇÃO SALA DE EMERGÊNCIA;2026,0;4,0;5,0;5,0;18,0;0,2777777777777778;0,2777777777777778
HJK;UE - INTERNAÇÃO SALA DE EMERGÊNCIA;2026,0;5,0;10,0;6,0;26,0;0,38461538461538464;0,23076923076923078
HJK;UE - INTERNAÇÃO SALA DE EMERGÊNCIA;2026,0;6,0;9,0;1,0;32,0;0,28125;0,03125
HJK;UE - INTERNAÇÃO SALA DE EMERGÊNCIA;2026,0;7,0;4,0;3,0;23,0;0,17391304347826086;0,13043478260869565
HJK;UE - INTERNAÇÃO SALA DE EMERGÊNCIA;2026,0;8,0;7,0;3,0;27,0;0,25925925925925924;0,1111111111111111
HJK;UE - INTERNAÇÃO SALA DE MEDICAÇÃO;2026,0;2,0;0,0;0,0;5,0;0,0;0,0
HJK;UE - INTERNAÇÃO SALA DE MEDICAÇÃO;2026,0;3,0;1,0;0,0;28,0;0,03571428571428571;0,0
HJK;UE - INTERNAÇÃO SALA DE MEDICAÇÃO;2026,0;4,0;1,0;0,0;40,0;0,025;0,0
HJK;UE - INTERNAÇÃO SALA DE MEDICAÇÃO;2026,0;5,0;0,0;0,0;37,0;0,0;0,0
HJK;UE - INTERNAÇÃO SALA DE MEDICAÇÃO;2026,0;6,0;0,0;0,0;35,0;0,0;0,0
HJK;UE - INTERNAÇÃO SALA DE MEDICAÇÃO;2026,0;7,0;0,0;0,0;40,0;0,0;0,0
HJK;UE - INTERNAÇÃO SALA DE MEDICAÇÃO;2026,0;8,0;0,0;0,0;32,0;0,0;0,0
HJK;UE - INTERNAÇÃO UDC-CRD;2026,0;2,0;0,0;0,0;15,0;0,0;0,0
HJK;UE - INTERNAÇÃO UDC-CRD;2026,0;3,0;2,0;2,0;99,0;0,020202020202020204;0,020202020202020204
HJK;UE - INTERNAÇÃO UDC-CRD;2026,0;4,0;1,0;1,0;96,0;0,010416666666666666;0,010416666666666666
HJK;UE - INTERNAÇÃO UDC-CRD;2026,0;5,0;1,0;1,0;94,0;0,010638297872340425;0,010638297872340425
HJK;UE - INTERNAÇÃO UDC-CRD;2026,0;6,0;0,0;0,0;84,0;0,0;0,0
HJK;UE - INTERNAÇÃO UDC-CRD;2026,0;7,0;0,0;0,0;93,0;0,0;0,0
HJK;UE - INTERNAÇÃO UDC-CRD;2026,0;8,0;3,0;1,0;84,0;0,03571428571428571;0,011904761904761904
HJK;UNIDADE DE URGENCIA - CLINICA MEDICA;2019,0;1,0;13,0;9,0;124,0;0,10483870967741936;0,07258064516129033
HJK;UNIDADE DE URGENCIA - CLINICA MEDICA;2019,0;2,0;13,0;8,0;151,0;0,08609271523178808;0,052980132450331126
HJK;UNIDADE DE URGENCIA - CLINICA MEDICA;2019,0;3,0;9,0;4,0;165,0;0,05454545454545454;0,024242424242424242
HJK;UNIDADE DE URGENCIA - CLINICA MEDICA;2019,0;4,0;16,0;15,0;198,0;0,08080808080808081;0,07575757575757576
HJK;UNIDADE DE URGENCIA - CLINICA MEDICA;2019,0;5,0;14,0;13,0;249,0;0,05622489959839357;0,05220883534136546
HJK;UNIDADE DE URGENCIA - CLINICA MEDICA;2019,0;6,0;12,0;8,0;212,0;0,05660377358490566;0,03773584905660377
HJK;UNIDADE DE URGENCIA - CLINICA MEDICA;2019,0;7,0;14,0;6,0;133,0;0,10526315789473684;0,045112781954887216
HJK;UNIDADE DE URGENCIA - CLINICA MEDICA;2019,0;8,0;16,0;14,0;180,0;0,08888888888888889;0,07777777777777778
HJK;UNIDADE DE URGENCIA - CLINICA MEDICA;2019,0;9,0;14,0;8,0;148,0;0,0945945945945946;0,05405405405405406
HJK;UNIDADE DE URGENCIA - CLINICA MEDICA;2019,0;10,0;8,0;5,0;165,0;0,048484848484848485;0,030303030303030304
HJK;UNIDADE DE URGENCIA - CLINICA MEDICA;2019,0;11,0;8,0;4,0;124,0;0,06451612903225806;0,03225806451612903
HJK;UNIDADE DE URGENCIA - CLINICA MEDICA;2019,0;12,0;10,0;6,0;171,0;0,05847953216374269;0,03508771929824561
HJK;UNIDADE DE URGENCIA - CLINICA MEDICA;2020,0;1,0;8,0;3,0;120,0;0,06666666666666667;0,025
HJK;UNIDADE DE URGENCIA - CLINICA MEDICA;2020,0;2,0;9,0;4,0;91,0;0,0989010989010989;0,04395604395604396
HJK;UNIDADE DE URGENCIA - CLINICA MEDICA;2020,0;3,0;6,0;4,0;78,0;0,07692307692307693;0,05128205128205128
HJK;UNIDADE DE URGENCIA - CLINICA MEDICA;2020,0;4,0;7,0;1,0;25,0;0,28;0,04
HJK;UNIDADE DE URGENCIA - CLINICA MEDICA;2020,0;5,0;4,0;2,0;31,0;0,12903225806451613;0,06451612903225806
HJK;UNIDADE DE URGENCIA - CLINICA MEDICA;2020,0;6,0;1,0;1,0;78,0;0,01282051282051282;0,01282051282051282
HJK;UNIDADE DE URGENCIA - CLINICA MEDICA;2021,0;2,0;1,0;0,0;5,0;0,2;0,0
HJK;UNIDADE DE URGENCIA - CLINICA MEDICA;2021,0;3,0;4,0;3,0;23,0;0,17391304347826086;0,13043478260869565
HJK;UNIDADE DE URGENCIA - CLINICA MEDICA;2021,0;4,0;4,0;4,0;33,0;0,12121212121212122;0,12121212121212122
HJK;UNIDADE DE URGENCIA - CLINICA MEDICA;2021,0;5,0;1,0;1,0;24,0;0,041666666666666664;0,041666666666666664
HJK;UNIDADE DE URGENCIA - CLINICA MEDICA;2021,0;6,0;1,0;1,0;42,0;0,023809523809523808;0,023809523809523808
HJK;UNIDADE DE URGENCIA - CLINICA MEDICA;2021,0;7,0;1,0;1,0;103,0;0,009708737864077669;0,009708737864077669
HJK;UNIDADE DE URGENCIA - CLINICA MEDICA;2021,0;8,0;0,0;0,0;104,0;0,0;0,0
HJK;UNIDADE DE URGENCIA - CLINICA MEDICA;2021,0;9,0;2,0;2,0;90,0;0,022222222222222223;0,022222222222222223
HJK;UNIDADE DE URGENCIA - CLINICA MEDICA;2021,0;10,0;2,0;1,0;95,0;0,021052631578947368;0,010526315789473684
HJK;UNIDADE DE URGENCIA - CLINICA MEDICA;2021,0;11,0;1,0;1,0;64,0;0,015625;0,015625
HJK;UNIDADE DE URGENCIA - CLINICA MEDICA;2021,0;12,0;4,0;2,0;92,0;0,043478260869565216;0,021739130434782608
HJK;UNIDADE DE URGENCIA - CLINICA MEDICA;2022,0;1,0;10,0;9,0;52,0;0,19230769230769232;0,17307692307692307
HJK;UNIDADE DE URGENCIA - CLINICA MEDICA;2022,0;2,0;6,0;6,0;76,0;0,07894736842105263;0,07894736842105263
HJK;UNIDADE DE URGENCIA - CLINICA MEDICA;2022,0;3,0;2,0;2,0;87,0;0,022988505747126436;0,022988505747126436
HJK;UNIDADE DE URGENCIA - CLINICA MEDICA;2022,0;4,0;0,0;0,0;7,0;0,0;0,0
HJK;UNIDADE INTERNAÇÃO - CLINICA CIRURGICA;2019,0;1,0;0,0;0,0;177,0;0,0;0,0
HJK;UNIDADE INTERNAÇÃO - CLINICA CIRURGICA;2019,0;2,0;0,0;0,0;205,0;0,0;0,0
HJK;UNIDADE INTERNAÇÃO - CLINICA CIRURGICA;2019,0;3,0;0,0;0,0;184,0;0,0;0,0
HJK;UNIDADE INTERNAÇÃO - CLINICA CIRURGICA;2019,0;4,0;1,0;1,0;203,0;0,0049261083743842365;0,0049261083743842365
HJK;UNIDADE INTERNAÇÃO - CLINICA CIRURGICA;2019,0;5,0;0,0;0,0;211,0;0,0;0,0
HJK;UNIDADE INTERNAÇÃO - CLINICA CIRURGICA;2019,0;6,0;1,0;1,0;213,0;0,004694835680751174;0,004694835680751174
HJK;UNIDADE INTERNAÇÃO - CLINICA CIRURGICA;2019,0;7,0;0,0;0,0;215,0;0,0;0,0
HJK;UNIDADE INTERNAÇÃO - CLINICA CIRURGICA;2019,0;8,0;0,0;0,0;204,0;0,0;0,0
HJK;UNIDADE INTERNAÇÃO - CLINICA CIRURGICA;2019,0;9,0;2,0;2,0;209,0;0,009569377990430622;0,009569377990430622
HJK;UNIDADE INTERNAÇÃO - CLINICA CIRURGICA;2019,0;10,0;0,0;0,0;193,0;0,0;0,0
HJK;UNIDADE INTERNAÇÃO - CLINICA CIRURGICA;2019,0;11,0;0,0;0,0;194,0;0,0;0,0
HJK;UNIDADE INTERNAÇÃO - CLINICA CIRURGICA;2019,0;12,0;2,0;2,0;173,0;0,011560693641618497;0,011560693641618497
HJK;UNIDADE INTERNAÇÃO - CLINICA CIRURGICA;2020,0;1,0;2,0;2,0;163,0;0,012269938650306749;0,012269938650306749
HJK;UNIDADE INTERNAÇÃO - CLINICA CIRURGICA;2020,0;2,0;1,0;1,0;187,0;0,0053475935828877;0,0053475935828877
HJK;UNIDADE INTERNAÇÃO - CLINICA CIRURGICA;2020,0;3,0;0,0;0,0;170,0;0,0;0,0
HJK;UNIDADE INTERNAÇÃO - CLINICA CIRURGICA;2020,0;4,0;1,0;1,0;104,0;0,009615384615384616;0,009615384615384616
HJK;UNIDADE INTERNAÇÃO - CLINICA CIRURGICA;2020,0;5,0;0,0;0,0;115,0;0,0;0,0
HJK;UNIDADE INTERNAÇÃO - CLINICA CIRURGICA;2020,0;6,0;1,0;1,0;82,0;0,012195121951219513;0,012195121951219513
HJK;UNIDADE INTERNAÇÃO - CLINICA CIRURGICA;2020,0;7,0;2,0;1,0;98,0;0,02040816326530612;0,01020408163265306
HJK;UNIDADE INTERNAÇÃO - CLINICA CIRURGICA;2020,0;8,0;2,0;2,0;88,0;0,022727272727272728;0,022727272727272728
HJK;UNIDADE INTERNAÇÃO - CLINICA CIRURGICA;2020,0;9,0;1,0;1,0;127,0;0,007874015748031496;0,007874015748031496
HJK;UNIDADE INTERNAÇÃO - CLINICA CIRURGICA;2020,0;10,0;1,0;1,0;138,0;0,007246376811594203;0,007246376811594203
HJK;UNIDADE INTERNAÇÃO - CLINICA CIRURGICA;2020,0;11,0;0,0;0,0;104,0;0,0;0,0
HJK;UNIDADE INTERNAÇÃO - CLINICA CIRURGICA;2020,0;12,0;1,0;1,0;99,0;0,010101010101010102;0,010101010101010102
HJK;UNIDADE INTERNAÇÃO - CLINICA CIRURGICA;2021,0;1,0;3,0;3,0;127,0;0,023622047244094488;0,023622047244094488
HJK;UNIDADE INTERNAÇÃO - CLINICA CIRURGICA;2021,0;2,0;1,0;1,0;106,0;0,009433962264150943;0,009433962264150943
HJK;UNIDADE INTERNAÇÃO - CLINICA CIRURGICA;2021,0;3,0;1,0;1,0;105,0;0,009523809523809525;0,009523809523809525
HJK;UNIDADE INTERNAÇÃO - CLINICA CIRURGICA;2021,0;4,0;0,0;0,0;5,0;0,0;0,0
HJK;UNIDADE INTERNAÇÃO - CLINICA CIRURGICA;2021,0;7,0;0,0;0,0;28,0;0,0;0,0
HJK;UNIDADE INTERNAÇÃO - CLINICA CIRURGICA;2021,0;8,0;1,0;1,0;48,0;0,020833333333333332;0,020833333333333332
HJK;UNIDADE INTERNAÇÃO - CLINICA CIRURGICA;2021,0;9,0;0,0;0,0;56,0;0,0;0,0
HJK;UNIDADE INTERNAÇÃO - CLINICA CIRURGICA;2021,0;10,0;1,0;1,0;59,0;0,01694915254237288;0,01694915254237288
HJK;UNIDADE INTERNAÇÃO - CLINICA CIRURGICA;2021,0;11,0;0,0;0,0;58,0;0,0;0,0
HJK;UNIDADE INTERNAÇÃO - CLINICA CIRURGICA;2021,0;12,0;0,0;0,0;62,0;0,0;0,0
HJK;UNIDADE INTERNAÇÃO - CLINICA CIRURGICA;2022,0;1,0;1,0;1,0;47,0;0,02127659574468085;0,02127659574468085
HJK;UNIDADE INTERNAÇÃO - CLINICA CIRURGICA;2022,0;2,0;4,0;3,0;42,0;0,09523809523809523;0,07142857142857142
HJK;UNIDADE INTERNAÇÃO - CLINICA CIRURGICA;2022,0;3,0;0,0;0,0;75,0;0,0;0,0
HJK;UNIDADE INTERNAÇÃO - CLINICA CIRURGICA;2022,0;4,0;5,0;5,0;101,0;0,04950495049504951;0,04950495049504951
HJK;UNIDADE INTERNAÇÃO - CLINICA CIRURGICA;2022,0;5,0;1,0;1,0;78,0;0,01282051282051282;0,01282051282051282
HJK;UNIDADE INTERNAÇÃO - CLINICA CIRURGICA;2022,0;6,0;0,0;0,0;69,0;0,0;0,0
HJK;UNIDADE INTERNAÇÃO - CLINICA CIRURGICA;2022,0;7,0;1,0;1,0;61,0;0,01639344262295082;0,01639344262295082
HJK;UNIDADE INTERNAÇÃO - CLINICA CIRURGICA;2022,0;8,0;1,0;1,0;85,0;0,011764705882352941;0,011764705882352941
HJK;UNIDADE INTERNAÇÃO - CLINICA CIRURGICA;2022,0;9,0;1,0;1,0;83,0;0,012048192771084338;0,012048192771084338
HJK;UNIDADE INTERNAÇÃO - CLINICA CIRURGICA;2022,0;10,0;1,0;1,0;90,0;0,011111111111111112;0,011111111111111112
HJK;UNIDADE INTERNAÇÃO - CLINICA CIRURGICA;2022,0;11,0;2,0;2,0;71,0;0,028169014084507043;0,028169014084507043
HJK;UNIDADE INTERNAÇÃO - CLINICA CIRURGICA;2022,0;12,0;0,0;0,0;62,0;0,0;0,0
HJK;UNIDADE INTERNAÇÃO - CLINICA CIRURGICA;2023,0;1,0;0,0;0,0;77,0;0,0;0,0
HJK;UNIDADE INTERNAÇÃO - CLINICA CIRURGICA;2023,0;2,0;0,0;0,0;62,0;0,0;0,0
HJK;UNIDADE INTERNAÇÃO - CLINICA CIRURGICA;2023,0;3,0;1,0;1,0;68,0;0,014705882352941176;0,014705882352941176
HJK;UNIDADE INTERNAÇÃO - CLINICA CIRURGICA;2023,0;4,0;2,0;2,0;72,0;0,027777777777777776;0,027777777777777776
HJK;UNIDADE INTERNAÇÃO - CLINICA CIRURGICA;2023,0;5,0;1,0;1,0;89,0;0,011235955056179775;0,011235955056179775
HJK;UNIDADE INTERNAÇÃO - CLINICA CIRURGICA;2023,0;6,0;2,0;2,0;82,0;0,024390243902439025;0,024390243902439025
HJK;UNIDADE INTERNAÇÃO - CLINICA CIRURGICA;2023,0;7,0;0,0;0,0;79,0;0,0;0,0
HJK;UNIDADE INTERNAÇÃO - CLINICA CIRURGICA;2023,0;8,0;2,0;2,0;108,0;0,018518518518518517;0,018518518518518517
HJK;UNIDADE INTERNAÇÃO - CLINICA CIRURGICA;2023,0;9,0;2,0;2,0;151,0;0,013245033112582781;0,013245033112582781
HJK;UNIDADE INTERNAÇÃO - CLINICA CIRURGICA;2023,0;10,0;1,0;1,0;131,0;0,007633587786259542;0,007633587786259542
HJK;UNIDADE INTERNAÇÃO - CLINICA CIRURGICA;2023,0;11,0;0,0;0,0;148,0;0,0;0,0
HJK;UNIDADE INTERNAÇÃO - CLINICA CIRURGICA;2023,0;12,0;0,0;0,0;132,0;0,0;0,0
HJK;UNIDADE INTERNAÇÃO - CLINICA CIRURGICA;2024,0;1,0;1,0;1,0;141,0;0,0070921985815602835;0,0070921985815602835
HJK;UNIDADE INTERNAÇÃO - CLINICA CIRURGICA;2024,0;2,0;3,0;2,0;149,0;0,020134228187919462;0,013422818791946308
HJK;UNIDADE INTERNAÇÃO - CLINICA CIRURGICA;2024,0;3,0;3,0;3,0;189,0;0,015873015873015872;0,015873015873015872
HJK;UNIDADE INTERNAÇÃO - CLINICA CIRURGICA;2024,0;4,0;2,0;2,0;186,0;0,010752688172043012;0,010752688172043012
HJK;UNIDADE INTERNAÇÃO - CLINICA CIRURGICA;2024,0;5,0;2,0;2,0;168,0;0,011904761904761904;0,011904761904761904
HJK;UNIDADE INTERNAÇÃO - CLINICA CIRURGICA;2024,0;6,0;3,0;3,0;190,0;0,015789473684210527;0,015789473684210527
HJK;UNIDADE INTERNAÇÃO - CLINICA CIRURGICA;2024,0;7,0;0,0;0,0;179,0;0,0;0,0
HJK;UNIDADE INTERNAÇÃO - CLINICA CIRURGICA;2024,0;8,0;1,0;1,0;199,0;0,005025125628140704;0,005025125628140704
HJK;UNIDADE INTERNAÇÃO - CLINICA CIRURGICA;2024,0;9,0;4,0;4,0;179,0;0,0223463687150838;0,0223463687150838
HJK;UNIDADE INTERNAÇÃO - CLINICA CIRURGICA;2024,0;10,0;0,0;0,0;209,0;0,0;0,0
HJK;UNIDADE INTERNAÇÃO - CLINICA CIRURGICA;2024,0;11,0;1,0;1,0;198,0;0,005050505050505051;0,005050505050505051
HJK;UNIDADE INTERNAÇÃO - CLINICA CIRURGICA;2024,0;12,0;1,0;1,0;155,0;0,0064516129032258064;0,0064516129032258064
HJK;UNIDADE INTERNAÇÃO - CLINICA CIRURGICA;2025,0;1,0;1,0;1,0;164,0;0,006097560975609756;0,006097560975609756
HJK;UNIDADE INTERNAÇÃO - CLINICA CIRURGICA;2025,0;2,0;2,0;2,0;171,0;0,011695906432748537;0,011695906432748537
HJK;UNIDADE INTERNAÇÃO - CLINICA CIRURGICA;2025,0;3,0;0,0;0,0;197,0;0,0;0,0
HJK;UNIDADE INTERNAÇÃO - CLINICA CIRURGICA;2025,0;4,0;1,0;1,0;135,0;0,007407407407407408;0,007407407407407408
HJK;UNIDADE INTERNAÇÃO - CLINICA CIRURGICA;2025,0;5,0;3,0;3,0;169,0;0,01775147928994083;0,01775147928994083
HJK;UNIDADE INTERNAÇÃO - CLINICA CIRURGICA;2025,0;6,0;3,0;3,0;165,0;0,01818181818181818;0,01818181818181818
HJK;UNIDADE INTERNAÇÃO - CLINICA CIRURGICA;2025,0;7,0;0,0;0,0;164,0;0,0;0,0
HJK;UNIDADE INTERNAÇÃO - CLINICA CIRURGICA;2025,0;8,0;1,0;1,0;171,0;0,005847953216374269;0,005847953216374269
HJK;UNIDADE INTERNAÇÃO - CLINICA CIRURGICA;2025,0;9,0;1,0;1,0;157,0;0,006369426751592357;0,006369426751592357
HJK;UNIDADE INTERNAÇÃO - CLINICA CIRURGICA;2025,0;10,0;1,0;1,0;189,0;0,005291005291005291;0,005291005291005291
HJK;UNIDADE INTERNAÇÃO - CLINICA CIRURGICA;2025,0;11,0;1,0;1,0;152,0;0,006578947368421052;0,006578947368421052
HJK;UNIDADE INTERNAÇÃO - CLINICA CIRURGICA;2025,0;12,0;0,0;0,0;168,0;0,0;0,0
HJK;UNIDADE INTERNAÇÃO - CLINICA CIRURGICA;2026,0;1,0;0,0;0,0;202,0;0,0;0,0
HJK;UNIDADE INTERNAÇÃO - CLINICA CIRURGICA;2026,0;2,0;0,0;0,0;145,0;0,0;0,0
HJK;UNIDADE INTERNAÇÃO - CLINICA MÉDICA;2019,0;1,0;6,0;6,0;106,0;0,05660377358490566;0,05660377358490566
HJK;UNIDADE INTERNAÇÃO - CLINICA MÉDICA;2019,0;2,0;6,0;6,0;102,0;0,058823529411764705;0,058823529411764705
HJK;UNIDADE INTERNAÇÃO - CLINICA MÉDICA;2019,0;3,0;8,0;8,0;131,0;0,061068702290076333;0,061068702290076333
HJK;UNIDADE INTERNAÇÃO - CLINICA MÉDICA;2019,0;4,0;13,0;13,0;137,0;0,0948905109489051;0,0948905109489051
HJK;UNIDADE INTERNAÇÃO - CLINICA MÉDICA;2019,0;5,0;16,0;15,0;133,0;0,12030075187969924;0,11278195488721804
HJK;UNIDADE INTERNAÇÃO - CLINICA MÉDICA;2019,0;6,0;11,0;11,0;85,0;0,12941176470588237;0,12941176470588237
HJK;UNIDADE INTERNAÇÃO - CLINICA MÉDICA;2019,0;7,0;13,0;13,0;117,0;0,1111111111111111;0,1111111111111111
HJK;UNIDADE INTERNAÇÃO - CLINICA MÉDICA;2019,0;8,0;8,0;8,0;115,0;0,06956521739130435;0,06956521739130435
HJK;UNIDADE INTERNAÇÃO - CLINICA MÉDICA;2019,0;9,0;5,0;5,0;116,0;0,04310344827586207;0,04310344827586207
HJK;UNIDADE INTERNAÇÃO - CLINICA MÉDICA;2019,0;10,0;9,0;9,0;131,0;0,06870229007633588;0,06870229007633588
HJK;UNIDADE INTERNAÇÃO - CLINICA MÉDICA;2019,0;11,0;10,0;10,0;143,0;0,06993006993006994;0,06993006993006994
HJK;UNIDADE INTERNAÇÃO - CLINICA MÉDICA;2019,0;12,0;6,0;6,0;118,0;0,05084745762711865;0,05084745762711865
HJK;UNIDADE INTERNAÇÃO - CLINICA MÉDICA;2020,0;1,0;6,0;6,0;128,0;0,046875;0,046875
HJK;UNIDADE INTERNAÇÃO - CLINICA MÉDICA;2020,0;2,0;5,0;5,0;101,0;0,04950495049504951;0,04950495049504951
HJK;UNIDADE INTERNAÇÃO - CLINICA MÉDICA;2020,0;3,0;8,0;8,0;138,0;0,057971014492753624;0,057971014492753624
HJK;UNIDADE INTERNAÇÃO - CLINICA MÉDICA;2020,0;4,0;2,0;2,0;114,0;0,017543859649122806;0,017543859649122806
HJK;UNIDADE INTERNAÇÃO - CLINICA MÉDICA;2020,0;5,0;6,0;5,0;135,0;0,044444444444444446;0,037037037037037035
HJK;UNIDADE INTERNAÇÃO - CLINICA MÉDICA;2020,0;6,0;5,0;5,0;87,0;0,05747126436781609;0,05747126436781609
HJK;UNIDADE INTERNAÇÃO - CLINICA MÉDICA;2020,0;7,0;2,0;2,0;79,0;0,02531645569620253;0,02531645569620253
HJK;UNIDADE INTERNAÇÃO - CLINICA MÉDICA;2020,0;8,0;2,0;2,0;59,0;0,03389830508474576;0,03389830508474576
HJK;UNIDADE INTERNAÇÃO - CLINICA MÉDICA;2020,0;9,0;5,0;5,0;84,0;0,05952380952380952;0,05952380952380952
HJK;UNIDADE INTERNAÇÃO - CLINICA MÉDICA;2020,0;10,0;5,0;5,0;102,0;0,049019607843137254;0,049019607843137254
HJK;UNIDADE INTERNAÇÃO - CLINICA MÉDICA;2020,0;11,0;2,0;2,0;90,0;0,022222222222222223;0,022222222222222223
HJK;UNIDADE INTERNAÇÃO - CLINICA MÉDICA;2020,0;12,0;6,0;5,0;81,0;0,07407407407407407;0,06172839506172839
HJK;UNIDADE INTERNAÇÃO - CLINICA MÉDICA;2021,0;1,0;0,0;0,0;69,0;0,0;0,0
HJK;UNIDADE INTERNAÇÃO - CLINICA MÉDICA;2021,0;2,0;2,0;2,0;47,0;0,0425531914893617;0,0425531914893617
HJK;UNIDADE INTERNAÇÃO - CLINICA MÉDICA;2021,0;3,0;3,0;2,0;60,0;0,05;0,03333333333333333
HJK;UNIDADE INTERNAÇÃO - CLINICA MÉDICA;2021,0;4,0;2,0;2,0;96,0;0,020833333333333332;0,020833333333333332
HJK;UNIDADE INTERNAÇÃO - CLINICA MÉDICA;2021,0;5,0;0,0;0,0;88,0;0,0;0,0
HJK;UNIDADE INTERNAÇÃO - CLINICA MÉDICA;2021,0;6,0;2,0;2,0;102,0;0,0196078431372549;0,0196078431372549
HJK;UNIDADE INTERNAÇÃO - CLINICA MÉDICA;2021,0;7,0;2,0;2,0;80,0;0,025;0,025
HJK;UNIDADE INTERNAÇÃO - CLINICA MÉDICA;2021,0;8,0;4,0;4,0;72,0;0,05555555555555555;0,05555555555555555
HJK;UNIDADE INTERNAÇÃO - CLINICA MÉDICA;2021,0;9,0;4,0;4,0;43,0;0,09302325581395349;0,09302325581395349
HJK;UNIDADE INTERNAÇÃO - CLINICA MÉDICA;2021,0;10,0;5,0;4,0;83,0;0,060240963855421686;0,04819277108433735
HJK;UNIDADE INTERNAÇÃO - CLINICA MÉDICA;2021,0;11,0;2,0;2,0;94,0;0,02127659574468085;0,02127659574468085
HJK;UNIDADE INTERNAÇÃO - CLINICA MÉDICA;2021,0;12,0;5,0;5,0;105,0;0,047619047619047616;0,047619047619047616
HJK;UNIDADE INTERNAÇÃO - CLINICA MÉDICA;2022,0;1,0;1,0;1,0;113,0;0,008849557522123894;0,008849557522123894
HJK;UNIDADE INTERNAÇÃO - CLINICA MÉDICA;2022,0;2,0;1,0;1,0;44,0;0,022727272727272728;0,022727272727272728
HJK;UNIDADE INTERNAÇÃO - CLINICA MÉDICA;2022,0;3,0;2,0;1,0;57,0;0,03508771929824561;0,017543859649122806
HJK;UNIDADE INTERNAÇÃO - CLINICA MÉDICA;2022,0;4,0;3,0;2,0;95,0;0,031578947368421054;0,021052631578947368
HJK;UNIDADE INTERNAÇÃO - CLINICA MÉDICA;2022,0;5,0;5,0;4,0;101,0;0,04950495049504951;0,039603960396039604
HJK;UNIDADE INTERNAÇÃO - CLINICA MÉDICA;2022,0;6,0;3,0;3,0;101,0;0,0297029702970297;0,0297029702970297
HJK;UNIDADE INTERNAÇÃO - CLINICA MÉDICA;2022,0;7,0;2,0;2,0;106,0;0,018867924528301886;0,018867924528301886
HJK;UNIDADE INTERNAÇÃO - CLINICA MÉDICA;2022,0;8,0;2,0;2,0;97,0;0,020618556701030927;0,020618556701030927
HJK;UNIDADE INTERNAÇÃO - CLINICA MÉDICA;2022,0;9,0;2,0;2,0;116,0;0,017241379310344827;0,017241379310344827
HJK;UNIDADE INTERNAÇÃO - CLINICA MÉDICA;2022,0;10,0;1,0;1,0;120,0;0,008333333333333333;0,008333333333333333
HJK;UNIDADE INTERNAÇÃO - CLINICA MÉDICA;2022,0;11,0;3,0;3,0;100,0;0,03;0,03
HJK;UNIDADE INTERNAÇÃO - CLINICA MÉDICA;2022,0;12,0;5,0;5,0;106,0;0,04716981132075472;0,04716981132075472
HJK;UNIDADE INTERNAÇÃO - CLINICA MÉDICA;2023,0;1,0;3,0;3,0;122,0;0,02459016393442623;0,02459016393442623
HJK;UNIDADE INTERNAÇÃO - CLINICA MÉDICA;2023,0;2,0;4,0;4,0;115,0;0,034782608695652174;0,034782608695652174
HJK;UNIDADE INTERNAÇÃO - CLINICA MÉDICA;2023,0;3,0;6,0;6,0;125,0;0,048;0,048
HJK;UNIDADE INTERNAÇÃO - CLINICA MÉDICA;2023,0;4,0;5,0;4,0;110,0;0,045454545454545456;0,03636363636363636
HJK;UNIDADE INTERNAÇÃO - CLINICA MÉDICA;2023,0;5,0;3,0;3,0;102,0;0,029411764705882353;0,029411764705882353
HJK;UNIDADE INTERNAÇÃO - CLINICA MÉDICA;2023,0;6,0;2,0;2,0;114,0;0,017543859649122806;0,017543859649122806
HJK;UNIDADE INTERNAÇÃO - CLINICA MÉDICA;2023,0;7,0;7,0;7,0;107,0;0,06542056074766354;0,06542056074766354
HJK;UNIDADE INTERNAÇÃO - CLINICA MÉDICA;2023,0;8,0;8,0;7,0;111,0;0,07207207207207207;0,06306306306306306
HJK;UNIDADE INTERNAÇÃO - CLINICA MÉDICA;2023,0;9,0;5,0;5,0;102,0;0,049019607843137254;0,049019607843137254
HJK;UNIDADE INTERNAÇÃO - CLINICA MÉDICA;2023,0;10,0;3,0;3,0;104,0;0,028846153846153848;0,028846153846153848
HJK;UNIDADE INTERNAÇÃO - CLINICA MÉDICA;2023,0;11,0;6,0;6,0;115,0;0,05217391304347826;0,05217391304347826
HJK;UNIDADE INTERNAÇÃO - CLINICA MÉDICA;2023,0;12,0;8,0;8,0;116,0;0,06896551724137931;0,06896551724137931
HJK;UNIDADE INTERNAÇÃO - CLINICA MÉDICA;2024,0;1,0;5,0;5,0;119,0;0,04201680672268908;0,04201680672268908
HJK;UNIDADE INTERNAÇÃO - CLINICA MÉDICA;2024,0;2,0;9,0;9,0;126,0;0,07142857142857142;0,07142857142857142
HJK;UNIDADE INTERNAÇÃO - CLINICA MÉDICA;2024,0;3,0;8,0;8,0;127,0;0,06299212598425197;0,06299212598425197
HJK;UNIDADE INTERNAÇÃO - CLINICA MÉDICA;2024,0;4,0;2,0;2,0;120,0;0,016666666666666666;0,016666666666666666
HJK;UNIDADE INTERNAÇÃO - CLINICA MÉDICA;2024,0;5,0;11,0;11,0;134,0;0,08208955223880597;0,08208955223880597
HJK;UNIDADE INTERNAÇÃO - CLINICA MÉDICA;2024,0;6,0;6,0;6,0;133,0;0,045112781954887216;0,045112781954887216
HJK;UNIDADE INTERNAÇÃO - CLINICA MÉDICA;2024,0;7,0;3,0;3,0;137,0;0,021897810218978103;0,021897810218978103
HJK;UNIDADE INTERNAÇÃO - CLINICA MÉDICA;2024,0;8,0;11,0;11,0;115,0;0,09565217391304348;0,09565217391304348
HJK;UNIDADE INTERNAÇÃO - CLINICA MÉDICA;2024,0;9,0;2,0;2,0;123,0;0,016260162601626018;0,016260162601626018
HJK;UNIDADE INTERNAÇÃO - CLINICA MÉDICA;2024,0;10,0;6,0;6,0;143,0;0,04195804195804196;0,04195804195804196
HJK;UNIDADE INTERNAÇÃO - CLINICA MÉDICA;2024,0;11,0;5,0;5,0;147,0;0,034013605442176874;0,034013605442176874
HJK;UNIDADE INTERNAÇÃO - CLINICA MÉDICA;2024,0;12,0;6,0;6,0;148,0;0,04054054054054054;0,04054054054054054
HJK;UNIDADE INTERNAÇÃO - CLINICA MÉDICA;2025,0;1,0;7,0;7,0;118,0;0,059322033898305086;0,059322033898305086
HJK;UNIDADE INTERNAÇÃO - CLINICA MÉDICA;2025,0;2,0;5,0;5,0;117,0;0,042735042735042736;0,042735042735042736
HJK;UNIDADE INTERNAÇÃO - CLINICA MÉDICA;2025,0;3,0;6,0;6,0;121,0;0,049586776859504134;0,049586776859504134
HJK;UNIDADE INTERNAÇÃO - CLINICA MÉDICA;2025,0;4,0;5,0;5,0;135,0;0,037037037037037035;0,037037037037037035
HJK;UNIDADE INTERNAÇÃO - CLINICA MÉDICA;2025,0;5,0;5,0;5,0;102,0;0,049019607843137254;0,049019607843137254
HJK;UNIDADE INTERNAÇÃO - CLINICA MÉDICA;2025,0;6,0;11,0;11,0;118,0;0,09322033898305085;0,09322033898305085
HJK;UNIDADE INTERNAÇÃO - CLINICA MÉDICA;2025,0;7,0;4,0;4,0;142,0;0,028169014084507043;0,028169014084507043
HJK;UNIDADE INTERNAÇÃO - CLINICA MÉDICA;2025,0;8,0;5,0;5,0;147,0;0,034013605442176874;0,034013605442176874
HJK;UNIDADE INTERNAÇÃO - CLINICA MÉDICA;2025,0;9,0;5,0;5,0;119,0;0,04201680672268908;0,04201680672268908
HJK;UNIDADE INTERNAÇÃO - CLINICA MÉDICA;2025,0;10,0;5,0;5,0;130,0;0,038461538461538464;0,038461538461538464
HJK;UNIDADE INTERNAÇÃO - CLINICA MÉDICA;2025,0;11,0;4,0;4,0;125,0;0,032;0,032
HJK;UNIDADE INTERNAÇÃO - CLINICA MÉDICA;2025,0;12,0;8,0;8,0;165,0;0,048484848484848485;0,048484848484848485
HJK;UNIDADE INTERNAÇÃO - CLINICA MÉDICA;2026,0;1,0;4,0;4,0;112,0;0,03571428571428571;0,03571428571428571
HJK;UNIDADE INTERNAÇÃO - CLINICA MÉDICA;2026,0;2,0;3,0;3,0;89,0;0,033707865168539325;0,033707865168539325
HJK;UNIDADE INTERNAÇÃO - CLINICA PNEUMOLOGICA;2019,0;1,0;5,0;4,0;87,0;0,05747126436781609;0,04597701149425287
HJK;UNIDADE INTERNAÇÃO - CLINICA PNEUMOLOGICA;2019,0;2,0;5,0;5,0;84,0;0,05952380952380952;0,05952380952380952
HJK;UNIDADE INTERNAÇÃO - CLINICA PNEUMOLOGICA;2019,0;3,0;2,0;2,0;98,0;0,02040816326530612;0,02040816326530612
HJK;UNIDADE INTERNAÇÃO - CLINICA PNEUMOLOGICA;2019,0;4,0;3,0;3,0;90,0;0,03333333333333333;0,03333333333333333
HJK;UNIDADE INTERNAÇÃO - CLINICA PNEUMOLOGICA;2019,0;5,0;6,0;6,0;112,0;0,05357142857142857;0,05357142857142857
HJK;UNIDADE INTERNAÇÃO - CLINICA PNEUMOLOGICA;2019,0;6,0;4,0;4,0;93,0;0,043010752688172046;0,043010752688172046
HJK;UNIDADE INTERNAÇÃO - CLINICA PNEUMOLOGICA;2019,0;7,0;3,0;2,0;94,0;0,031914893617021274;0,02127659574468085
HJK;UNIDADE INTERNAÇÃO - CLINICA PNEUMOLOGICA;2019,0;8,0;2,0;2,0;95,0;0,021052631578947368;0,021052631578947368
HJK;UNIDADE INTERNAÇÃO - CLINICA PNEUMOLOGICA;2019,0;9,0;8,0;8,0;101,0;0,07920792079207921;0,07920792079207921
HJK;UNIDADE INTERNAÇÃO - CLINICA PNEUMOLOGICA;2019,0;10,0;3,0;3,0;115,0;0,02608695652173913;0,02608695652173913
HJK;UNIDADE INTERNAÇÃO - CLINICA PNEUMOLOGICA;2019,0;11,0;2,0;2,0;94,0;0,02127659574468085;0,02127659574468085
HJK;UNIDADE INTERNAÇÃO - CLINICA PNEUMOLOGICA;2019,0;12,0;4,0;3,0;110,0;0,03636363636363636;0,02727272727272727
HJK;UNIDADE INTERNAÇÃO - CLINICA PNEUMOLOGICA;2020,0;1,0;7,0;7,0;99,0;0,0707070707070707;0,0707070707070707
HJK;UNIDADE INTERNAÇÃO - CLINICA PNEUMOLOGICA;2020,0;2,0;2,0;2,0;73,0;0,0273972602739726;0,0273972602739726
HJK;UNIDADE INTERNAÇÃO - CLINICA PNEUMOLOGICA;2020,0;3,0;3,0;3,0;124,0;0,024193548387096774;0,024193548387096774
HJK;UNIDADE INTERNAÇÃO - CLINICA PNEUMOLOGICA;2020,0;4,0;0,0;0,0;40,0;0,0;0,0
HJK;UNIDADE INTERNAÇÃO - CLINICA PNEUMOLOGICA;2020,0;5,0;6,0;6,0;91,0;0,06593406593406594;0,06593406593406594
HJK;UNIDADE INTERNAÇÃO - CLINICA PNEUMOLOGICA;2020,0;6,0;5,0;5,0;71,0;0,07042253521126761;0,07042253521126761
HJK;UNIDADE INTERNAÇÃO - CLINICA PNEUMOLOGICA;2020,0;7,0;7,0;7,0;126,0;0,05555555555555555;0,05555555555555555
HJK;UNIDADE INTERNAÇÃO - CLINICA PNEUMOLOGICA;2020,0;8,0;2,0;2,0;83,0;0,024096385542168676;0,024096385542168676
HJK;UNIDADE INTERNAÇÃO - CLINICA PNEUMOLOGICA;2020,0;9,0;1,0;1,0;84,0;0,011904761904761904;0,011904761904761904
HJK;UNIDADE INTERNAÇÃO - CLINICA PNEUMOLOGICA;2020,0;10,0;1,0;1,0;81,0;0,012345679012345678;0,012345679012345678
HJK;UNIDADE INTERNAÇÃO - CLINICA PNEUMOLOGICA;2020,0;11,0;4,0;3,0;74,0;0,05405405405405406;0,04054054054054054
HJK;UNIDADE INTERNAÇÃO - CLINICA PNEUMOLOGICA;2020,0;12,0;2,0;2,0;106,0;0,018867924528301886;0,018867924528301886
HJK;UNIDADE INTERNAÇÃO - CLINICA PNEUMOLOGICA;2021,0;1,0;4,0;4,0;104,0;0,038461538461538464;0,038461538461538464
HJK;UNIDADE INTERNAÇÃO - CLINICA PNEUMOLOGICA;2021,0;2,0;0,0;0,0;74,0;0,0;0,0
HJK;UNIDADE INTERNAÇÃO - CLINICA PNEUMOLOGICA;2021,0;3,0;6,0;6,0;127,0;0,047244094488188976;0,047244094488188976
HJK;UNIDADE INTERNAÇÃO - CLINICA PNEUMOLOGICA;2021,0;4,0;0,0;0,0;127,0;0,0;0,0
HJK;UNIDADE INTERNAÇÃO - CLINICA PNEUMOLOGICA;2021,0;5,0;1,0;1,0;82,0;0,012195121951219513;0,012195121951219513
HJK;UNIDADE INTERNAÇÃO - CLINICA PNEUMOLOGICA;2021,0;6,0;1,0;1,0;103,0;0,009708737864077669;0,009708737864077669
HJK;UNIDADE INTERNAÇÃO - CLINICA PNEUMOLOGICA;2021,0;7,0;1,0;1,0;131,0;0,007633587786259542;0,007633587786259542
HJK;UNIDADE INTERNAÇÃO - CLINICA PNEUMOLOGICA;2021,0;8,0;0,0;0,0;71,0;0,0;0,0
HJK;UNIDADE INTERNAÇÃO - CLINICA PNEUMOLOGICA;2021,0;9,0;1,0;1,0;22,0;0,045454545454545456;0,045454545454545456
HJK;UNIDADE INTERNAÇÃO - CLINICA PNEUMOLOGICA;2021,0;10,0;0,0;0,0;35,0;0,0;0,0
HJK;UNIDADE INTERNAÇÃO - CLINICA PNEUMOLOGICA;2021,0;11,0;1,0;1,0;83,0;0,012048192771084338;0,012048192771084338
HJK;UNIDADE INTERNAÇÃO - CLINICA PNEUMOLOGICA;2021,0;12,0;6,0;6,0;92,0;0,06521739130434782;0,06521739130434782
HJK;UNIDADE INTERNAÇÃO - CLINICA PNEUMOLOGICA;2022,0;1,0;2,0;1,0;111,0;0,018018018018018018;0,009009009009009009
HJK;UNIDADE INTERNAÇÃO - CLINICA PNEUMOLOGICA;2022,0;2,0;5,0;5,0;68,0;0,07352941176470588;0,07352941176470588
HJK;UNIDADE INTERNAÇÃO - CLINICA PNEUMOLOGICA;2022,0;3,0;1,0;1,0;38,0;0,02631578947368421;0,02631578947368421
HJK;UNIDADE INTERNAÇÃO - CLINICA PNEUMOLOGICA;2022,0;4,0;4,0;4,0;79,0;0,05063291139240506;0,05063291139240506
HJK;UNIDADE INTERNAÇÃO - CLINICA PNEUMOLOGICA;2022,0;5,0;1,0;1,0;103,0;0,009708737864077669;0,009708737864077669
HJK;UNIDADE INTERNAÇÃO - CLINICA PNEUMOLOGICA;2022,0;6,0;3,0;3,0;103,0;0,02912621359223301;0,02912621359223301
HJK;UNIDADE INTERNAÇÃO - CLINICA PNEUMOLOGICA;2022,0;7,0;4,0;3,0;81,0;0,04938271604938271;0,037037037037037035
HJK;UNIDADE INTERNAÇÃO - CLINICA PNEUMOLOGICA;2022,0;8,0;5,0;5,0;94,0;0,05319148936170213;0,05319148936170213
HJK;UNIDADE INTERNAÇÃO - CLINICA PNEUMOLOGICA;2022,0;9,0;5,0;5,0;99,0;0,050505050505050504;0,050505050505050504
HJK;UNIDADE INTERNAÇÃO - CLINICA PNEUMOLOGICA;2022,0;10,0;1,0;1,0;119,0;0,008403361344537815;0,008403361344537815
HJK;UNIDADE INTERNAÇÃO - CLINICA PNEUMOLOGICA;2022,0;11,0;0,0;0,0;92,0;0,0;0,0
HJK;UNIDADE INTERNAÇÃO - CLINICA PNEUMOLOGICA;2022,0;12,0;8,0;8,0;102,0;0,0784313725490196;0,0784313725490196
HJK;UNIDADE INTERNAÇÃO - CLINICA PNEUMOLOGICA;2023,0;1,0;3,0;3,0;81,0;0,037037037037037035;0,037037037037037035
HJK;UNIDADE INTERNAÇÃO - CLINICA PNEUMOLOGICA;2023,0;2,0;9,0;8,0;100,0;0,09;0,08
HJK;UNIDADE INTERNAÇÃO - CLINICA PNEUMOLOGICA;2023,0;3,0;4,0;4,0;110,0;0,03636363636363636;0,03636363636363636
HJK;UNIDADE INTERNAÇÃO - CLINICA PNEUMOLOGICA;2023,0;4,0;3,0;3,0;104,0;0,028846153846153848;0,028846153846153848
HJK;UNIDADE INTERNAÇÃO - CLINICA PNEUMOLOGICA;2023,0;5,0;4,0;4,0;111,0;0,036036036036036036;0,036036036036036036
HJK;UNIDADE INTERNAÇÃO - CLINICA PNEUMOLOGICA;2023,0;6,0;6,0;6,0;110,0;0,05454545454545454;0,05454545454545454
HJK;UNIDADE INTERNAÇÃO - CLINICA PNEUMOLOGICA;2023,0;7,0;2,0;2,0;113,0;0,017699115044247787;0,017699115044247787
HJK;UNIDADE INTERNAÇÃO - CLINICA PNEUMOLOGICA;2023,0;8,0;3,0;3,0;123,0;0,024390243902439025;0,024390243902439025
HJK;UNIDADE INTERNAÇÃO - CLINICA PNEUMOLOGICA;2023,0;9,0;3,0;3,0;111,0;0,02702702702702703;0,02702702702702703
HJK;UNIDADE INTERNAÇÃO - CLINICA PNEUMOLOGICA;2023,0;10,0;2,0;2,0;115,0;0,017391304347826087;0,017391304347826087
HJK;UNIDADE INTERNAÇÃO - CLINICA PNEUMOLOGICA;2023,0;11,0;3,0;3,0;87,0;0,034482758620689655;0,034482758620689655
HJK;UNIDADE INTERNAÇÃO - CLINICA PNEUMOLOGICA;2023,0;12,0;5,0;5,0;114,0;0,043859649122807015;0,043859649122807015
HJK;UNIDADE INTERNAÇÃO - CLINICA PNEUMOLOGICA;2024,0;1,0;4,0;4,0;112,0;0,03571428571428571;0,03571428571428571
HJK;UNIDADE INTERNAÇÃO - CLINICA PNEUMOLOGICA;2024,0;2,0;3,0;3,0;110,0;0,02727272727272727;0,02727272727272727
HJK;UNIDADE INTERNAÇÃO - CLINICA PNEUMOLOGICA;2024,0;3,0;3,0;3,0;106,0;0,02830188679245283;0,02830188679245283
HJK;UNIDADE INTERNAÇÃO - CLINICA PNEUMOLOGICA;2024,0;4,0;6,0;6,0;117,0;0,05128205128205128;0,05128205128205128
HJK;UNIDADE INTERNAÇÃO - CLINICA PNEUMOLOGICA;2024,0;5,0;2,0;2,0;122,0;0,01639344262295082;0,01639344262295082
HJK;UNIDADE INTERNAÇÃO - CLINICA PNEUMOLOGICA;2024,0;6,0;4,0;4,0;120,0;0,03333333333333333;0,03333333333333333
HJK;UNIDADE INTERNAÇÃO - CLINICA PNEUMOLOGICA;2024,0;7,0;6,0;6,0;105,0;0,05714285714285714;0,05714285714285714
HJK;UNIDADE INTERNAÇÃO - CLINICA PNEUMOLOGICA;2024,0;8,0;3,0;3,0;129,0;0,023255813953488372;0,023255813953488372
HJK;UNIDADE INTERNAÇÃO - CLINICA PNEUMOLOGICA;2024,0;9,0;3,0;3,0;112,0;0,026785714285714284;0,026785714285714284
HJK;UNIDADE INTERNAÇÃO - CLINICA PNEUMOLOGICA;2024,0;10,0;5,0;5,0;115,0;0,043478260869565216;0,043478260869565216
HJK;UNIDADE INTERNAÇÃO - CLINICA PNEUMOLOGICA;2024,0;11,0;4,0;3,0;134,0;0,029850746268656716;0,022388059701492536
HJK;UNIDADE INTERNAÇÃO - CLINICA PNEUMOLOGICA;2024,0;12,0;7,0;7,0;135,0;0,05185185185185185;0,05185185185185185
HJK;UNIDADE INTERNAÇÃO - CLINICA PNEUMOLOGICA;2025,0;1,0;3,0;3,0;113,0;0,02654867256637168;0,02654867256637168
HJK;UNIDADE INTERNAÇÃO - CLINICA PNEUMOLOGICA;2025,0;2,0;4,0;4,0;94,0;0,0425531914893617;0,0425531914893617
HJK;UNIDADE INTERNAÇÃO - CLINICA PNEUMOLOGICA;2025,0;3,0;3,0;3,0;109,0;0,027522935779816515;0,027522935779816515
HJK;UNIDADE INTERNAÇÃO - CLINICA PNEUMOLOGICA;2025,0;4,0;5,0;5,0;124,0;0,04032258064516129;0,04032258064516129
HJK;UNIDADE INTERNAÇÃO - CLINICA PNEUMOLOGICA;2025,0;5,0;5,0;5,0;122,0;0,040983606557377046;0,040983606557377046
HJK;UNIDADE INTERNAÇÃO - CLINICA PNEUMOLOGICA;2025,0;6,0;1,0;1,0;118,0;0,00847457627118644;0,00847457627118644
HJK;UNIDADE INTERNAÇÃO - CLINICA PNEUMOLOGICA;2025,0;7,0;4,0;4,0;128,0;0,03125;0,03125
HJK;UNIDADE INTERNAÇÃO - CLINICA PNEUMOLOGICA;2025,0;8,0;6,0;6,0;117,0;0,05128205128205128;0,05128205128205128
HJK;UNIDADE INTERNAÇÃO - CLINICA PNEUMOLOGICA;2025,0;9,0;3,0;3,0;130,0;0,023076923076923078;0,023076923076923078
HJK;UNIDADE INTERNAÇÃO - CLINICA PNEUMOLOGICA;2025,0;10,0;4,0;4,0;114,0;0,03508771929824561;0,03508771929824561
HJK;UNIDADE INTERNAÇÃO - CLINICA PNEUMOLOGICA;2025,0;11,0;2,0;2,0;111,0;0,018018018018018018;0,018018018018018018
HJK;UNIDADE INTERNAÇÃO - CLINICA PNEUMOLOGICA;2025,0;12,0;5,0;5,0;104,0;0,04807692307692308;0,04807692307692308
HJK;UNIDADE INTERNAÇÃO - CLINICA PNEUMOLOGICA;2026,0;1,0;7,0;7,0;112,0;0,0625;0,0625
HJK;UNIDADE INTERNAÇÃO - CLINICA PNEUMOLOGICA;2026,0;2,0;4,0;3,0;86,0;0,046511627906976744;0,03488372093023256
HJK;UNIDADE INTERNAÇÃO - CLINICA TISIOLÓGICA;2019,0;1,0;1,0;1,0;18,0;0,05555555555555555;0,05555555555555555
HJK;UNIDADE INTERNAÇÃO - CLINICA TISIOLÓGICA;2019,0;2,0;1,0;1,0;25,0;0,04;0,04
HJK;UNIDADE INTERNAÇÃO - CLINICA TISIOLÓGICA;2019,0;3,0;3,0;3,0;24,0;0,125;0,125
HJK;UNIDADE INTERNAÇÃO - CLINICA TISIOLÓGICA;2019,0;4,0;1,0;1,0;15,0;0,06666666666666667;0,06666666666666667
HJK;UNIDADE INTERNAÇÃO - CLINICA TISIOLÓGICA;2019,0;5,0;0,0;0,0;15,0;0,0;0,0
HJK;UNIDADE INTERNAÇÃO - CLINICA TISIOLÓGICA;2019,0;6,0;2,0;2,0;17,0;0,11764705882352941;0,11764705882352941
HJK;UNIDADE INTERNAÇÃO - CLINICA TISIOLÓGICA;2019,0;7,0;0,0;0,0;20,0;0,0;0,0
HJK;UNIDADE INTERNAÇÃO - CLINICA TISIOLÓGICA;2019,0;8,0;2,0;2,0;16,0;0,125;0,125
HJK;UNIDADE INTERNAÇÃO - CLINICA TISIOLÓGICA;2019,0;9,0;2,0;2,0;18,0;0,1111111111111111;0,1111111111111111
HJK;UNIDADE INTERNAÇÃO - CLINICA TISIOLÓGICA;2019,0;10,0;1,0;1,0;22,0;0,045454545454545456;0,045454545454545456
HJK;UNIDADE INTERNAÇÃO - CLINICA TISIOLÓGICA;2019,0;11,0;1,0;1,0;25,0;0,04;0,04
HJK;UNIDADE INTERNAÇÃO - CLINICA TISIOLÓGICA;2019,0;12,0;2,0;2,0;24,0;0,08333333333333333;0,08333333333333333
HJK;UNIDADE INTERNAÇÃO - CLINICA TISIOLÓGICA;2020,0;1,0;1,0;1,0;22,0;0,045454545454545456;0,045454545454545456
HJK;UNIDADE INTERNAÇÃO - CLINICA TISIOLÓGICA;2020,0;2,0;1,0;1,0;16,0;0,0625;0,0625
HJK;UNIDADE INTERNAÇÃO - CLINICA TISIOLÓGICA;2020,0;3,0;0,0;0,0;11,0;0,0;0,0
HJK;UNIDADE INTERNAÇÃO - CLINICA TISIOLÓGICA;2020,0;4,0;1,0;1,0;21,0;0,047619047619047616;0,047619047619047616
HJK;UNIDADE INTERNAÇÃO - CLINICA TISIOLÓGICA;2020,0;5,0;0,0;0,0;12,0;0,0;0,0
HJK;UNIDADE INTERNAÇÃO - CLINICA TISIOLÓGICA;2020,0;6,0;3,0;2,0;13,0;0,23076923076923078;0,15384615384615385
HJK;UNIDADE INTERNAÇÃO - CLINICA TISIOLÓGICA;2020,0;7,0;1,0;0,0;19,0;0,05263157894736842;0,0
HJK;UNIDADE INTERNAÇÃO - CLINICA TISIOLÓGICA;2020,0;8,0;1,0;1,0;13,0;0,07692307692307693;0,07692307692307693
HJK;UNIDADE INTERNAÇÃO - CLINICA TISIOLÓGICA;2020,0;9,0;0,0;0,0;12,0;0,0;0,0
HJK;UNIDADE INTERNAÇÃO - CLINICA TISIOLÓGICA;2020,0;10,0;0,0;0,0;10,0;0,0;0,0
HJK;UNIDADE INTERNAÇÃO - CLINICA TISIOLÓGICA;2020,0;11,0;2,0;2,0;13,0;0,15384615384615385;0,15384615384615385
HJK;UNIDADE INTERNAÇÃO - CLINICA TISIOLÓGICA;2020,0;12,0;1,0;1,0;17,0;0,058823529411764705;0,058823529411764705
HJK;UNIDADE INTERNAÇÃO - CLINICA TISIOLÓGICA;2021,0;1,0;0,0;0,0;16,0;0,0;0,0
HJK;UNIDADE INTERNAÇÃO - CLINICA TISIOLÓGICA;2021,0;2,0;0,0;0,0;13,0;0,0;0,0
HJK;UNIDADE INTERNAÇÃO - CLINICA TISIOLÓGICA;2021,0;3,0;0,0;0,0;53,0;0,0;0,0
HJK;UNIDADE INTERNAÇÃO - CLINICA TISIOLÓGICA;2021,0;4,0;0,0;0,0;79,0;0,0;0,0
HJK;UNIDADE INTERNAÇÃO - CLINICA TISIOLÓGICA;2021,0;5,0;1,0;1,0;75,0;0,013333333333333334;0,013333333333333334
HJK;UNIDADE INTERNAÇÃO - CLINICA TISIOLÓGICA;2021,0;6,0;2,0;2,0;69,0;0,028985507246376812;0,028985507246376812
HJK;UNIDADE INTERNAÇÃO - CLINICA TISIOLÓGICA;2021,0;7,0;0,0;0,0;14,0;0,0;0,0
HJK;UNIDADE INTERNAÇÃO - CLINICA TISIOLÓGICA;2021,0;8,0;0,0;0,0;11,0;0,0;0,0
HJK;UNIDADE INTERNAÇÃO - CLINICA TISIOLÓGICA;2021,0;9,0;0,0;0,0;18,0;0,0;0,0
HJK;UNIDADE INTERNAÇÃO - CLINICA TISIOLÓGICA;2021,0;10,0;4,0;4,0;19,0;0,21052631578947367;0,21052631578947367
HJK;UNIDADE INTERNAÇÃO - CLINICA TISIOLÓGICA;2021,0;11,0;2,0;2,0;20,0;0,1;0,1
HJK;UNIDADE INTERNAÇÃO - CLINICA TISIOLÓGICA;2021,0;12,0;2,0;2,0;26,0;0,07692307692307693;0,07692307692307693
HJK;UNIDADE INTERNAÇÃO - CLINICA TISIOLÓGICA;2022,0;1,0;3,0;3,0;28,0;0,10714285714285714;0,10714285714285714
HJK;UNIDADE INTERNAÇÃO - CLINICA TISIOLÓGICA;2022,0;2,0;0,0;0,0;23,0;0,0;0,0
HJK;UNIDADE INTERNAÇÃO - CLINICA TISIOLÓGICA;2022,0;3,0;1,0;1,0;15,0;0,06666666666666667;0,06666666666666667
HJK;UNIDADE INTERNAÇÃO - CLINICA TISIOLÓGICA;2022,0;4,0;1,0;1,0;12,0;0,08333333333333333;0,08333333333333333
HJK;UNIDADE INTERNAÇÃO - CLINICA TISIOLÓGICA;2022,0;5,0;1,0;1,0;24,0;0,041666666666666664;0,041666666666666664
HJK;UNIDADE INTERNAÇÃO - CLINICA TISIOLÓGICA;2022,0;6,0;2,0;2,0;15,0;0,13333333333333333;0,13333333333333333
HJK;UNIDADE INTERNAÇÃO - CLINICA TISIOLÓGICA;2022,0;7,0;0,0;0,0;18,0;0,0;0,0
HJK;UNIDADE INTERNAÇÃO - CLINICA TISIOLÓGICA;2022,0;8,0;0,0;0,0;15,0;0,0;0,0
HJK;UNIDADE INTERNAÇÃO - CLINICA TISIOLÓGICA;2022,0;9,0;2,0;2,0;17,0;0,11764705882352941;0,11764705882352941
HJK;UNIDADE INTERNAÇÃO - CLINICA TISIOLÓGICA;2022,0;10,0;2,0;2,0;21,0;0,09523809523809523;0,09523809523809523
HJK;UNIDADE INTERNAÇÃO - CLINICA TISIOLÓGICA;2022,0;11,0;0,0;0,0;13,0;0,0;0,0
HJK;UNIDADE INTERNAÇÃO - CLINICA TISIOLÓGICA;2022,0;12,0;2,0;2,0;25,0;0,08;0,08
HJK;UNIDADE INTERNAÇÃO - CLINICA TISIOLÓGICA;2023,0;1,0;1,0;1,0;20,0;0,05;0,05
HJK;UNIDADE INTERNAÇÃO - CLINICA TISIOLÓGICA;2023,0;2,0;0,0;0,0;17,0;0,0;0,0
HJK;UNIDADE INTERNAÇÃO - CLINICA TISIOLÓGICA;2023,0;3,0;2,0;2,0;28,0;0,07142857142857142;0,07142857142857142
HJK;UNIDADE INTERNAÇÃO - CLINICA TISIOLÓGICA;2023,0;4,0;0,0;0,0;22,0;0,0;0,0
HJK;UNIDADE INTERNAÇÃO - CLINICA TISIOLÓGICA;2023,0;5,0;0,0;0,0;22,0;0,0;0,0
HJK;UNIDADE INTERNAÇÃO - CLINICA TISIOLÓGICA;2023,0;6,0;2,0;2,0;17,0;0,11764705882352941;0,11764705882352941
HJK;UNIDADE INTERNAÇÃO - CLINICA TISIOLÓGICA;2023,0;7,0;1,0;1,0;19,0;0,05263157894736842;0,05263157894736842
HJK;UNIDADE INTERNAÇÃO - CLINICA TISIOLÓGICA;2023,0;8,0;3,0;3,0;31,0;0,0967741935483871;0,0967741935483871
HJK;UNIDADE INTERNAÇÃO - CLINICA TISIOLÓGICA;2023,0;9,0;2,0;2,0;14,0;0,14285714285714285;0,14285714285714285
HJK;UNIDADE INTERNAÇÃO - CLINICA TISIOLÓGICA;2023,0;10,0;1,0;1,0;25,0;0,04;0,04
HJK;UNIDADE INTERNAÇÃO - CLINICA TISIOLÓGICA;2023,0;11,0;1,0;1,0;33,0;0,030303030303030304;0,030303030303030304
HJK;UNIDADE INTERNAÇÃO - CLINICA TISIOLÓGICA;2023,0;12,0;1,0;0,0;20,0;0,05;0,0
HJK;UNIDADE INTERNAÇÃO - CLINICA TISIOLÓGICA;2024,0;1,0;1,0;1,0;24,0;0,041666666666666664;0,041666666666666664
HJK;UNIDADE INTERNAÇÃO - CLINICA TISIOLÓGICA;2024,0;2,0;2,0;2,0;25,0;0,08;0,08
HJK;UNIDADE INTERNAÇÃO - CLINICA TISIOLÓGICA;2024,0;3,0;1,0;1,0;56,0;0,017857142857142856;0,017857142857142856
HJK;UNIDADE INTERNAÇÃO - CLINICA TISIOLÓGICA;2024,0;4,0;2,0;2,0;56,0;0,03571428571428571;0,03571428571428571
HJK;UNIDADE INTERNAÇÃO - CLINICA TISIOLÓGICA;2024,0;5,0;4,0;4,0;58,0;0,06896551724137931;0,06896551724137931
HJK;UNIDADE INTERNAÇÃO - CLINICA TISIOLÓGICA;2024,0;6,0;2,0;2,0;50,0;0,04;0,04
HJK;UNIDADE INTERNAÇÃO - CLINICA TISIOLÓGICA;2024,0;7,0;0,0;0,0;55,0;0,0;0,0
HJK;UNIDADE INTERNAÇÃO - CLINICA TISIOLÓGICA;2024,0;8,0;4,0;4,0;59,0;0,06779661016949153;0,06779661016949153
HJK;UNIDADE INTERNAÇÃO - CLINICA TISIOLÓGICA;2024,0;9,0;2,0;2,0;63,0;0,031746031746031744;0,031746031746031744
HJK;UNIDADE INTERNAÇÃO - CLINICA TISIOLÓGICA;2024,0;10,0;4,0;4,0;72,0;0,05555555555555555;0,05555555555555555
HJK;UNIDADE INTERNAÇÃO - CLINICA TISIOLÓGICA;2024,0;11,0;2,0;2,0;55,0;0,03636363636363636;0,03636363636363636
HJK;UNIDADE INTERNAÇÃO - CLINICA TISIOLÓGICA;2024,0;12,0;1,0;1,0;55,0;0,01818181818181818;0,01818181818181818
HJK;UNIDADE INTERNAÇÃO - CLINICA TISIOLÓGICA;2025,0;1,0;0,0;0,0;41,0;0,0;0,0
HJK;UNIDADE INTERNAÇÃO - CLINICA TISIOLÓGICA;2025,0;2,0;2,0;2,0;50,0;0,04;0,04
HJK;UNIDADE INTERNAÇÃO - CLINICA TISIOLÓGICA;2025,0;3,0;1,0;1,0;51,0;0,0196078431372549;0,0196078431372549
HJK;UNIDADE INTERNAÇÃO - CLINICA TISIOLÓGICA;2025,0;4,0;3,0;3,0;61,0;0,04918032786885246;0,04918032786885246
HJK;UNIDADE INTERNAÇÃO - CLINICA TISIOLÓGICA;2025,0;5,0;2,0;2,0;60,0;0,03333333333333333;0,03333333333333333
HJK;UNIDADE INTERNAÇÃO - CLINICA TISIOLÓGICA;2025,0;6,0;1,0;1,0;48,0;0,020833333333333332;0,020833333333333332
HJK;UNIDADE INTERNAÇÃO - CLINICA TISIOLÓGICA;2025,0;7,0;3,0;3,0;65,0;0,046153846153846156;0,046153846153846156
HJK;UNIDADE INTERNAÇÃO - CLINICA TISIOLÓGICA;2025,0;8,0;2,0;2,0;60,0;0,03333333333333333;0,03333333333333333
HJK;UNIDADE INTERNAÇÃO - CLINICA TISIOLÓGICA;2025,0;9,0;1,0;1,0;67,0;0,014925373134328358;0,014925373134328358
HJK;UNIDADE INTERNAÇÃO - CLINICA TISIOLÓGICA;2025,0;10,0;3,0;3,0;75,0;0,04;0,04
HJK;UNIDADE INTERNAÇÃO - CLINICA TISIOLÓGICA;2025,0;11,0;1,0;1,0;37,0;0,02702702702702703;0,02702702702702703
HJK;UNIDADE INTERNAÇÃO - CLINICA TISIOLÓGICA;2025,0;12,0;1,0;1,0;69,0;0,014492753623188406;0,014492753623188406
HJK;UNIDADE INTERNAÇÃO - CLINICA TISIOLÓGICA;2026,0;1,0;2,0;2,0;48,0;0,041666666666666664;0,041666666666666664
HJK;UNIDADE INTERNAÇÃO - CLINICA TISIOLÓGICA;2026,0;2,0;1,0;1,0;47,0;0,02127659574468085;0,02127659574468085
HJK;UNIDADE URGENCIA/EMERGENCIA;2022,0;5,0;5,0;5,0;50,0;0,1;0,1
HJK;UNIDADE URGENCIA/EMERGENCIA;2022,0;6,0;3,0;3,0;50,0;0,06;0,06
HJK;UNIDADE URGENCIA/EMERGENCIA;2022,0;7,0;6,0;6,0;79,0;0,0759493670886076;0,0759493670886076
HJK;UNIDADE URGENCIA/EMERGENCIA;2022,0;8,0;10,0;7,0;137,0;0,072992700729927;0,051094890510948905
HJK;UNIDADE URGENCIA/EMERGENCIA;2022,0;9,0;4,0;2,0;153,0;0,026143790849673203;0,013071895424836602
HJK;UNIDADE URGENCIA/EMERGENCIA;2022,0;10,0;8,0;6,0;133,0;0,06015037593984962;0,045112781954887216
HJK;UNIDADE URGENCIA/EMERGENCIA;2022,0;11,0;13,0;8,0;130,0;0,1;0,06153846153846154
HJK;UNIDADE URGENCIA/EMERGENCIA;2022,0;12,0;12,0;8,0;134,0;0,08955223880597014;0,05970149253731343
HJK;UNIDADE URGENCIA/EMERGENCIA;2023,0;1,0;6,0;5,0;119,0;0,05042016806722689;0,04201680672268908
HJK;UNIDADE URGENCIA/EMERGENCIA;2023,0;2,0;12,0;8,0;134,0;0,08955223880597014;0,05970149253731343
HJK;UNIDADE URGENCIA/EMERGENCIA;2023,0;3,0;11,0;7,0;185,0;0,05945945945945946;0,03783783783783784
HJK;UNIDADE URGENCIA/EMERGENCIA;2023,0;4,0;8,0;5,0;167,0;0,04790419161676647;0,029940119760479042
HJK;UNIDADE URGENCIA/EMERGENCIA;2023,0;5,0;9,0;6,0;233,0;0,03862660944206009;0,02575107296137339
HJK;UNIDADE URGENCIA/EMERGENCIA;2023,0;6,0;8,0;5,0;181,0;0,04419889502762431;0,027624309392265192
HJK;UNIDADE URGENCIA/EMERGENCIA;2023,0;7,0;12,0;7,0;221,0;0,05429864253393665;0,03167420814479638
HJK;UNIDADE URGENCIA/EMERGENCIA;2023,0;8,0;11,0;5,0;222,0;0,04954954954954955;0,02252252252252252
HJK;UNIDADE URGENCIA/EMERGENCIA;2023,0;9,0;10,0;6,0;189,0;0,05291005291005291;0,031746031746031744
HJK;UNIDADE URGENCIA/EMERGENCIA;2023,0;10,0;11,0;5,0;255,0;0,043137254901960784;0,0196078431372549
HJK;UNIDADE URGENCIA/EMERGENCIA;2023,0;11,0;11,0;8,0;230,0;0,04782608695652174;0,034782608695652174
HJK;UNIDADE URGENCIA/EMERGENCIA;2023,0;12,0;9,0;6,0;233,0;0,03862660944206009;0,02575107296137339
HJK;UNIDADE URGENCIA/EMERGENCIA;2024,0;1,0;12,0;4,0;223,0;0,053811659192825115;0,017937219730941704
HJK;UNIDADE URGENCIA/EMERGENCIA;2024,0;2,0;15,0;9,0;314,0;0,04777070063694268;0,028662420382165606
HJK;UNIDADE URGENCIA/EMERGENCIA;2024,0;3,0;11,0;6,0;395,0;0,027848101265822784;0,015189873417721518
HJK;UNIDADE URGENCIA/EMERGENCIA;2024,0;4,0;11,0;5,0;313,0;0,03514376996805112;0,01597444089456869
HJK;UNIDADE URGENCIA/EMERGENCIA;2024,0;5,0;14,0;7,0;306,0;0,0457516339869281;0,02287581699346405
HJK;UNIDADE URGENCIA/EMERGENCIA;2024,0;6,0;9,0;2,0;247,0;0,03643724696356275;0,008097165991902834
HJK;UNIDADE URGENCIA/EMERGENCIA;2024,0;7,0;9,0;5,0;232,0;0,03879310344827586;0,021551724137931036
HJK;UNIDADE URGENCIA/EMERGENCIA;2024,0;8,0;12,0;6,0;217,0;0,055299539170506916;0,027649769585253458
HJK;UNIDADE URGENCIA/EMERGENCIA;2024,0;9,0;11,0;6,0;226,0;0,048672566371681415;0,02654867256637168
HJK;UNIDADE URGENCIA/EMERGENCIA;2024,0;10,0;15,0;8,0;220,0;0,06818181818181818;0,03636363636363636
HJK;UNIDADE URGENCIA/EMERGENCIA;2024,0;11,0;17,0;9,0;193,0;0,08808290155440414;0,046632124352331605
HJK;UNIDADE URGENCIA/EMERGENCIA;2024,0;12,0;20,0;9,0;231,0;0,08658008658008658;0,03896103896103896
HJK;UNIDADE URGENCIA/EMERGENCIA;2025,0;1,0;18,0;13,0;252,0;0,07142857142857142;0,051587301587301584
HJK;UNIDADE URGENCIA/EMERGENCIA;2025,0;2,0;13,0;7,0;210,0;0,06190476190476191;0,03333333333333333
HJK;UNIDADE URGENCIA/EMERGENCIA;2025,0;3,0;6,0;4,0;261,0;0,022988505747126436;0,01532567049808429
HJK;UNIDADE URGENCIA/EMERGENCIA;2025,0;4,0;11,0;6,0;249,0;0,04417670682730924;0,024096385542168676
HJK;UNIDADE URGENCIA/EMERGENCIA;2025,0;5,0;20,0;10,0;244,0;0,08196721311475409;0,040983606557377046
HJK;UNIDADE URGENCIA/EMERGENCIA;2025,0;6,0;11,0;5,0;245,0;0,044897959183673466;0,02040816326530612
HJK;UNIDADE URGENCIA/EMERGENCIA;2025,0;7,0;11,0;2,0;236,0;0,046610169491525424;0,00847457627118644
HJK;UNIDADE URGENCIA/EMERGENCIA;2025,0;8,0;14,0;4,0;264,0;0,05303030303030303;0,015151515151515152
HJK;UNIDADE URGENCIA/EMERGENCIA;2025,0;9,0;11,0;6,0;240,0;0,04583333333333333;0,025
HJK;UNIDADE URGENCIA/EMERGENCIA;2025,0;10,0;15,0;8,0;242,0;0,06198347107438017;0,03305785123966942
HJK;UNIDADE URGENCIA/EMERGENCIA;2025,0;11,0;16,0;10,0;226,0;0,07079646017699115;0,04424778761061947
HJK;UNIDADE URGENCIA/EMERGENCIA;2025,0;12,0;12,0;6,0;238,0;0,05042016806722689;0,025210084033613446
HJK;UNIDADE URGENCIA/EMERGENCIA;2026,0;1,0;19,0;8,0;243,0;0,07818930041152264;0,03292181069958848
HJK;UNIDADE URGENCIA/EMERGENCIA;2026,0;2,0;7,0;3,0;210,0;0,03333333333333333;0,014285714285714285
HJK;UNIDADE URGENCIA/EMERGENCIA CLÍNICA MÉDICA - INTERNAÇÃO;2020,0;1,0;0,0;0,0;7,0;0,0;0,0
HJK;UNIDADE URGENCIA/EMERGENCIA CLÍNICA MÉDICA - INTERNAÇÃO;2020,0;2,0;1,0;1,0;59,0;0,01694915254237288;0,01694915254237288
HJK;UNIDADE URGENCIA/EMERGENCIA CLÍNICA MÉDICA - INTERNAÇÃO;2020,0;3,0;0,0;0,0;50,0;0,0;0,0
HJK;UNIDADE URGENCIA/EMERGENCIA CLÍNICA MÉDICA - INTERNAÇÃO;2020,0;4,0;1,0;1,0;33,0;0,030303030303030304;0,030303030303030304
HJK;UNIDADE URGENCIA/EMERGENCIA CLÍNICA MÉDICA - INTERNAÇÃO;2020,0;5,0;1,0;1,0;45,0;0,022222222222222223;0,022222222222222223
HJK;UNIDADE URGENCIA/EMERGENCIA CLÍNICA MÉDICA - INTERNAÇÃO;2020,0;6,0;2,0;2,0;36,0;0,05555555555555555;0,05555555555555555
HJK;UTI - ADULTO;2022,0;5,0;4,0;4,0;5,0;0,8;0,8
HJK;UTI - ADULTO;2022,0;6,0;15,0;12,0;19,0;0,7894736842105263;0,631578947368421
HJK;UTI - ADULTO;2022,0;7,0;14,0;14,0;18,0;0,7777777777777778;0,7777777777777778
HJK;UTI - ADULTO;2022,0;8,0;8,0;8,0;10,0;0,8;0,8
HJK;UTI - ADULTO;2022,0;9,0;3,0;3,0;9,0;0,3333333333333333;0,3333333333333333
HJK;UTI - ADULTO;2022,0;10,0;10,0;10,0;13,0;0,7692307692307693;0,7692307692307693
HJK;UTI - ADULTO;2022,0;11,0;9,0;9,0;11,0;0,8181818181818182;0,8181818181818182
HJK;UTI - ADULTO;2022,0;12,0;4,0;4,0;6,0;0,6666666666666666;0,6666666666666666
HJK;UTI - ADULTO;2023,0;1,0;11,0;11,0;12,0;0,9166666666666666;0,9166666666666666
HJK;UTI - ADULTO;2023,0;2,0;14,0;14,0;16,0;0,875;0,875
HJK;UTI - ADULTO;2023,0;3,0;8,0;8,0;11,0;0,7272727272727273;0,7272727272727273
HJK;UTI - ADULTO;2023,0;4,0;9,0;8,0;15,0;0,6;0,5333333333333333
HJK;UTI - ADULTO;2023,0;5,0;18,0;18,0;24,0;0,75;0,75
HJK;UTI - ADULTO;2023,0;6,0;18,0;16,0;28,0;0,6428571428571429;0,5714285714285714
HJK;UTI - ADULTO;2023,0;7,0;15,0;15,0;18,0;0,8333333333333334;0,8333333333333334
HJK;UTI - ADULTO;2023,0;8,0;27,0;27,0;31,0;0,8709677419354839;0,8709677419354839
HJK;UTI - ADULTO;2023,0;9,0;24,0;22,0;26,0;0,9230769230769231;0,8461538461538461
HJK;UTI - ADULTO;2023,0;10,0;23,0;23,0;31,0;0,7419354838709677;0,7419354838709677
HJK;UTI - ADULTO;2023,0;11,0;24,0;23,0;37,0;0,6486486486486487;0,6216216216216216
HJK;UTI - ADULTO;2023,0;12,0;30,0;28,0;40,0;0,75;0,7
HJK;UTI - ADULTO;2024,0;1,0;18,0;17,0;28,0;0,6428571428571429;0,6071428571428571
HJK;UTI - ADULTO;2024,0;2,0;26,0;25,0;33,0;0,7878787878787878;0,7575757575757576
HJK;UTI - ADULTO;2024,0;3,0;28,0;26,0;35,0;0,8;0,7428571428571429
HJK;UTI - ADULTO;2024,0;4,0;20,0;19,0;27,0;0,7407407407407407;0,7037037037037037
HJK;UTI - ADULTO;2024,0;5,0;33,0;33,0;41,0;0,8048780487804879;0,8048780487804879
HJK;UTI - ADULTO;2024,0;6,0;32,0;26,0;38,0;0,8421052631578947;0,6842105263157895
HJK;UTI - ADULTO;2024,0;7,0;23,0;22,0;37,0;0,6216216216216216;0,5945945945945946
HJK;UTI - ADULTO;2024,0;8,0;27,0;26,0;40,0;0,675;0,65
HJK;UTI - ADULTO;2024,0;9,0;21,0;21,0;34,0;0,6176470588235294;0,6176470588235294
HJK;UTI - ADULTO;2024,0;10,0;24,0;23,0;40,0;0,6;0,575
HJK;UTI - ADULTO;2024,0;11,0;17,0;16,0;28,0;0,6071428571428571;0,5714285714285714
HJK;UTI - ADULTO;2024,0;12,0;36,0;36,0;49,0;0,7346938775510204;0,7346938775510204
HJK;UTI - ADULTO;2025,0;1,0;24,0;23,0;32,0;0,75;0,71875
HJK;UTI - ADULTO;2025,0;2,0;23,0;23,0;31,0;0,7419354838709677;0,7419354838709677
HJK;UTI - ADULTO;2025,0;3,0;24,0;21,0;39,0;0,6153846153846154;0,5384615384615384
HJK;UTI - ADULTO;2025,0;4,0;22,0;22,0;27,0;0,8148148148148148;0,8148148148148148
HJK;UTI - ADULTO;2025,0;5,0;33,0;32,0;36,0;0,9166666666666666;0,8888888888888888
HJK;UTI - ADULTO;2025,0;6,0;34,0;33,0;45,0;0,7555555555555555;0,7333333333333333
HJK;UTI - ADULTO;2025,0;7,0;48,0;47,0;53,0;0,9056603773584906;0,8867924528301887
HJK;UTI - ADULTO;2025,0;8,0;31,0;29,0;39,0;0,7948717948717948;0,7435897435897436
HJK;UTI - ADULTO;2025,0;9,0;32,0;30,0;44,0;0,7272727272727273;0,6818181818181818
HJK;UTI - ADULTO;2025,0;10,0;33,0;33,0;50,0;0,66;0,66
HJK;UTI - ADULTO;2025,0;11,0;37,0;37,0;58,0;0,6379310344827587;0,6379310344827587
HJK;UTI - ADULTO;2025,0;12,0;41,0;38,0;56,0;0,7321428571428571;0,6785714285714286
HJK;UTI - ADULTO;2026,0;1,0;32,0;31,0;44,0;0,7272727272727273;0,7045454545454546
HJK;UTI - ADULTO;2026,0;2,0;37,0;34,0;49,0;0,7551020408163265;0,6938775510204082
HJK;UTI - ADULTO;2026,0;3,0;40,0;39,0;47,0;0,851063829787234;0,8297872340425532
HJK;UTI - ADULTO;2026,0;4,0;35,0;35,0;49,0;0,7142857142857143;0,7142857142857143
HJK;UTI - ADULTO;2026,0;5,0;37,0;37,0;48,0;0,7708333333333334;0,7708333333333334
HJK;UTI - ADULTO;2026,0;6,0;21,0;21,0;31,0;0,6774193548387096;0,6774193548387096
HJK;UTI - ADULTO;2026,0;7,0;33,0;32,0;49,0;0,673469387755102;0,6530612244897959
HJK;UTI - ADULTO;2026,0;8,0;37,0;37,0;57,0;0,6491228070175439;0,6491228070175439
HJK;UTI - ADULTO COVID-19 (CTI 03);2021,0;4,0;3,0;3,0;3,0;1,0;1,0
HJK;UTI - ADULTO COVID-19 (CTI 03);2021,0;5,0;2,0;2,0;2,0;1,0;1,0
HJK;UTI - ADULTO COVID-19 (CTI 03);2021,0;7,0;1,0;1,0;14,0;0,07142857142857142;0,07142857142857142
HJK;UTI - ADULTO COVID-19 (CTI 03);2021,0;10,0;1,0;1,0;1,0;1,0;1,0
HJK;UTI - NEONATAL;2022,0;6,0;0,0;0,0;5,0;0,0;0,0
HJK;UTI - NEONATAL;2022,0;7,0;1,0;1,0;5,0;0,2;0,2
HJK;UTI - NEONATAL;2022,0;8,0;2,0;2,0;3,0;0,6666666666666666;0,6666666666666666
HJK;UTI - NEONATAL;2022,0;10,0;2,0;1,0;3,0;0,6666666666666666;0,3333333333333333
HJK;UTI - NEONATAL;2022,0;11,0;0,0;0,0;3,0;0,0;0,0
HJK;UTI - NEONATAL;2022,0;12,0;3,0;2,0;5,0;0,6;0,4
HJK;UTI - NEONATAL;2023,0;1,0;3,0;2,0;6,0;0,5;0,3333333333333333
HJK;UTI - NEONATAL;2023,0;2,0;0,0;0,0;2,0;0,0;0,0
HJK;UTI - NEONATAL;2023,0;3,0;0,0;0,0;1,0;0,0;0,0
HJK;UTI - NEONATAL;2023,0;4,0;2,0;1,0;3,0;0,6666666666666666;0,3333333333333333
HJK;UTI - NEONATAL;2023,0;5,0;1,0;1,0;1,0;1,0;1,0
HJK;UTI - NEONATAL;2023,0;6,0;4,0;3,0;4,0;1,0;0,75
HJK;UTI - NEONATAL;2023,0;7,0;1,0;1,0;2,0;0,5;0,5
HJK;UTI - NEONATAL;2023,0;8,0;1,0;1,0;1,0;1,0;1,0
HJK;UTI - NEONATAL;2023,0;9,0;0,0;0,0;2,0;0,0;0,0
HJK;UTI - NEONATAL;2023,0;11,0;1,0;1,0;2,0;0,5;0,5
HJK;UTI - NEONATAL;2023,0;12,0;2,0;2,0;2,0;1,0;1,0
HJK;UTI - NEONATAL;2024,0;2,0;0,0;0,0;2,0;0,0;0,0
HJK;UTI - NEONATAL;2024,0;3,0;1,0;1,0;1,0;1,0;1,0
HJK;UTI - NEONATAL;2024,0;4,0;1,0;1,0;4,0;0,25;0,25
HJK;UTI - NEONATAL;2024,0;5,0;4,0;4,0;7,0;0,5714285714285714;0,5714285714285714
HJK;UTI - NEONATAL;2024,0;6,0;5,0;3,0;7,0;0,7142857142857143;0,42857142857142855
HJK;UTI - NEONATAL;2024,0;7,0;3,0;3,0;3,0;1,0;1,0
HJK;UTI - NEONATAL;2024,0;8,0;2,0;0,0;3,0;0,6666666666666666;0,0
HJK;UTI - NEONATAL;2024,0;9,0;1,0;1,0;3,0;0,3333333333333333;0,3333333333333333
HJK;UTI - NEONATAL;2024,0;10,0;3,0;3,0;4,0;0,75;0,75
HJK;UTI - NEONATAL;2024,0;11,0;0,0;0,0;1,0;0,0;0,0
HJK;UTI - NEONATAL;2024,0;12,0;0,0;0,0;3,0;0,0;0,0
HJK;UTI - NEONATAL;2025,0;1,0;3,0;2,0;3,0;1,0;0,6666666666666666
HJK;UTI - NEONATAL;2025,0;2,0;1,0;1,0;2,0;0,5;0,5
HJK;UTI - NEONATAL;2025,0;3,0;2,0;2,0;6,0;0,3333333333333333;0,3333333333333333
HJK;UTI - NEONATAL;2025,0;4,0;2,0;2,0;2,0;1,0;1,0
HJK;UTI - NEONATAL;2025,0;5,0;2,0;2,0;18,0;0,1111111111111111;0,1111111111111111
HJK;UTI - NEONATAL;2025,0;6,0;1,0;1,0;14,0;0,07142857142857142;0,07142857142857142
HJK;UTI - NEONATAL;2025,0;7,0;1,0;1,0;18,0;0,05555555555555555;0,05555555555555555
HJK;UTI - NEONATAL;2025,0;8,0;3,0;3,0;4,0;0,75;0,75
HJK;UTI - NEONATAL;2025,0;9,0;2,0;2,0;5,0;0,4;0,4
HJK;UTI - NEONATAL;2025,0;10,0;1,0;1,0;1,0;1,0;1,0
HJK;UTI - NEONATAL;2025,0;11,0;1,0;1,0;3,0;0,3333333333333333;0,3333333333333333
HJK;UTI - NEONATAL;2025,0;12,0;1,0;0,0;4,0;0,25;0,0
HJK;UTI - NEONATAL;2026,0;1,0;0,0;0,0;3,0;0,0;0,0
HJK;UTI - NEONATAL;2026,0;2,0;0,0;0,0;1,0;0,0;0,0
HJK;UTI - NEONATAL;2026,0;3,0;2,0;2,0;6,0;0,3333333333333333;0,3333333333333333
HJK;UTI - NEONATAL;2026,0;4,0;1,0;1,0;1,0;1,0;1,0
HJK;UTI - NEONATAL;2026,0;6,0;1,0;1,0;5,0;0,2;0,2
HJK;UTI - NEONATAL;2026,0;7,0;1,0;1,0;1,0;1,0;1,0
HJK;UTI - NEONATAL;2026,0;8,0;2,0;1,0;5,0;0,4;0,2
HJK;UTI - NEONATAL E PEDIATRICO UTIN E UCIN;2019,0;1,0;1,0;0,0;5,0;0,2;0,0
HJK;UTI - NEONATAL E PEDIATRICO UTIN E UCIN;2019,0;2,0;2,0;2,0;10,0;0,2;0,2
HJK;UTI - NEONATAL E PEDIATRICO UTIN E UCIN;2019,0;3,0;0,0;0,0;14,0;0,0;0,0
HJK;UTI - NEONATAL E PEDIATRICO UTIN E UCIN;2019,0;4,0;3,0;3,0;12,0;0,25;0,25
HJK;UTI - NEONATAL E PEDIATRICO UTIN E UCIN;2019,0;5,0;3,0;3,0;13,0;0,23076923076923078;0,23076923076923078
HJK;UTI - NEONATAL E PEDIATRICO UTIN E UCIN;2019,0;6,0;2,0;2,0;14,0;0,14285714285714285;0,14285714285714285
HJK;UTI - NEONATAL E PEDIATRICO UTIN E UCIN;2019,0;7,0;0,0;0,0;8,0;0,0;0,0
HJK;UTI - NEONATAL E PEDIATRICO UTIN E UCIN;2019,0;8,0;1,0;1,0;3,0;0,3333333333333333;0,3333333333333333
HJK;UTI - NEONATAL E PEDIATRICO UTIN E UCIN;2019,0;9,0;3,0;1,0;8,0;0,375;0,125
HJK;UTI - NEONATAL E PEDIATRICO UTIN E UCIN;2019,0;10,0;2,0;2,0;7,0;0,2857142857142857;0,2857142857142857
HJK;UTI - NEONATAL E PEDIATRICO UTIN E UCIN;2019,0;11,0;2,0;1,0;8,0;0,25;0,125
HJK;UTI - NEONATAL E PEDIATRICO UTIN E UCIN;2019,0;12,0;2,0;2,0;4,0;0,5;0,5
HJK;UTI - NEONATAL E PEDIATRICO UTIN E UCIN;2020,0;1,0;0,0;0,0;7,0;0,0;0,0
HJK;UTI - NEONATAL E PEDIATRICO UTIN E UCIN;2020,0;2,0;1,0;0,0;8,0;0,125;0,0
HJK;UTI - NEONATAL E PEDIATRICO UTIN E UCIN;2020,0;3,0;0,0;0,0;8,0;0,0;0,0
HJK;UTI - NEONATAL E PEDIATRICO UTIN E UCIN;2020,0;4,0;1,0;1,0;9,0;0,1111111111111111;0,1111111111111111
HJK;UTI - NEONATAL E PEDIATRICO UTIN E UCIN;2020,0;5,0;1,0;0,0;9,0;0,1111111111111111;0,0
HJK;UTI - NEONATAL E PEDIATRICO UTIN E UCIN;2020,0;6,0;0,0;0,0;6,0;0,0;0,0
HJK;UTI - NEONATAL E PEDIATRICO UTIN E UCIN;2020,0;7,0;1,0;1,0;13,0;0,07692307692307693;0,07692307692307693
HJK;UTI - NEONATAL E PEDIATRICO UTIN E UCIN;2020,0;8,0;3,0;3,0;10,0;0,3;0,3
HJK;UTI - NEONATAL E PEDIATRICO UTIN E UCIN;2020,0;9,0;1,0;1,0;11,0;0,09090909090909091;0,09090909090909091
HJK;UTI - NEONATAL E PEDIATRICO UTIN E UCIN;2020,0;10,0;2,0;2,0;4,0;0,5;0,5
HJK;UTI - NEONATAL E PEDIATRICO UTIN E UCIN;2020,0;11,0;1,0;1,0;11,0;0,09090909090909091;0,09090909090909091
HJK;UTI - NEONATAL E PEDIATRICO UTIN E UCIN;2020,0;12,0;1,0;1,0;8,0;0,125;0,125
HJK;UTI - NEONATAL E PEDIATRICO UTIN E UCIN;2021,0;1,0;2,0;2,0;8,0;0,25;0,25
HJK;UTI - NEONATAL E PEDIATRICO UTIN E UCIN;2021,0;2,0;3,0;1,0;8,0;0,375;0,125
HJK;UTI - NEONATAL E PEDIATRICO UTIN E UCIN;2021,0;3,0;3,0;2,0;17,0;0,17647058823529413;0,11764705882352941
HJK;UTI - NEONATAL E PEDIATRICO UTIN E UCIN;2021,0;4,0;0,0;0,0;11,0;0,0;0,0
HJK;UTI - NEONATAL E PEDIATRICO UTIN E UCIN;2021,0;5,0;1,0;1,0;13,0;0,07692307692307693;0,07692307692307693
HJK;UTI - NEONATAL E PEDIATRICO UTIN E UCIN;2021,0;6,0;0,0;0,0;7,0;0,0;0,0
HJK;UTI - NEONATAL E PEDIATRICO UTIN E UCIN;2021,0;7,0;2,0;2,0;11,0;0,18181818181818182;0,18181818181818182
HJK;UTI - NEONATAL E PEDIATRICO UTIN E UCIN;2021,0;8,0;2,0;1,0;14,0;0,14285714285714285;0,07142857142857142
HJK;UTI - NEONATAL E PEDIATRICO UTIN E UCIN;2021,0;9,0;0,0;0,0;4,0;0,0;0,0
HJK;UTI - NEONATAL E PEDIATRICO UTIN E UCIN;2021,0;10,0;2,0;1,0;11,0;0,18181818181818182;0,09090909090909091
HJK;UTI - NEONATAL E PEDIATRICO UTIN E UCIN;2021,0;11,0;1,0;1,0;8,0;0,125;0,125
HJK;UTI - NEONATAL E PEDIATRICO UTIN E UCIN;2021,0;12,0;1,0;1,0;11,0;0,09090909090909091;0,09090909090909091
HJK;UTI - NEONATAL E PEDIATRICO UTIN E UCIN;2022,0;1,0;3,0;2,0;9,0;0,3333333333333333;0,2222222222222222
HJK;UTI - NEONATAL E PEDIATRICO UTIN E UCIN;2022,0;2,0;0,0;0,0;8,0;0,0;0,0
HJK;UTI - NEONATAL E PEDIATRICO UTIN E UCIN;2022,0;3,0;3,0;2,0;13,0;0,23076923076923078;0,15384615384615385
HJK;UTI - NEONATAL E PEDIATRICO UTIN E UCIN;2022,0;4,0;2,0;1,0;8,0;0,25;0,125
HJK;UTI - NEONATAL E PEDIATRICO UTIN E UCIN;2022,0;5,0;5,0;3,0;17,0;0,29411764705882354;0,17647058823529413
HJK;UTI COVID-19;2020,0;7,0;32,0;30,0;36,0;0,8888888888888888;0,8333333333333334
HJK;UTI COVID-19;2020,0;8,0;34,0;32,0;41,0;0,8292682926829268;0,7804878048780488
HJK;UTI COVID-19;2020,0;9,0;23,0;22,0;26,0;0,8846153846153846;0,8461538461538461
HJK;UTI COVID-19;2020,0;10,0;24,0;22,0;26,0;0,9230769230769231;0,8461538461538461
HJK;UTI COVID-19;2020,0;11,0;12,0;10,0;18,0;0,6666666666666666;0,5555555555555556
HJK;UTI COVID-19;2020,0;12,0;23,0;22,0;35,0;0,6571428571428571;0,6285714285714286
HJK;UTI COVID-19;2021,0;1,0;26,0;26,0;31,0;0,8387096774193549;0,8387096774193549
HJK;UTI COVID-19;2021,0;2,0;30,0;30,0;34,0;0,8823529411764706;0,8823529411764706
HJK;UTI COVID-19;2021,0;3,0;41,0;40,0;43,0;0,9534883720930233;0,9302325581395349
HJK;UTI COVID-19;2021,0;4,0;45,0;41,0;50,0;0,9;0,82
HJK;UTI COVID-19;2021,0;5,0;26,0;25,0;26,0;1,0;0,9615384615384616
HJK;UTI COVID-19;2021,0;6,0;36,0;35,0;39,0;0,9230769230769231;0,8974358974358975
HJK;UTI COVID-19;2021,0;7,0;17,0;15,0;21,0;0,8095238095238095;0,7142857142857143
HJK;UTI COVID-19;2021,0;8,0;16,0;15,0;20,0;0,8;0,75
HJK;UTI COVID-19;2021,0;9,0;10,0;10,0;13,0;0,7692307692307693;0,7692307692307693
HJK;UTI COVID-19;2021,0;10,0;14,0;14,0;16,0;0,875;0,875
HJK;UTI COVID-19;2021,0;11,0;11,0;11,0;17,0;0,6470588235294118;0,6470588235294118
HJK;UTI COVID-19;2021,0;12,0;16,0;16,0;20,0;0,8;0,8
HJK;UTI COVID-19;2022,0;1,0;13,0;10,0;20,0;0,65;0,5
HJK;UTI COVID-19;2022,0;2,0;11,0;10,0;12,0;0,9166666666666666;0,8333333333333334
HJK;UTI COVID-19;2022,0;3,0;8,0;8,0;8,0;1,0;1,0
HJK;UTI COVID-19;2022,0;4,0;10,0;9,0;14,0;0,7142857142857143;0,6428571428571429
HJK;UTI COVID-19;2022,0;5,0;8,0;8,0;11,0;0,7272727272727273;0,7272727272727273
HJK;UTI CTI;2019,0;1,0;20,0;19,0;21,0;0,9523809523809523;0,9047619047619048
HJK;UTI CTI;2019,0;2,0;17,0;16,0;18,0;0,9444444444444444;0,8888888888888888
HJK;UTI CTI;2019,0;3,0;15,0;15,0;16,0;0,9375;0,9375
HJK;UTI CTI;2019,0;4,0;14,0;13,0;18,0;0,7777777777777778;0,7222222222222222
HJK;UTI CTI;2019,0;5,0;11,0;11,0;14,0;0,7857142857142857;0,7857142857142857
HJK;UTI CTI;2019,0;6,0;16,0;15,0;18,0;0,8888888888888888;0,8333333333333334
HJK;UTI CTI;2019,0;7,0;17,0;17,0;24,0;0,7083333333333334;0,7083333333333334
HJK;UTI CTI;2019,0;8,0;13,0;13,0;16,0;0,8125;0,8125
HJK;UTI CTI;2019,0;9,0;15,0;15,0;16,0;0,9375;0,9375
HJK;UTI CTI;2019,0;10,0;26,0;21,0;29,0;0,896551724137931;0,7241379310344828
HJK;UTI CTI;2019,0;11,0;19,0;18,0;24,0;0,7916666666666666;0,75
HJK;UTI CTI;2019,0;12,0;14,0;14,0;15,0;0,9333333333333333;0,9333333333333333
HJK;UTI CTI;2020,0;1,0;13,0;13,0;23,0;0,5652173913043478;0,5652173913043478
HJK;UTI CTI;2020,0;2,0;17,0;17,0;19,0;0,8947368421052632;0,8947368421052632
HJK;UTI CTI;2020,0;3,0;17,0;17,0;25,0;0,68;0,68
HJK;UTI CTI;2020,0;4,0;16,0;16,0;21,0;0,7619047619047619;0,7619047619047619
HJK;UTI CTI;2020,0;5,0;11,0;11,0;17,0;0,6470588235294118;0,6470588235294118
HJK;UTI CTI;2020,0;6,0;12,0;10,0;14,0;0,8571428571428571;0,7142857142857143
HJK;UTI CTI;2020,0;7,0;3,0;3,0;5,0;0,6;0,6
HJK;UTI CTI;2020,0;8,0;3,0;3,0;4,0;0,75;0,75
HJK;UTI CTI;2020,0;9,0;7,0;7,0;8,0;0,875;0,875
HJK;UTI CTI;2020,0;10,0;11,0;9,0;12,0;0,9166666666666666;0,75
HJK;UTI CTI;2020,0;11,0;4,0;4,0;7,0;0,5714285714285714;0,5714285714285714
HJK;UTI CTI;2020,0;12,0;8,0;8,0;9,0;0,8888888888888888;0,8888888888888888
HJK;UTI CTI;2021,0;1,0;9,0;9,0;11,0;0,8181818181818182;0,8181818181818182
HJK;UTI CTI;2021,0;2,0;11,0;10,0;11,0;1,0;0,9090909090909091
HJK;UTI CTI;2021,0;3,0;18,0;16,0;18,0;1,0;0,8888888888888888
HJK;UTI CTI;2021,0;4,0;11,0;11,0;11,0;1,0;1,0
HJK;UTI CTI;2021,0;5,0;6,0;6,0;6,0;1,0;1,0
HJK;UTI CTI;2021,0;6,0;7,0;7,0;9,0;0,7777777777777778;0,7777777777777778
HJK;UTI CTI;2021,0;7,0;9,0;9,0;11,0;0,8181818181818182;0,8181818181818182
HJK;UTI CTI;2021,0;8,0;5,0;5,0;7,0;0,7142857142857143;0,7142857142857143
HJK;UTI CTI;2021,0;9,0;10,0;9,0;14,0;0,7142857142857143;0,6428571428571429
HJK;UTI CTI;2021,0;10,0;5,0;5,0;7,0;0,7142857142857143;0,7142857142857143
HJK;UTI CTI;2021,0;11,0;6,0;6,0;7,0;0,8571428571428571;0,8571428571428571
HJK;UTI CTI;2021,0;12,0;8,0;8,0;8,0;1,0;1,0
HJK;UTI CTI;2022,0;1,0;7,0;7,0;8,0;0,875;0,875
HJK;UTI CTI;2022,0;2,0;12,0;12,0;15,0;0,8;0,8
HJK;UTI CTI;2022,0;3,0;8,0;7,0;10,0;0,8;0,7
HJK;UTI CTI;2022,0;4,0;4,0;4,0;4,0;1,0;1,0
HJK;UTI CTI;2022,0;5,0;1,0;0,0;1,0;1,0;0,0
HJXXIII;AMBULATORIO - RETORNOS;2021,0;3,0;0,0;0,0;1,0;0,0;0,0
HJXXIII;AMBULATORIO - RETORNOS;2021,0;8,0;0,0;0,0;1,0;0,0;0,0
HJXXIII;AMBULATORIO - RETORNOS;2021,0;12,0;0,0;0,0;1,0;0,0;0,0
HJXXIII;AMBULATORIO - RETORNOS;2022,0;7,0;0,0;0,0;1,0;0,0;0,0
HJXXIII;BLOCO CIRURGICO;2019,0;1,0;1,0;1,0;16,0;0,0625;0,0625
HJXXIII;BLOCO CIRURGICO;2019,0;2,0;2,0;1,0;11,0;0,18181818181818182;0,09090909090909091
HJXXIII;BLOCO CIRURGICO;2019,0;3,0;2,0;1,0;19,0;0,10526315789473684;0,05263157894736842
HJXXIII;BLOCO CIRURGICO;2019,0;4,0;6,0;4,0;26,0;0,23076923076923078;0,15384615384615385
HJXXIII;BLOCO CIRURGICO;2019,0;5,0;3,0;3,0;33,0;0,09090909090909091;0,09090909090909091
HJXXIII;BLOCO CIRURGICO;2019,0;6,0;1,0;0,0;20,0;0,05;0,0
HJXXIII;BLOCO CIRURGICO;2019,0;7,0;5,0;3,0;27,0;0,18518518518518517;0,1111111111111111
HJXXIII;BLOCO CIRURGICO;2019,0;8,0;0,0;0,0;14,0;0,0;0,0
HJXXIII;BLOCO CIRURGICO;2019,0;9,0;3,0;3,0;13,0;0,23076923076923078;0,23076923076923078
HJXXIII;BLOCO CIRURGICO;2019,0;10,0;1,0;1,0;25,0;0,04;0,04
HJXXIII;BLOCO CIRURGICO;2019,0;11,0;2,0;1,0;24,0;0,08333333333333333;0,041666666666666664
HJXXIII;BLOCO CIRURGICO;2019,0;12,0;2,0;1,0;31,0;0,06451612903225806;0,03225806451612903
HJXXIII;BLOCO CIRURGICO;2020,0;1,0;1,0;1,0;28,0;0,03571428571428571;0,03571428571428571
HJXXIII;BLOCO CIRURGICO;2020,0;2,0;2,0;1,0;24,0;0,08333333333333333;0,041666666666666664
HJXXIII;BLOCO CIRURGICO;2020,0;3,0;0,0;0,0;21,0;0,0;0,0
HJXXIII;BLOCO CIRURGICO;2020,0;4,0;4,0;4,0;12,0;0,3333333333333333;0,3333333333333333
HJXXIII;BLOCO CIRURGICO;2020,0;5,0;3,0;2,0;17,0;0,17647058823529413;0,11764705882352941
HJXXIII;BLOCO CIRURGICO;2020,0;6,0;2,0;2,0;35,0;0,05714285714285714;0,05714285714285714
HJXXIII;BLOCO CIRURGICO;2020,0;7,0;2,0;1,0;33,0;0,06060606060606061;0,030303030303030304
HJXXIII;BLOCO CIRURGICO;2020,0;8,0;3,0;1,0;36,0;0,08333333333333333;0,027777777777777776
HJXXIII;BLOCO CIRURGICO;2020,0;9,0;0,0;0,0;41,0;0,0;0,0
HJXXIII;BLOCO CIRURGICO;2020,0;10,0;4,0;1,0;38,0;0,10526315789473684;0,02631578947368421
HJXXIII;BLOCO CIRURGICO;2020,0;11,0;0,0;0,0;34,0;0,0;0,0
HJXXIII;BLOCO CIRURGICO;2020,0;12,0;3,0;0,0;27,0;0,1111111111111111;0,0
HJXXIII;BLOCO CIRURGICO;2021,0;1,0;5,0;2,0;40,0;0,125;0,05
HJXXIII;BLOCO CIRURGICO;2021,0;2,0;3,0;1,0;34,0;0,08823529411764706;0,029411764705882353
HJXXIII;BLOCO CIRURGICO;2021,0;3,0;3,0;3,0;41,0;0,07317073170731707;0,07317073170731707
HJXXIII;BLOCO CIRURGICO;2021,0;4,0;1,0;1,0;31,0;0,03225806451612903;0,03225806451612903
HJXXIII;BLOCO CIRURGICO;2021,0;5,0;2,0;2,0;40,0;0,05;0,05
HJXXIII;BLOCO CIRURGICO;2021,0;6,0;5,0;3,0;46,0;0,10869565217391304;0,06521739130434782
HJXXIII;BLOCO CIRURGICO;2021,0;7,0;8,0;5,0;49,0;0,16326530612244897;0,10204081632653061
HJXXIII;BLOCO CIRURGICO;2021,0;8,0;1,0;1,0;43,0;0,023255813953488372;0,023255813953488372
HJXXIII;BLOCO CIRURGICO;2021,0;9,0;2,0;2,0;39,0;0,05128205128205128;0,05128205128205128
HJXXIII;BLOCO CIRURGICO;2021,0;10,0;3,0;3,0;43,0;0,06976744186046512;0,06976744186046512
HJXXIII;BLOCO CIRURGICO;2021,0;11,0;2,0;2,0;46,0;0,043478260869565216;0,043478260869565216
HJXXIII;BLOCO CIRURGICO;2021,0;12,0;5,0;1,0;77,0;0,06493506493506493;0,012987012987012988
HJXXIII;BLOCO CIRURGICO;2022,0;1,0;1,0;0,0;46,0;0,021739130434782608;0,0
HJXXIII;BLOCO CIRURGICO;2022,0;2,0;2,0;1,0;48,0;0,041666666666666664;0,020833333333333332
HJXXIII;BLOCO CIRURGICO;2022,0;3,0;8,0;3,0;71,0;0,11267605633802817;0,04225352112676056
HJXXIII;BLOCO CIRURGICO;2022,0;4,0;5,0;3,0;30,0;0,16666666666666666;0,1
HJXXIII;BLOCO CIRURGICO;2022,0;5,0;7,0;3,0;45,0;0,15555555555555556;0,06666666666666667
HJXXIII;BLOCO CIRURGICO;2022,0;6,0;4,0;2,0;33,0;0,12121212121212122;0,06060606060606061
HJXXIII;BLOCO CIRURGICO;2022,0;7,0;4,0;2,0;48,0;0,08333333333333333;0,041666666666666664
HJXXIII;BLOCO CIRURGICO;2022,0;8,0;4,0;2,0;41,0;0,0975609756097561;0,04878048780487805
HJXXIII;BLOCO CIRURGICO;2022,0;9,0;2,0;1,0;47,0;0,0425531914893617;0,02127659574468085
HJXXIII;BLOCO CIRURGICO;2022,0;10,0;3,0;1,0;50,0;0,06;0,02
HJXXIII;BLOCO CIRURGICO;2022,0;11,0;2,0;2,0;41,0;0,04878048780487805;0,04878048780487805
HJXXIII;BLOCO CIRURGICO;2022,0;12,0;2,0;1,0;38,0;0,05263157894736842;0,02631578947368421
HJXXIII;BLOCO CIRURGICO;2023,0;1,0;1,0;1,0;30,0;0,03333333333333333;0,03333333333333333
HJXXIII;BLOCO CIRURGICO;2023,0;2,0;2,0;1,0;34,0;0,058823529411764705;0,029411764705882353
HJXXIII;BLOCO CIRURGICO;2023,0;3,0;2,0;1,0;49,0;0,04081632653061224;0,02040816326530612
HJXXIII;BLOCO CIRURGICO;2023,0;4,0;4,0;4,0;34,0;0,11764705882352941;0,11764705882352941
HJXXIII;BLOCO CIRURGICO;2023,0;5,0;3,0;2,0;47,0;0,06382978723404255;0,0425531914893617
HJXXIII;BLOCO CIRURGICO;2023,0;6,0;3,0;2,0;43,0;0,06976744186046512;0,046511627906976744
HJXXIII;BLOCO CIRURGICO;2023,0;7,0;2,0;2,0;54,0;0,037037037037037035;0,037037037037037035
HJXXIII;BLOCO CIRURGICO;2023,0;8,0;4,0;3,0;72,0;0,05555555555555555;0,041666666666666664
HJXXIII;BLOCO CIRURGICO;2023,0;9,0;3,0;2,0;64,0;0,046875;0,03125
HJXXIII;BLOCO CIRURGICO;2023,0;10,0;3,0;2,0;58,0;0,05172413793103448;0,034482758620689655
HJXXIII;BLOCO CIRURGICO;2023,0;11,0;2,0;1,0;64,0;0,03125;0,015625
HJXXIII;BLOCO CIRURGICO;2023,0;12,0;2,0;2,0;69,0;0,028985507246376812;0,028985507246376812
HJXXIII;BLOCO CIRURGICO;2024,0;1,0;3,0;3,0;54,0;0,05555555555555555;0,05555555555555555
HJXXIII;BLOCO CIRURGICO;2024,0;2,0;2,0;0,0;47,0;0,0425531914893617;0,0
HJXXIII;BLOCO CIRURGICO;2024,0;3,0;3,0;2,0;57,0;0,05263157894736842;0,03508771929824561
HJXXIII;BLOCO CIRURGICO;2024,0;4,0;3,0;1,0;43,0;0,06976744186046512;0,023255813953488372
HJXXIII;BLOCO CIRURGICO;2024,0;5,0;4,0;3,0;61,0;0,06557377049180328;0,04918032786885246
HJXXIII;BLOCO CIRURGICO;2024,0;6,0;4,0;1,0;49,0;0,08163265306122448;0,02040816326530612
HJXXIII;BLOCO CIRURGICO;2024,0;7,0;2,0;1,0;59,0;0,03389830508474576;0,01694915254237288
HJXXIII;BLOCO CIRURGICO;2024,0;8,0;5,0;5,0;54,0;0,09259259259259259;0,09259259259259259
HJXXIII;BLOCO CIRURGICO;2024,0;9,0;2,0;1,0;57,0;0,03508771929824561;0,017543859649122806
HJXXIII;BLOCO CIRURGICO;2024,0;10,0;1,0;0,0;48,0;0,020833333333333332;0,0
HJXXIII;BLOCO CIRURGICO;2024,0;11,0;2,0;2,0;28,0;0,07142857142857142;0,07142857142857142
HJXXIII;BLOCO CIRURGICO;2024,0;12,0;2,0;0,0;33,0;0,06060606060606061;0,0
HJXXIII;BLOCO CIRURGICO;2025,0;1,0;0,0;0,0;52,0;0,0;0,0
HJXXIII;BLOCO CIRURGICO;2025,0;2,0;4,0;2,0;29,0;0,13793103448275862;0,06896551724137931
HJXXIII;BLOCO CIRURGICO;2025,0;3,0;0,0;0,0;33,0;0,0;0,0
HJXXIII;BLOCO CIRURGICO;2025,0;4,0;2,0;1,0;32,0;0,0625;0,03125
HJXXIII;BLOCO CIRURGICO;2025,0;5,0;1,0;0,0;41,0;0,024390243902439025;0,0
HJXXIII;BLOCO CIRURGICO;2025,0;6,0;2,0;1,0;35,0;0,05714285714285714;0,02857142857142857
HJXXIII;BLOCO CIRURGICO;2025,0;7,0;2,0;2,0;51,0;0,0392156862745098;0,0392156862745098
HJXXIII;BLOCO CIRURGICO;2025,0;8,0;2,0;2,0;68,0;0,029411764705882353;0,029411764705882353
HJXXIII;BLOCO CIRURGICO;2025,0;9,0;1,0;1,0;53,0;0,018867924528301886;0,018867924528301886
HJXXIII;BLOCO CIRURGICO;2025,0;10,0;2,0;2,0;65,0;0,03076923076923077;0,03076923076923077
HJXXIII;BLOCO CIRURGICO;2025,0;11,0;1,0;1,0;56,0;0,017857142857142856;0,017857142857142856
HJXXIII;BLOCO CIRURGICO;2025,0;12,0;2,0;1,0;51,0;0,0392156862745098;0,0196078431372549
HJXXIII;BLOCO CIRURGICO;2026,0;1,0;0,0;0,0;55,0;0,0;0,0
HJXXIII;BLOCO CIRURGICO;2026,0;2,0;4,0;1,0;55,0;0,07272727272727272;0,01818181818181818
HJXXIII;BLOCO CIRURGICO;2026,0;3,0;2,0;2,0;57,0;0,03508771929824561;0,03508771929824561
HJXXIII;BLOCO CIRURGICO;2026,0;4,0;3,0;2,0;56,0;0,05357142857142857;0,03571428571428571
HJXXIII;BLOCO CIRURGICO;2026,0;5,0;6,0;3,0;52,0;0,11538461538461539;0,057692307692307696
HJXXIII;BLOCO CIRURGICO;2026,0;6,0;2,0;1,0;48,0;0,041666666666666664;0,020833333333333332
HJXXIII;BLOCO CIRURGICO;2026,0;7,0;1,0;1,0;59,0;0,01694915254237288;0,01694915254237288
HJXXIII;BLOCO CIRURGICO;2026,0;8,0;2,0;2,0;58,0;0,034482758620689655;0,034482758620689655
HJXXIII;PRONTO SOCORRO;2019,0;1,0;10,0;4,0;531,0;0,018832391713747645;0,007532956685499058
HJXXIII;PRONTO SOCORRO;2019,0;2,0;6,0;1,0;477,0;0,012578616352201259;0,0020964360587002098
HJXXIII;PRONTO SOCORRO;2019,0;3,0;6,0;4,0;604,0;0,009933774834437087;0,006622516556291391
HJXXIII;PRONTO SOCORRO;2019,0;4,0;4,0;3,0;616,0;0,006493506493506494;0,00487012987012987
HJXXIII;PRONTO SOCORRO;2019,0;5,0;11,0;6,0;645,0;0,017054263565891473;0,009302325581395349
HJXXIII;PRONTO SOCORRO;2019,0;6,0;10,0;4,0;575,0;0,017391304347826087;0,006956521739130435
HJXXIII;PRONTO SOCORRO;2019,0;7,0;10,0;8,0;585,0;0,017094017094017096;0,013675213675213675
HJXXIII;PRONTO SOCORRO;2019,0;8,0;10,0;6,0;546,0;0,018315018315018316;0,01098901098901099
HJXXIII;PRONTO SOCORRO;2019,0;9,0;17,0;8,0;543,0;0,03130755064456722;0,014732965009208104
HJXXIII;PRONTO SOCORRO;2019,0;10,0;13,0;5,0;573,0;0,02268760907504363;0,008726003490401396
HJXXIII;PRONTO SOCORRO;2019,0;11,0;11,0;4,0;574,0;0,01916376306620209;0,006968641114982578
HJXXIII;PRONTO SOCORRO;2019,0;12,0;8,0;4,0;603,0;0,013266998341625208;0,006633499170812604
HJXXIII;PRONTO SOCORRO;2020,0;1,0;8,0;5,0;515,0;0,015533980582524271;0,009708737864077669
HJXXIII;PRONTO SOCORRO;2020,0;2,0;7,0;3,0;528,0;0,013257575757575758;0,005681818181818182
HJXXIII;PRONTO SOCORRO;2020,0;3,0;5,0;2,0;487,0;0,01026694045174538;0,004106776180698152
HJXXIII;PRONTO SOCORRO;2020,0;4,0;7,0;4,0;281,0;0,02491103202846975;0,014234875444839857
HJXXIII;PRONTO SOCORRO;2020,0;5,0;5,0;0,0;276,0;0,018115942028985508;0,0
HJXXIII;PRONTO SOCORRO;2020,0;6,0;7,0;4,0;455,0;0,015384615384615385;0,008791208791208791
HJXXIII;PRONTO SOCORRO;2020,0;7,0;9,0;5,0;464,0;0,01939655172413793;0,010775862068965518
HJXXIII;PRONTO SOCORRO;2020,0;8,0;21,0;13,0;547,0;0,038391224862888484;0,02376599634369287
HJXXIII;PRONTO SOCORRO;2020,0;9,0;12,0;7,0;535,0;0,022429906542056073;0,013084112149532711
HJXXIII;PRONTO SOCORRO;2020,0;10,0;12,0;5,0;608,0;0,019736842105263157;0,008223684210526315
HJXXIII;PRONTO SOCORRO;2020,0;11,0;14,0;5,0;553,0;0,02531645569620253;0,009041591320072333
HJXXIII;PRONTO SOCORRO;2020,0;12,0;21,0;5,0;568,0;0,03697183098591549;0,008802816901408451
HJXXIII;PRONTO SOCORRO;2021,0;1,0;5,0;1,0;496,0;0,010080645161290322;0,0020161290322580645
HJXXIII;PRONTO SOCORRO;2021,0;2,0;8,0;4,0;422,0;0,018957345971563982;0,009478672985781991
HJXXIII;PRONTO SOCORRO;2021,0;3,0;15,0;3,0;491,0;0,03054989816700611;0,006109979633401222
HJXXIII;PRONTO SOCORRO;2021,0;4,0;32,0;18,0;546,0;0,05860805860805861;0,03296703296703297
HJXXIII;PRONTO SOCORRO;2021,0;5,0;24,0;10,0;547,0;0,043875685557586835;0,018281535648994516
HJXXIII;PRONTO SOCORRO;2021,0;6,0;28,0;14,0;603,0;0,04643449419568822;0,02321724709784411
HJXXIII;PRONTO SOCORRO;2021,0;7,0;21,0;11,0;588,0;0,03571428571428571;0,01870748299319728
HJXXIII;PRONTO SOCORRO;2021,0;8,0;11,0;2,0;477,0;0,023060796645702306;0,0041928721174004195
HJXXIII;PRONTO SOCORRO;2021,0;9,0;20,0;8,0;464,0;0,04310344827586207;0,017241379310344827
HJXXIII;PRONTO SOCORRO;2021,0;10,0;16,0;3,0;458,0;0,034934497816593885;0,006550218340611353
HJXXIII;PRONTO SOCORRO;2021,0;11,0;17,0;10,0;471,0;0,036093418259023353;0,021231422505307854
HJXXIII;PRONTO SOCORRO;2021,0;12,0;14,0;3,0;530,0;0,026415094339622643;0,005660377358490566
HJXXIII;PRONTO SOCORRO;2022,0;1,0;12,0;7,0;510,0;0,023529411764705882;0,013725490196078431
HJXXIII;PRONTO SOCORRO;2022,0;2,0;18,0;9,0;454,0;0,039647577092511016;0,019823788546255508
HJXXIII;PRONTO SOCORRO;2022,0;3,0;5,0;2,0;505,0;0,009900990099009901;0,0039603960396039604
HJXXIII;PRONTO SOCORRO;2022,0;4,0;10,0;4,0;490,0;0,02040816326530612;0,00816326530612245
HJXXIII;PRONTO SOCORRO;2022,0;5,0;7,0;2,0;443,0;0,01580135440180587;0,004514672686230248
HJXXIII;PRONTO SOCORRO;2022,0;6,0;14,0;7,0;441,0;0,031746031746031744;0,015873015873015872
HJXXIII;PRONTO SOCORRO;2022,0;7,0;12,0;2,0;495,0;0,024242424242424242;0,00404040404040404
HJXXIII;PRONTO SOCORRO;2022,0;8,0;14,0;5,0;422,0;0,03317535545023697;0,011848341232227487
HJXXIII;PRONTO SOCORRO;2022,0;9,0;9,0;4,0;470,0;0,019148936170212766;0,00851063829787234
HJXXIII;PRONTO SOCORRO;2022,0;10,0;18,0;6,0;464,0;0,03879310344827586;0,01293103448275862
HJXXIII;PRONTO SOCORRO;2022,0;11,0;12,0;6,0;516,0;0,023255813953488372;0,011627906976744186
HJXXIII;PRONTO SOCORRO;2022,0;12,0;16,0;8,0;516,0;0,031007751937984496;0,015503875968992248
HJXXIII;PRONTO SOCORRO;2023,0;1,0;11,0;2,0;430,0;0,02558139534883721;0,004651162790697674
HJXXIII;PRONTO SOCORRO;2023,0;2,0;15,0;4,0;452,0;0,033185840707964605;0,008849557522123894
HJXXIII;PRONTO SOCORRO;2023,0;3,0;10,0;3,0;523,0;0,019120458891013385;0,0057361376673040155
HJXXIII;PRONTO SOCORRO;2023,0;4,0;8,0;5,0;453,0;0,017660044150110375;0,011037527593818985
HJXXIII;PRONTO SOCORRO;2023,0;5,0;12,0;7,0;554,0;0,021660649819494584;0,01263537906137184
HJXXIII;PRONTO SOCORRO;2023,0;6,0;9,0;6,0;493,0;0,018255578093306288;0,012170385395537525
HJXXIII;PRONTO SOCORRO;2023,0;7,0;24,0;7,0;513,0;0,04678362573099415;0,01364522417153996
HJXXIII;PRONTO SOCORRO;2023,0;8,0;15,0;8,0;546,0;0,027472527472527472;0,014652014652014652
HJXXIII;PRONTO SOCORRO;2023,0;9,0;10,0;3,0;537,0;0,0186219739292365;0,00558659217877095
HJXXIII;PRONTO SOCORRO;2023,0;10,0;19,0;7,0;592,0;0,03209459459459459;0,011824324324324325
HJXXIII;PRONTO SOCORRO;2023,0;11,0;21,0;5,0;565,0;0,03716814159292035;0,008849557522123894
HJXXIII;PRONTO SOCORRO;2023,0;12,0;12,0;1,0;564,0;0,02127659574468085;0,0017730496453900709
HJXXIII;PRONTO SOCORRO;2024,0;1,0;16,0;6,0;491,0;0,032586558044806514;0,012219959266802444
HJXXIII;PRONTO SOCORRO;2024,0;2,0;19,0;7,0;484,0;0,03925619834710744;0,014462809917355372
HJXXIII;PRONTO SOCORRO;2024,0;3,0;14,0;3,0;615,0;0,022764227642276424;0,004878048780487805
HJXXIII;PRONTO SOCORRO;2024,0;4,0;15,0;5,0;528,0;0,028409090909090908;0,00946969696969697
HJXXIII;PRONTO SOCORRO;2024,0;5,0;25,0;5,0;515,0;0,04854368932038835;0,009708737864077669
HJXXIII;PRONTO SOCORRO;2024,0;6,0;15,0;8,0;507,0;0,029585798816568046;0,015779092702169626
HJXXIII;PRONTO SOCORRO;2024,0;7,0;16,0;7,0;602,0;0,026578073089700997;0,011627906976744186
HJXXIII;PRONTO SOCORRO;2024,0;8,0;17,0;6,0;541,0;0,031423290203327174;0,011090573012939002
HJXXIII;PRONTO SOCORRO;2024,0;9,0;21,0;6,0;525,0;0,04;0,011428571428571429
HJXXIII;PRONTO SOCORRO;2024,0;10,0;22,0;13,0;574,0;0,03832752613240418;0,02264808362369338
HJXXIII;PRONTO SOCORRO;2024,0;11,0;8,0;1,0;525,0;0,015238095238095238;0,0019047619047619048
HJXXIII;PRONTO SOCORRO;2024,0;12,0;16,0;6,0;604,0;0,026490066225165563;0,009933774834437087
HJXXIII;PRONTO SOCORRO;2025,0;1,0;12,0;5,0;700,0;0,017142857142857144;0,007142857142857143
HJXXIII;PRONTO SOCORRO;2025,0;2,0;13,0;5,0;588,0;0,022108843537414966;0,008503401360544218
HJXXIII;PRONTO SOCORRO;2025,0;3,0;12,0;5,0;633,0;0,018957345971563982;0,007898894154818325
HJXXIII;PRONTO SOCORRO;2025,0;4,0;16,0;4,0;672,0;0,023809523809523808;0,005952380952380952
HJXXIII;PRONTO SOCORRO;2025,0;5,0;20,0;7,0;626,0;0,03194888178913738;0,011182108626198083
HJXXIII;PRONTO SOCORRO;2025,0;6,0;14,0;9,0;623,0;0,02247191011235955;0,014446227929373997
HJXXIII;PRONTO SOCORRO;2025,0;7,0;12,0;5,0;691,0;0,017366136034732273;0,00723589001447178
HJXXIII;PRONTO SOCORRO;2025,0;8,0;15,0;8,0;673,0;0,022288261515601784;0,01188707280832095
HJXXIII;PRONTO SOCORRO;2025,0;9,0;14,0;3,0;592,0;0,02364864864864865;0,005067567567567568
HJXXIII;PRONTO SOCORRO;2025,0;10,0;15,0;7,0;698,0;0,02148997134670487;0,01002865329512894
HJXXIII;PRONTO SOCORRO;2025,0;11,0;7,0;5,0;593,0;0,011804384485666104;0,008431703204047217
HJXXIII;PRONTO SOCORRO;2025,0;12,0;17,0;1,0;632,0;0,02689873417721519;0,0015822784810126582
HJXXIII;PRONTO SOCORRO;2026,0;1,0;10,0;1,0;579,0;0,017271157167530225;0,0017271157167530224
HJXXIII;PRONTO SOCORRO;2026,0;2,0;9,0;2,0;541,0;0,0166358595194085;0,0036968576709796672
HJXXIII;PRONTO SOCORRO;2026,0;3,0;16,0;2,0;662,0;0,02416918429003021;0,0030211480362537764
HJXXIII;PRONTO SOCORRO;2026,0;4,0;15,0;5,0;684,0;0,021929824561403508;0,007309941520467836
HJXXIII;PRONTO SOCORRO;2026,0;5,0;14,0;6,0;667,0;0,020989505247376312;0,008995502248875561
HJXXIII;PRONTO SOCORRO;2026,0;6,0;12,0;4,0;668,0;0,017964071856287425;0,005988023952095809
HJXXIII;PRONTO SOCORRO;2026,0;7,0;13,0;5,0;644,0;0,020186335403726708;0,007763975155279503
HJXXIII;PRONTO SOCORRO;2026,0;8,0;21,0;11,0;718,0;0,02924791086350975;0,01532033426183844
HJXXIII;PRONTO SOCORRO SALA 08 - EMERG. CLINICAS;2019,0;1,0;2,0;2,0;32,0;0,0625;0,0625
HJXXIII;PRONTO SOCORRO SALA 08 - EMERG. CLINICAS;2019,0;2,0;3,0;3,0;22,0;0,13636363636363635;0,13636363636363635
HJXXIII;PRONTO SOCORRO SALA 08 - EMERG. CLINICAS;2019,0;3,0;3,0;3,0;24,0;0,125;0,125
HJXXIII;PRONTO SOCORRO SALA 08 - EMERG. CLINICAS;2019,0;4,0;2,0;2,0;22,0;0,09090909090909091;0,09090909090909091
HJXXIII;PRONTO SOCORRO SALA 08 - EMERG. CLINICAS;2019,0;5,0;9,0;9,0;30,0;0,3;0,3
HJXXIII;PRONTO SOCORRO SALA 08 - EMERG. CLINICAS;2019,0;6,0;2,0;2,0;25,0;0,08;0,08
HJXXIII;PRONTO SOCORRO SALA 08 - EMERG. CLINICAS;2019,0;7,0;3,0;2,0;17,0;0,17647058823529413;0,11764705882352941
HJXXIII;PRONTO SOCORRO SALA 08 - EMERG. CLINICAS;2019,0;8,0;5,0;5,0;25,0;0,2;0,2
HJXXIII;PRONTO SOCORRO SALA 08 - EMERG. CLINICAS;2019,0;9,0;7,0;6,0;26,0;0,2692307692307692;0,23076923076923078
HJXXIII;PRONTO SOCORRO SALA 08 - EMERG. CLINICAS;2019,0;10,0;4,0;4,0;24,0;0,16666666666666666;0,16666666666666666
HJXXIII;PRONTO SOCORRO SALA 08 - EMERG. CLINICAS;2019,0;11,0;1,0;1,0;29,0;0,034482758620689655;0,034482758620689655
HJXXIII;PRONTO SOCORRO SALA 08 - EMERG. CLINICAS;2019,0;12,0;1,0;1,0;31,0;0,03225806451612903;0,03225806451612903
HJXXIII;PRONTO SOCORRO SALA 08 - EMERG. CLINICAS;2020,0;1,0;5,0;3,0;34,0;0,14705882352941177;0,08823529411764706
HJXXIII;PRONTO SOCORRO SALA 08 - EMERG. CLINICAS;2020,0;2,0;2,0;2,0;24,0;0,08333333333333333;0,08333333333333333
HJXXIII;PRONTO SOCORRO SALA 08 - EMERG. CLINICAS;2020,0;3,0;2,0;2,0;28,0;0,07142857142857142;0,07142857142857142
HJXXIII;PRONTO SOCORRO SALA 08 - EMERG. CLINICAS;2020,0;4,0;2,0;2,0;20,0;0,1;0,1
HJXXIII;PRONTO SOCORRO SALA 08 - EMERG. CLINICAS;2020,0;5,0;0,0;0,0;15,0;0,0;0,0
HJXXIII;PRONTO SOCORRO SALA 08 - EMERG. CLINICAS;2020,0;6,0;3,0;3,0;34,0;0,08823529411764706;0,08823529411764706
HJXXIII;PRONTO SOCORRO SALA 08 - EMERG. CLINICAS;2020,0;7,0;7,0;7,0;30,0;0,23333333333333334;0,23333333333333334
HJXXIII;PRONTO SOCORRO SALA 08 - EMERG. CLINICAS;2020,0;8,0;1,0;1,0;2,0;0,5;0,5
HJXXIII;PRONTO SOCORRO SALA 08 - EMERG. CLINICAS;2020,0;12,0;2,0;2,0;3,0;0,6666666666666666;0,6666666666666666
HJXXIII;PRONTO SOCORRO SALA 08 - EMERG. CLINICAS;2021,0;1,0;2,0;1,0;3,0;0,6666666666666666;0,3333333333333333
HJXXIII;PRONTO SOCORRO SALA 08 - EMERG. CLINICAS;2021,0;2,0;0,0;0,0;2,0;0,0;0,0
HJXXIII;PRONTO SOCORRO SALA 08 - EMERG. CLINICAS;2021,0;3,0;0,0;0,0;1,0;0,0;0,0
HJXXIII;PRONTO SOCORRO SALA 08 - EMERG. CLINICAS;2021,0;4,0;0,0;0,0;4,0;0,0;0,0
HJXXIII;UNIDADE INTERNAÇÃO - CIRURGIA GERAL 4º ANDAR;2019,0;1,0;0,0;0,0;130,0;0,0;0,0
HJXXIII;UNIDADE INTERNAÇÃO - CIRURGIA GERAL 4º ANDAR;2019,0;2,0;0,0;0,0;101,0;0,0;0,0
HJXXIII;UNIDADE INTERNAÇÃO - CIRURGIA GERAL 4º ANDAR;2019,0;3,0;0,0;0,0;94,0;0,0;0,0
HJXXIII;UNIDADE INTERNAÇÃO - CIRURGIA GERAL 4º ANDAR;2019,0;4,0;0,0;0,0;83,0;0,0;0,0
HJXXIII;UNIDADE INTERNAÇÃO - CIRURGIA GERAL 4º ANDAR;2019,0;5,0;0,0;0,0;91,0;0,0;0,0
HJXXIII;UNIDADE INTERNAÇÃO - CIRURGIA GERAL 4º ANDAR;2019,0;6,0;0,0;0,0;116,0;0,0;0,0
HJXXIII;UNIDADE INTERNAÇÃO - CIRURGIA GERAL 4º ANDAR;2019,0;7,0;0,0;0,0;121,0;0,0;0,0
HJXXIII;UNIDADE INTERNAÇÃO - CIRURGIA GERAL 4º ANDAR;2019,0;8,0;0,0;0,0;94,0;0,0;0,0
HJXXIII;UNIDADE INTERNAÇÃO - CIRURGIA GERAL 4º ANDAR;2019,0;9,0;0,0;0,0;105,0;0,0;0,0
HJXXIII;UNIDADE INTERNAÇÃO - CIRURGIA GERAL 4º ANDAR;2019,0;10,0;1,0;1,0;114,0;0,008771929824561403;0,008771929824561403
HJXXIII;UNIDADE INTERNAÇÃO - CIRURGIA GERAL 4º ANDAR;2019,0;11,0;0,0;0,0;112,0;0,0;0,0
HJXXIII;UNIDADE INTERNAÇÃO - CIRURGIA GERAL 4º ANDAR;2019,0;12,0;0,0;0,0;102,0;0,0;0,0
HJXXIII;UNIDADE INTERNAÇÃO - CIRURGIA GERAL 4º ANDAR;2020,0;1,0;0,0;0,0;95,0;0,0;0,0
HJXXIII;UNIDADE INTERNAÇÃO - CIRURGIA GERAL 4º ANDAR;2020,0;2,0;0,0;0,0;100,0;0,0;0,0
HJXXIII;UNIDADE INTERNAÇÃO - CIRURGIA GERAL 4º ANDAR;2020,0;3,0;0,0;0,0;105,0;0,0;0,0
HJXXIII;UNIDADE INTERNAÇÃO - CIRURGIA GERAL 4º ANDAR;2020,0;4,0;0,0;0,0;92,0;0,0;0,0
HJXXIII;UNIDADE INTERNAÇÃO - CIRURGIA GERAL 4º ANDAR;2020,0;5,0;1,0;1,0;146,0;0,00684931506849315;0,00684931506849315
HJXXIII;UNIDADE INTERNAÇÃO - CIRURGIA GERAL 4º ANDAR;2020,0;6,0;0,0;0,0;141,0;0,0;0,0
HJXXIII;UNIDADE INTERNAÇÃO - CIRURGIA GERAL 4º ANDAR;2020,0;7,0;1,0;1,0;165,0;0,006060606060606061;0,006060606060606061
HJXXIII;UNIDADE INTERNAÇÃO - CIRURGIA GERAL 4º ANDAR;2020,0;8,0;1,0;1,0;147,0;0,006802721088435374;0,006802721088435374
HJXXIII;UNIDADE INTERNAÇÃO - CIRURGIA GERAL 4º ANDAR;2020,0;9,0;2,0;2,0;131,0;0,015267175572519083;0,015267175572519083
HJXXIII;UNIDADE INTERNAÇÃO - CIRURGIA GERAL 4º ANDAR;2020,0;10,0;0,0;0,0;123,0;0,0;0,0
HJXXIII;UNIDADE INTERNAÇÃO - CIRURGIA GERAL 4º ANDAR;2020,0;11,0;0,0;0,0;121,0;0,0;0,0
HJXXIII;UNIDADE INTERNAÇÃO - CIRURGIA GERAL 4º ANDAR;2020,0;12,0;0,0;0,0;140,0;0,0;0,0
HJXXIII;UNIDADE INTERNAÇÃO - CIRURGIA GERAL 4º ANDAR;2021,0;1,0;0,0;0,0;117,0;0,0;0,0
HJXXIII;UNIDADE INTERNAÇÃO - CIRURGIA GERAL 4º ANDAR;2021,0;2,0;0,0;0,0;118,0;0,0;0,0
HJXXIII;UNIDADE INTERNAÇÃO - CIRURGIA GERAL 4º ANDAR;2021,0;3,0;0,0;0,0;149,0;0,0;0,0
HJXXIII;UNIDADE INTERNAÇÃO - CIRURGIA GERAL 4º ANDAR;2021,0;4,0;0,0;0,0;162,0;0,0;0,0
HJXXIII;UNIDADE INTERNAÇÃO - CIRURGIA GERAL 4º ANDAR;2021,0;5,0;0,0;0,0;152,0;0,0;0,0
HJXXIII;UNIDADE INTERNAÇÃO - CIRURGIA GERAL 4º ANDAR;2021,0;6,0;1,0;1,0;141,0;0,0070921985815602835;0,0070921985815602835
HJXXIII;UNIDADE INTERNAÇÃO - CIRURGIA GERAL 4º ANDAR;2021,0;7,0;1,0;1,0;140,0;0,007142857142857143;0,007142857142857143
HJXXIII;UNIDADE INTERNAÇÃO - CIRURGIA GERAL 4º ANDAR;2021,0;8,0;1,0;1,0;149,0;0,006711409395973154;0,006711409395973154
HJXXIII;UNIDADE INTERNAÇÃO - CIRURGIA GERAL 4º ANDAR;2021,0;9,0;0,0;0,0;155,0;0,0;0,0
HJXXIII;UNIDADE INTERNAÇÃO - CIRURGIA GERAL 4º ANDAR;2021,0;10,0;1,0;1,0;152,0;0,006578947368421052;0,006578947368421052
HJXXIII;UNIDADE INTERNAÇÃO - CIRURGIA GERAL 4º ANDAR;2021,0;11,0;0,0;0,0;147,0;0,0;0,0
HJXXIII;UNIDADE INTERNAÇÃO - CIRURGIA GERAL 4º ANDAR;2021,0;12,0;0,0;0,0;131,0;0,0;0,0
HJXXIII;UNIDADE INTERNAÇÃO - CIRURGIA GERAL 4º ANDAR;2022,0;1,0;0,0;0,0;124,0;0,0;0,0
HJXXIII;UNIDADE INTERNAÇÃO - CIRURGIA GERAL 4º ANDAR;2022,0;2,0;1,0;1,0;104,0;0,009615384615384616;0,009615384615384616
HJXXIII;UNIDADE INTERNAÇÃO - CIRURGIA GERAL 4º ANDAR;2022,0;3,0;0,0;0,0;156,0;0,0;0,0
HJXXIII;UNIDADE INTERNAÇÃO - CIRURGIA GERAL 4º ANDAR;2022,0;4,0;1,0;1,0;143,0;0,006993006993006993;0,006993006993006993
HJXXIII;UNIDADE INTERNAÇÃO - CIRURGIA GERAL 4º ANDAR;2022,0;5,0;2,0;2,0;157,0;0,012738853503184714;0,012738853503184714
HJXXIII;UNIDADE INTERNAÇÃO - CIRURGIA GERAL 4º ANDAR;2022,0;6,0;0,0;0,0;154,0;0,0;0,0
HJXXIII;UNIDADE INTERNAÇÃO - CIRURGIA GERAL 4º ANDAR;2022,0;7,0;0,0;0,0;135,0;0,0;0,0
HJXXIII;UNIDADE INTERNAÇÃO - CIRURGIA GERAL 4º ANDAR;2022,0;8,0;0,0;0,0;156,0;0,0;0,0
HJXXIII;UNIDADE INTERNAÇÃO - CIRURGIA GERAL 4º ANDAR;2022,0;9,0;0,0;0,0;148,0;0,0;0,0
HJXXIII;UNIDADE INTERNAÇÃO - CIRURGIA GERAL 4º ANDAR;2022,0;10,0;1,0;1,0;149,0;0,006711409395973154;0,006711409395973154
HJXXIII;UNIDADE INTERNAÇÃO - CIRURGIA GERAL 4º ANDAR;2022,0;11,0;1,0;1,0;147,0;0,006802721088435374;0,006802721088435374
HJXXIII;UNIDADE INTERNAÇÃO - CIRURGIA GERAL 4º ANDAR;2022,0;12,0;0,0;0,0;152,0;0,0;0,0
HJXXIII;UNIDADE INTERNAÇÃO - CIRURGIA GERAL 4º ANDAR;2023,0;1,0;0,0;0,0;176,0;0,0;0,0
HJXXIII;UNIDADE INTERNAÇÃO - CIRURGIA GERAL 4º ANDAR;2023,0;2,0;0,0;0,0;123,0;0,0;0,0
HJXXIII;UNIDADE INTERNAÇÃO - CIRURGIA GERAL 4º ANDAR;2023,0;3,0;0,0;0,0;150,0;0,0;0,0
HJXXIII;UNIDADE INTERNAÇÃO - CIRURGIA GERAL 4º ANDAR;2023,0;4,0;0,0;0,0;137,0;0,0;0,0
HJXXIII;UNIDADE INTERNAÇÃO - CIRURGIA GERAL 4º ANDAR;2023,0;5,0;0,0;0,0;170,0;0,0;0,0
HJXXIII;UNIDADE INTERNAÇÃO - CIRURGIA GERAL 4º ANDAR;2023,0;6,0;0,0;0,0;140,0;0,0;0,0
HJXXIII;UNIDADE INTERNAÇÃO - CIRURGIA GERAL 4º ANDAR;2023,0;7,0;0,0;0,0;150,0;0,0;0,0
HJXXIII;UNIDADE INTERNAÇÃO - CIRURGIA GERAL 4º ANDAR;2023,0;8,0;2,0;2,0;103,0;0,019417475728155338;0,019417475728155338
HJXXIII;UNIDADE INTERNAÇÃO - CIRURGIA GERAL 4º ANDAR;2023,0;9,0;1,0;1,0;143,0;0,006993006993006993;0,006993006993006993
HJXXIII;UNIDADE INTERNAÇÃO - CIRURGIA GERAL 4º ANDAR;2023,0;10,0;1,0;1,0;136,0;0,007352941176470588;0,007352941176470588
HJXXIII;UNIDADE INTERNAÇÃO - CIRURGIA GERAL 4º ANDAR;2023,0;11,0;1,0;1,0;134,0;0,007462686567164179;0,007462686567164179
HJXXIII;UNIDADE INTERNAÇÃO - CIRURGIA GERAL 4º ANDAR;2023,0;12,0;1,0;1,0;118,0;0,00847457627118644;0,00847457627118644
HJXXIII;UNIDADE INTERNAÇÃO - CIRURGIA GERAL 4º ANDAR;2024,0;1,0;0,0;0,0;117,0;0,0;0,0
HJXXIII;UNIDADE INTERNAÇÃO - CIRURGIA GERAL 4º ANDAR;2024,0;2,0;0,0;0,0;103,0;0,0;0,0
HJXXIII;UNIDADE INTERNAÇÃO - CIRURGIA GERAL 4º ANDAR;2024,0;3,0;0,0;0,0;121,0;0,0;0,0
HJXXIII;UNIDADE INTERNAÇÃO - CIRURGIA GERAL 4º ANDAR;2024,0;4,0;0,0;0,0;145,0;0,0;0,0
HJXXIII;UNIDADE INTERNAÇÃO - CIRURGIA GERAL 4º ANDAR;2024,0;5,0;1,0;1,0;142,0;0,007042253521126761;0,007042253521126761
HJXXIII;UNIDADE INTERNAÇÃO - CIRURGIA GERAL 4º ANDAR;2024,0;6,0;0,0;0,0;153,0;0,0;0,0
HJXXIII;UNIDADE INTERNAÇÃO - CIRURGIA GERAL 4º ANDAR;2024,0;7,0;1,0;1,0;119,0;0,008403361344537815;0,008403361344537815
HJXXIII;UNIDADE INTERNAÇÃO - CIRURGIA GERAL 4º ANDAR;2024,0;8,0;0,0;0,0;131,0;0,0;0,0
HJXXIII;UNIDADE INTERNAÇÃO - CIRURGIA GERAL 4º ANDAR;2024,0;9,0;0,0;0,0;120,0;0,0;0,0
HJXXIII;UNIDADE INTERNAÇÃO - CIRURGIA GERAL 4º ANDAR;2024,0;10,0;1,0;1,0;125,0;0,008;0,008
HJXXIII;UNIDADE INTERNAÇÃO - CIRURGIA GERAL 4º ANDAR;2024,0;11,0;1,0;1,0;123,0;0,008130081300813009;0,008130081300813009
HJXXIII;UNIDADE INTERNAÇÃO - CIRURGIA GERAL 4º ANDAR;2024,0;12,0;0,0;0,0;133,0;0,0;0,0
HJXXIII;UNIDADE INTERNAÇÃO - CIRURGIA GERAL 4º ANDAR;2025,0;1,0;0,0;0,0;109,0;0,0;0,0
HJXXIII;UNIDADE INTERNAÇÃO - CIRURGIA GERAL 4º ANDAR;2025,0;2,0;0,0;0,0;114,0;0,0;0,0
HJXXIII;UNIDADE INTERNAÇÃO - CIRURGIA GERAL 4º ANDAR;2025,0;3,0;0,0;0,0;126,0;0,0;0,0
HJXXIII;UNIDADE INTERNAÇÃO - CIRURGIA GERAL 4º ANDAR;2025,0;4,0;0,0;0,0;113,0;0,0;0,0
HJXXIII;UNIDADE INTERNAÇÃO - CIRURGIA GERAL 4º ANDAR;2025,0;5,0;0,0;0,0;131,0;0,0;0,0
HJXXIII;UNIDADE INTERNAÇÃO - CIRURGIA GERAL 4º ANDAR;2025,0;6,0;0,0;0,0;114,0;0,0;0,0
HJXXIII;UNIDADE INTERNAÇÃO - CIRURGIA GERAL 4º ANDAR;2025,0;7,0;0,0;0,0;94,0;0,0;0,0
HJXXIII;UNIDADE INTERNAÇÃO - CIRURGIA GERAL 4º ANDAR;2025,0;8,0;0,0;0,0;106,0;0,0;0,0
HJXXIII;UNIDADE INTERNAÇÃO - CIRURGIA GERAL 4º ANDAR;2025,0;9,0;0,0;0,0;106,0;0,0;0,0
HJXXIII;UNIDADE INTERNAÇÃO - CIRURGIA GERAL 4º ANDAR;2025,0;10,0;0,0;0,0;109,0;0,0;0,0
HJXXIII;UNIDADE INTERNAÇÃO - CIRURGIA GERAL 4º ANDAR;2025,0;11,0;0,0;0,0;78,0;0,0;0,0
HJXXIII;UNIDADE INTERNAÇÃO - CIRURGIA GERAL 4º ANDAR;2025,0;12,0;0,0;0,0;126,0;0,0;0,0
HJXXIII;UNIDADE INTERNAÇÃO - CIRURGIA GERAL 4º ANDAR;2026,0;1,0;0,0;0,0;91,0;0,0;0,0
HJXXIII;UNIDADE INTERNAÇÃO - CIRURGIA GERAL 4º ANDAR;2026,0;2,0;0,0;0,0;95,0;0,0;0,0
HJXXIII;UNIDADE INTERNAÇÃO - CIRURGIA GERAL 4º ANDAR;2026,0;3,0;0,0;0,0;111,0;0,0;0,0
HJXXIII;UNIDADE INTERNAÇÃO - CIRURGIA GERAL 4º ANDAR;2026,0;4,0;0,0;0,0;99,0;0,0;0,0
HJXXIII;UNIDADE INTERNAÇÃO - CIRURGIA GERAL 4º ANDAR;2026,0;5,0;0,0;0,0;92,0;0,0;0,0
HJXXIII;UNIDADE INTERNAÇÃO - CIRURGIA GERAL 4º ANDAR;2026,0;6,0;0,0;0,0;131,0;0,0;0,0
HJXXIII;UNIDADE INTERNAÇÃO - CIRURGIA GERAL 4º ANDAR;2026,0;7,0;0,0;0,0;104,0;0,0;0,0
HJXXIII;UNIDADE INTERNAÇÃO - CIRURGIA GERAL 4º ANDAR;2026,0;8,0;0,0;0,0;105,0;0,0;0,0
HJXXIII;UNIDADE INTERNAÇÃO - CIRURGIA PLÁSTICA 7º ANDAR;2019,0;1,0;0,0;0,0;106,0;0,0;0,0
HJXXIII;UNIDADE INTERNAÇÃO - CIRURGIA PLÁSTICA 7º ANDAR;2019,0;2,0;0,0;0,0;102,0;0,0;0,0
HJXXIII;UNIDADE INTERNAÇÃO - CIRURGIA PLÁSTICA 7º ANDAR;2019,0;3,0;1,0;1,0;74,0;0,013513513513513514;0,013513513513513514
HJXXIII;UNIDADE INTERNAÇÃO - CIRURGIA PLÁSTICA 7º ANDAR;2019,0;4,0;0,0;0,0;91,0;0,0;0,0
HJXXIII;UNIDADE INTERNAÇÃO - CIRURGIA PLÁSTICA 7º ANDAR;2019,0;5,0;0,0;0,0;83,0;0,0;0,0
HJXXIII;UNIDADE INTERNAÇÃO - CIRURGIA PLÁSTICA 7º ANDAR;2019,0;6,0;0,0;0,0;81,0;0,0;0,0
HJXXIII;UNIDADE INTERNAÇÃO - CIRURGIA PLÁSTICA 7º ANDAR;2019,0;7,0;0,0;0,0;79,0;0,0;0,0
HJXXIII;UNIDADE INTERNAÇÃO - CIRURGIA PLÁSTICA 7º ANDAR;2019,0;8,0;0,0;0,0;100,0;0,0;0,0
HJXXIII;UNIDADE INTERNAÇÃO - CIRURGIA PLÁSTICA 7º ANDAR;2019,0;9,0;0,0;0,0;99,0;0,0;0,0
HJXXIII;UNIDADE INTERNAÇÃO - CIRURGIA PLÁSTICA 7º ANDAR;2019,0;10,0;0,0;0,0;101,0;0,0;0,0
HJXXIII;UNIDADE INTERNAÇÃO - CIRURGIA PLÁSTICA 7º ANDAR;2019,0;11,0;0,0;0,0;90,0;0,0;0,0
HJXXIII;UNIDADE INTERNAÇÃO - CIRURGIA PLÁSTICA 7º ANDAR;2019,0;12,0;0,0;0,0;109,0;0,0;0,0
HJXXIII;UNIDADE INTERNAÇÃO - CIRURGIA PLÁSTICA 7º ANDAR;2020,0;1,0;0,0;0,0;75,0;0,0;0,0
HJXXIII;UNIDADE INTERNAÇÃO - CIRURGIA PLÁSTICA 7º ANDAR;2020,0;2,0;0,0;0,0;83,0;0,0;0,0
HJXXIII;UNIDADE INTERNAÇÃO - CIRURGIA PLÁSTICA 7º ANDAR;2020,0;3,0;0,0;0,0;121,0;0,0;0,0
HJXXIII;UNIDADE INTERNAÇÃO - CIRURGIA PLÁSTICA 7º ANDAR;2020,0;4,0;0,0;0,0;112,0;0,0;0,0
HJXXIII;UNIDADE INTERNAÇÃO - CIRURGIA PLÁSTICA 7º ANDAR;2020,0;5,0;0,0;0,0;148,0;0,0;0,0
HJXXIII;UNIDADE INTERNAÇÃO - CIRURGIA PLÁSTICA 7º ANDAR;2020,0;6,0;0,0;0,0;136,0;0,0;0,0
HJXXIII;UNIDADE INTERNAÇÃO - CIRURGIA PLÁSTICA 7º ANDAR;2020,0;7,0;0,0;0,0;96,0;0,0;0,0
HJXXIII;UNIDADE INTERNAÇÃO - CIRURGIA PLÁSTICA 7º ANDAR;2020,0;8,0;1,0;1,0;99,0;0,010101010101010102;0,010101010101010102
HJXXIII;UNIDADE INTERNAÇÃO - CIRURGIA PLÁSTICA 7º ANDAR;2020,0;9,0;0,0;0,0;110,0;0,0;0,0
HJXXIII;UNIDADE INTERNAÇÃO - CIRURGIA PLÁSTICA 7º ANDAR;2020,0;10,0;1,0;1,0;122,0;0,00819672131147541;0,00819672131147541
HJXXIII;UNIDADE INTERNAÇÃO - CIRURGIA PLÁSTICA 7º ANDAR;2020,0;11,0;0,0;0,0;108,0;0,0;0,0
HJXXIII;UNIDADE INTERNAÇÃO - CIRURGIA PLÁSTICA 7º ANDAR;2020,0;12,0;0,0;0,0;130,0;0,0;0,0
HJXXIII;UNIDADE INTERNAÇÃO - CIRURGIA PLÁSTICA 7º ANDAR;2021,0;1,0;0,0;0,0;134,0;0,0;0,0
HJXXIII;UNIDADE INTERNAÇÃO - CIRURGIA PLÁSTICA 7º ANDAR;2021,0;2,0;0,0;0,0;144,0;0,0;0,0
HJXXIII;UNIDADE INTERNAÇÃO - CIRURGIA PLÁSTICA 7º ANDAR;2021,0;3,0;0,0;0,0;175,0;0,0;0,0
HJXXIII;UNIDADE INTERNAÇÃO - CIRURGIA PLÁSTICA 7º ANDAR;2021,0;4,0;2,0;2,0;157,0;0,012738853503184714;0,012738853503184714
HJXXIII;UNIDADE INTERNAÇÃO - CIRURGIA PLÁSTICA 7º ANDAR;2021,0;5,0;1,0;1,0;156,0;0,00641025641025641;0,00641025641025641
HJXXIII;UNIDADE INTERNAÇÃO - CIRURGIA PLÁSTICA 7º ANDAR;2021,0;6,0;0,0;0,0;139,0;0,0;0,0
HJXXIII;UNIDADE INTERNAÇÃO - CIRURGIA PLÁSTICA 7º ANDAR;2021,0;7,0;1,0;1,0;150,0;0,006666666666666667;0,006666666666666667
HJXXIII;UNIDADE INTERNAÇÃO - CIRURGIA PLÁSTICA 7º ANDAR;2021,0;8,0;0,0;0,0;140,0;0,0;0,0
HJXXIII;UNIDADE INTERNAÇÃO - CIRURGIA PLÁSTICA 7º ANDAR;2021,0;9,0;1,0;1,0;141,0;0,0070921985815602835;0,0070921985815602835
HJXXIII;UNIDADE INTERNAÇÃO - CIRURGIA PLÁSTICA 7º ANDAR;2021,0;10,0;0,0;0,0;134,0;0,0;0,0
HJXXIII;UNIDADE INTERNAÇÃO - CIRURGIA PLÁSTICA 7º ANDAR;2021,0;11,0;1,0;1,0;141,0;0,0070921985815602835;0,0070921985815602835
HJXXIII;UNIDADE INTERNAÇÃO - CIRURGIA PLÁSTICA 7º ANDAR;2021,0;12,0;0,0;0,0;92,0;0,0;0,0
HJXXIII;UNIDADE INTERNAÇÃO - CIRURGIA PLÁSTICA 7º ANDAR;2022,0;1,0;0,0;0,0;129,0;0,0;0,0
HJXXIII;UNIDADE INTERNAÇÃO - CIRURGIA PLÁSTICA 7º ANDAR;2022,0;2,0;0,0;0,0;106,0;0,0;0,0
HJXXIII;UNIDADE INTERNAÇÃO - CIRURGIA PLÁSTICA 7º ANDAR;2022,0;3,0;0,0;0,0;124,0;0,0;0,0
HJXXIII;UNIDADE INTERNAÇÃO - CIRURGIA PLÁSTICA 7º ANDAR;2022,0;4,0;0,0;0,0;143,0;0,0;0,0
HJXXIII;UNIDADE INTERNAÇÃO - CIRURGIA PLÁSTICA 7º ANDAR;2022,0;5,0;1,0;1,0;149,0;0,006711409395973154;0,006711409395973154
HJXXIII;UNIDADE INTERNAÇÃO - CIRURGIA PLÁSTICA 7º ANDAR;2022,0;6,0;0,0;0,0;156,0;0,0;0,0
HJXXIII;UNIDADE INTERNAÇÃO - CIRURGIA PLÁSTICA 7º ANDAR;2022,0;7,0;1,0;1,0;145,0;0,006896551724137931;0,006896551724137931
HJXXIII;UNIDADE INTERNAÇÃO - CIRURGIA PLÁSTICA 7º ANDAR;2022,0;8,0;0,0;0,0;130,0;0,0;0,0
HJXXIII;UNIDADE INTERNAÇÃO - CIRURGIA PLÁSTICA 7º ANDAR;2022,0;9,0;0,0;0,0;102,0;0,0;0,0
HJXXIII;UNIDADE INTERNAÇÃO - CIRURGIA PLÁSTICA 7º ANDAR;2022,0;10,0;0,0;0,0;83,0;0,0;0,0
HJXXIII;UNIDADE INTERNAÇÃO - CIRURGIA PLÁSTICA 7º ANDAR;2022,0;11,0;0,0;0,0;98,0;0,0;0,0
HJXXIII;UNIDADE INTERNAÇÃO - CIRURGIA PLÁSTICA 7º ANDAR;2022,0;12,0;0,0;0,0;109,0;0,0;0,0
HJXXIII;UNIDADE INTERNAÇÃO - CIRURGIA PLÁSTICA 7º ANDAR;2023,0;1,0;0,0;0,0;120,0;0,0;0,0
HJXXIII;UNIDADE INTERNAÇÃO - CIRURGIA PLÁSTICA 7º ANDAR;2023,0;2,0;0,0;0,0;101,0;0,0;0,0
HJXXIII;UNIDADE INTERNAÇÃO - CIRURGIA PLÁSTICA 7º ANDAR;2023,0;3,0;2,0;2,0;109,0;0,01834862385321101;0,01834862385321101
HJXXIII;UNIDADE INTERNAÇÃO - CIRURGIA PLÁSTICA 7º ANDAR;2023,0;4,0;0,0;0,0;113,0;0,0;0,0
HJXXIII;UNIDADE INTERNAÇÃO - CIRURGIA PLÁSTICA 7º ANDAR;2023,0;5,0;1,0;1,0;115,0;0,008695652173913044;0,008695652173913044
HJXXIII;UNIDADE INTERNAÇÃO - CIRURGIA PLÁSTICA 7º ANDAR;2023,0;6,0;0,0;0,0;87,0;0,0;0,0
HJXXIII;UNIDADE INTERNAÇÃO - CIRURGIA PLÁSTICA 7º ANDAR;2023,0;7,0;1,0;1,0;101,0;0,009900990099009901;0,009900990099009901
HJXXIII;UNIDADE INTERNAÇÃO - CIRURGIA PLÁSTICA 7º ANDAR;2023,0;8,0;0,0;0,0;99,0;0,0;0,0
HJXXIII;UNIDADE INTERNAÇÃO - CIRURGIA PLÁSTICA 7º ANDAR;2023,0;9,0;3,0;3,0;75,0;0,04;0,04
HJXXIII;UNIDADE INTERNAÇÃO - CIRURGIA PLÁSTICA 7º ANDAR;2023,0;10,0;0,0;0,0;98,0;0,0;0,0
HJXXIII;UNIDADE INTERNAÇÃO - CIRURGIA PLÁSTICA 7º ANDAR;2023,0;11,0;0,0;0,0;83,0;0,0;0,0
HJXXIII;UNIDADE INTERNAÇÃO - CIRURGIA PLÁSTICA 7º ANDAR;2023,0;12,0;2,0;2,0;98,0;0,02040816326530612;0,02040816326530612
HJXXIII;UNIDADE INTERNAÇÃO - CIRURGIA PLÁSTICA 7º ANDAR;2024,0;1,0;0,0;0,0;89,0;0,0;0,0
HJXXIII;UNIDADE INTERNAÇÃO - CIRURGIA PLÁSTICA 7º ANDAR;2024,0;2,0;0,0;0,0;101,0;0,0;0,0
HJXXIII;UNIDADE INTERNAÇÃO - CIRURGIA PLÁSTICA 7º ANDAR;2024,0;3,0;0,0;0,0;100,0;0,0;0,0
HJXXIII;UNIDADE INTERNAÇÃO - CIRURGIA PLÁSTICA 7º ANDAR;2024,0;4,0;0,0;0,0;109,0;0,0;0,0
HJXXIII;UNIDADE INTERNAÇÃO - CIRURGIA PLÁSTICA 7º ANDAR;2024,0;5,0;0,0;0,0;140,0;0,0;0,0
HJXXIII;UNIDADE INTERNAÇÃO - CIRURGIA PLÁSTICA 7º ANDAR;2024,0;6,0;0,0;0,0;97,0;0,0;0,0
HJXXIII;UNIDADE INTERNAÇÃO - CIRURGIA PLÁSTICA 7º ANDAR;2024,0;7,0;0,0;0,0;102,0;0,0;0,0
HJXXIII;UNIDADE INTERNAÇÃO - CIRURGIA PLÁSTICA 7º ANDAR;2024,0;8,0;0,0;0,0;73,0;0,0;0,0
HJXXIII;UNIDADE INTERNAÇÃO - CIRURGIA PLÁSTICA 7º ANDAR;2024,0;9,0;0,0;0,0;102,0;0,0;0,0
HJXXIII;UNIDADE INTERNAÇÃO - CIRURGIA PLÁSTICA 7º ANDAR;2024,0;10,0;0,0;0,0;87,0;0,0;0,0
HJXXIII;UNIDADE INTERNAÇÃO - CIRURGIA PLÁSTICA 7º ANDAR;2024,0;11,0;0,0;0,0;82,0;0,0;0,0
HJXXIII;UNIDADE INTERNAÇÃO - CIRURGIA PLÁSTICA 7º ANDAR;2024,0;12,0;0,0;0,0;86,0;0,0;0,0
HJXXIII;UNIDADE INTERNAÇÃO - CIRURGIA PLÁSTICA 7º ANDAR;2025,0;1,0;1,0;1,0;86,0;0,011627906976744186;0,011627906976744186
HJXXIII;UNIDADE INTERNAÇÃO - CIRURGIA PLÁSTICA 7º ANDAR;2025,0;2,0;0,0;0,0;81,0;0,0;0,0
HJXXIII;UNIDADE INTERNAÇÃO - CIRURGIA PLÁSTICA 7º ANDAR;2025,0;3,0;0,0;0,0;80,0;0,0;0,0
HJXXIII;UNIDADE INTERNAÇÃO - CIRURGIA PLÁSTICA 7º ANDAR;2025,0;4,0;0,0;0,0;68,0;0,0;0,0
HJXXIII;UNIDADE INTERNAÇÃO - CIRURGIA PLÁSTICA 7º ANDAR;2025,0;5,0;0,0;0,0;113,0;0,0;0,0
HJXXIII;UNIDADE INTERNAÇÃO - CIRURGIA PLÁSTICA 7º ANDAR;2025,0;6,0;0,0;0,0;78,0;0,0;0,0
HJXXIII;UNIDADE INTERNAÇÃO - CIRURGIA PLÁSTICA 7º ANDAR;2025,0;7,0;1,0;1,0;76,0;0,013157894736842105;0,013157894736842105
HJXXIII;UNIDADE INTERNAÇÃO - CIRURGIA PLÁSTICA 7º ANDAR;2025,0;8,0;0,0;0,0;85,0;0,0;0,0
HJXXIII;UNIDADE INTERNAÇÃO - CIRURGIA PLÁSTICA 7º ANDAR;2025,0;9,0;0,0;0,0;120,0;0,0;0,0
HJXXIII;UNIDADE INTERNAÇÃO - CIRURGIA PLÁSTICA 7º ANDAR;2025,0;10,0;0,0;0,0;105,0;0,0;0,0
HJXXIII;UNIDADE INTERNAÇÃO - CIRURGIA PLÁSTICA 7º ANDAR;2025,0;11,0;0,0;0,0;82,0;0,0;0,0
HJXXIII;UNIDADE INTERNAÇÃO - CIRURGIA PLÁSTICA 7º ANDAR;2025,0;12,0;0,0;0,0;93,0;0,0;0,0
HJXXIII;UNIDADE INTERNAÇÃO - CIRURGIA PLÁSTICA 7º ANDAR;2026,0;1,0;0,0;0,0;70,0;0,0;0,0
HJXXIII;UNIDADE INTERNAÇÃO - CIRURGIA PLÁSTICA 7º ANDAR;2026,0;2,0;0,0;0,0;81,0;0,0;0,0
HJXXIII;UNIDADE INTERNAÇÃO - CIRURGIA PLÁSTICA 7º ANDAR;2026,0;3,0;0,0;0,0;100,0;0,0;0,0
HJXXIII;UNIDADE INTERNAÇÃO - CIRURGIA PLÁSTICA 7º ANDAR;2026,0;4,0;0,0;0,0;70,0;0,0;0,0
HJXXIII;UNIDADE INTERNAÇÃO - CIRURGIA PLÁSTICA 7º ANDAR;2026,0;5,0;0,0;0,0;100,0;0,0;0,0
HJXXIII;UNIDADE INTERNAÇÃO - CIRURGIA PLÁSTICA 7º ANDAR;2026,0;6,0;0,0;0,0;92,0;0,0;0,0
HJXXIII;UNIDADE INTERNAÇÃO - CIRURGIA PLÁSTICA 7º ANDAR;2026,0;7,0;0,0;0,0;98,0;0,0;0,0
HJXXIII;UNIDADE INTERNAÇÃO - CIRURGIA PLÁSTICA 7º ANDAR;2026,0;8,0;2,0;2,0;91,0;0,02197802197802198;0,02197802197802198
HJXXIII;UNIDADE INTERNAÇÃO - CLINICA CUIDADOS PROGRESSIVOS 3º ANDAR;2019,0;1,0;3,0;3,0;6,0;0,5;0,5
HJXXIII;UNIDADE INTERNAÇÃO - CLINICA CUIDADOS PROGRESSIVOS 3º ANDAR;2019,0;2,0;1,0;1,0;4,0;0,25;0,25
HJXXIII;UNIDADE INTERNAÇÃO - CLINICA CUIDADOS PROGRESSIVOS 3º ANDAR;2019,0;3,0;1,0;1,0;3,0;0,3333333333333333;0,3333333333333333
HJXXIII;UNIDADE INTERNAÇÃO - CLINICA CUIDADOS PROGRESSIVOS 3º ANDAR;2019,0;4,0;2,0;2,0;3,0;0,6666666666666666;0,6666666666666666
HJXXIII;UNIDADE INTERNAÇÃO - CLINICA CUIDADOS PROGRESSIVOS 3º ANDAR;2019,0;5,0;6,0;6,0;8,0;0,75;0,75
HJXXIII;UNIDADE INTERNAÇÃO - CLINICA CUIDADOS PROGRESSIVOS 3º ANDAR;2019,0;6,0;2,0;2,0;5,0;0,4;0,4
HJXXIII;UNIDADE INTERNAÇÃO - CLINICA CUIDADOS PROGRESSIVOS 3º ANDAR;2019,0;7,0;1,0;1,0;5,0;0,2;0,2
HJXXIII;UNIDADE INTERNAÇÃO - CLINICA CUIDADOS PROGRESSIVOS 3º ANDAR;2019,0;8,0;3,0;3,0;5,0;0,6;0,6
HJXXIII;UNIDADE INTERNAÇÃO - CLINICA CUIDADOS PROGRESSIVOS 3º ANDAR;2019,0;9,0;2,0;2,0;5,0;0,4;0,4
HJXXIII;UNIDADE INTERNAÇÃO - CLINICA CUIDADOS PROGRESSIVOS 3º ANDAR;2019,0;10,0;3,0;3,0;6,0;0,5;0,5
HJXXIII;UNIDADE INTERNAÇÃO - CLINICA CUIDADOS PROGRESSIVOS 3º ANDAR;2019,0;11,0;3,0;3,0;3,0;1,0;1,0
HJXXIII;UNIDADE INTERNAÇÃO - CLINICA CUIDADOS PROGRESSIVOS 3º ANDAR;2019,0;12,0;3,0;3,0;3,0;1,0;1,0
HJXXIII;UNIDADE INTERNAÇÃO - CLINICA CUIDADOS PROGRESSIVOS 3º ANDAR;2020,0;1,0;1,0;1,0;2,0;0,5;0,5
HJXXIII;UNIDADE INTERNAÇÃO - CLINICA CUIDADOS PROGRESSIVOS 3º ANDAR;2020,0;2,0;2,0;2,0;4,0;0,5;0,5
HJXXIII;UNIDADE INTERNAÇÃO - CLINICA CUIDADOS PROGRESSIVOS 3º ANDAR;2020,0;3,0;4,0;4,0;9,0;0,4444444444444444;0,4444444444444444
HJXXIII;UNIDADE INTERNAÇÃO - CLINICA CUIDADOS PROGRESSIVOS 3º ANDAR;2020,0;4,0;5,0;5,0;9,0;0,5555555555555556;0,5555555555555556
HJXXIII;UNIDADE INTERNAÇÃO - CLINICA CUIDADOS PROGRESSIVOS 3º ANDAR;2020,0;5,0;5,0;5,0;8,0;0,625;0,625
HJXXIII;UNIDADE INTERNAÇÃO - CLINICA CUIDADOS PROGRESSIVOS 3º ANDAR;2020,0;6,0;3,0;3,0;4,0;0,75;0,75
HJXXIII;UNIDADE INTERNAÇÃO - CLINICA CUIDADOS PROGRESSIVOS 3º ANDAR;2020,0;7,0;9,0;9,0;15,0;0,6;0,6
HJXXIII;UNIDADE INTERNAÇÃO - CLINICA CUIDADOS PROGRESSIVOS 3º ANDAR;2020,0;8,0;6,0;6,0;10,0;0,6;0,6
HJXXIII;UNIDADE INTERNAÇÃO - CLINICA CUIDADOS PROGRESSIVOS 3º ANDAR;2020,0;9,0;8,0;8,0;14,0;0,5714285714285714;0,5714285714285714
HJXXIII;UNIDADE INTERNAÇÃO - CLINICA CUIDADOS PROGRESSIVOS 3º ANDAR;2020,0;10,0;4,0;4,0;9,0;0,4444444444444444;0,4444444444444444
HJXXIII;UNIDADE INTERNAÇÃO - CLINICA CUIDADOS PROGRESSIVOS 3º ANDAR;2020,0;11,0;4,0;4,0;8,0;0,5;0,5
HJXXIII;UNIDADE INTERNAÇÃO - CLINICA CUIDADOS PROGRESSIVOS 3º ANDAR;2020,0;12,0;2,0;2,0;5,0;0,4;0,4
HJXXIII;UNIDADE INTERNAÇÃO - CLINICA CUIDADOS PROGRESSIVOS 3º ANDAR;2021,0;1,0;3,0;3,0;16,0;0,1875;0,1875
HJXXIII;UNIDADE INTERNAÇÃO - CLINICA CUIDADOS PROGRESSIVOS 3º ANDAR;2021,0;2,0;1,0;1,0;4,0;0,25;0,25
HJXXIII;UNIDADE INTERNAÇÃO - CLINICA CUIDADOS PROGRESSIVOS 3º ANDAR;2021,0;3,0;3,0;3,0;9,0;0,3333333333333333;0,3333333333333333
HJXXIII;UNIDADE INTERNAÇÃO - CLINICA CUIDADOS PROGRESSIVOS 3º ANDAR;2021,0;4,0;4,0;4,0;4,0;1,0;1,0
HJXXIII;UNIDADE INTERNAÇÃO - CLINICA CUIDADOS PROGRESSIVOS 3º ANDAR;2021,0;5,0;6,0;6,0;13,0;0,46153846153846156;0,46153846153846156
HJXXIII;UNIDADE INTERNAÇÃO - CLINICA CUIDADOS PROGRESSIVOS 3º ANDAR;2021,0;6,0;5,0;5,0;10,0;0,5;0,5
HJXXIII;UNIDADE INTERNAÇÃO - CLINICA CUIDADOS PROGRESSIVOS 3º ANDAR;2021,0;7,0;7,0;7,0;12,0;0,5833333333333334;0,5833333333333334
HJXXIII;UNIDADE INTERNAÇÃO - CLINICA CUIDADOS PROGRESSIVOS 3º ANDAR;2021,0;8,0;5,0;5,0;11,0;0,45454545454545453;0,45454545454545453
HJXXIII;UNIDADE INTERNAÇÃO - CLINICA CUIDADOS PROGRESSIVOS 3º ANDAR;2021,0;9,0;5,0;5,0;9,0;0,5555555555555556;0,5555555555555556
HJXXIII;UNIDADE INTERNAÇÃO - CLINICA CUIDADOS PROGRESSIVOS 3º ANDAR;2021,0;10,0;1,0;1,0;5,0;0,2;0,2
HJXXIII;UNIDADE INTERNAÇÃO - CLINICA CUIDADOS PROGRESSIVOS 3º ANDAR;2021,0;11,0;4,0;4,0;10,0;0,4;0,4
HJXXIII;UNIDADE INTERNAÇÃO - CLINICA CUIDADOS PROGRESSIVOS 3º ANDAR;2021,0;12,0;3,0;3,0;8,0;0,375;0,375
HJXXIII;UNIDADE INTERNAÇÃO - CLINICA CUIDADOS PROGRESSIVOS 3º ANDAR;2022,0;1,0;4,0;4,0;9,0;0,4444444444444444;0,4444444444444444
HJXXIII;UNIDADE INTERNAÇÃO - CLINICA CUIDADOS PROGRESSIVOS 3º ANDAR;2022,0;2,0;3,0;3,0;10,0;0,3;0,3
HJXXIII;UNIDADE INTERNAÇÃO - CLINICA CUIDADOS PROGRESSIVOS 3º ANDAR;2022,0;3,0;2,0;2,0;6,0;0,3333333333333333;0,3333333333333333
HJXXIII;UNIDADE INTERNAÇÃO - CLINICA CUIDADOS PROGRESSIVOS 3º ANDAR;2022,0;4,0;2,0;2,0;6,0;0,3333333333333333;0,3333333333333333
HJXXIII;UNIDADE INTERNAÇÃO - CLINICA CUIDADOS PROGRESSIVOS 3º ANDAR;2022,0;5,0;4,0;4,0;10,0;0,4;0,4
HJXXIII;UNIDADE INTERNAÇÃO - CLINICA CUIDADOS PROGRESSIVOS 3º ANDAR;2022,0;6,0;5,0;5,0;9,0;0,5555555555555556;0,5555555555555556
HJXXIII;UNIDADE INTERNAÇÃO - CLINICA CUIDADOS PROGRESSIVOS 3º ANDAR;2022,0;7,0;2,0;2,0;6,0;0,3333333333333333;0,3333333333333333
HJXXIII;UNIDADE INTERNAÇÃO - CLINICA CUIDADOS PROGRESSIVOS 3º ANDAR;2022,0;8,0;2,0;2,0;6,0;0,3333333333333333;0,3333333333333333
HJXXIII;UNIDADE INTERNAÇÃO - CLINICA CUIDADOS PROGRESSIVOS 3º ANDAR;2022,0;9,0;4,0;4,0;8,0;0,5;0,5
HJXXIII;UNIDADE INTERNAÇÃO - CLINICA CUIDADOS PROGRESSIVOS 3º ANDAR;2022,0;10,0;5,0;5,0;11,0;0,45454545454545453;0,45454545454545453
HJXXIII;UNIDADE INTERNAÇÃO - CLINICA CUIDADOS PROGRESSIVOS 3º ANDAR;2022,0;11,0;1,0;1,0;5,0;0,2;0,2
HJXXIII;UNIDADE INTERNAÇÃO - CLINICA CUIDADOS PROGRESSIVOS 3º ANDAR;2022,0;12,0;4,0;4,0;12,0;0,3333333333333333;0,3333333333333333
HJXXIII;UNIDADE INTERNAÇÃO - CLINICA CUIDADOS PROGRESSIVOS 3º ANDAR;2023,0;1,0;0,0;0,0;4,0;0,0;0,0
HJXXIII;UNIDADE INTERNAÇÃO - CLINICA CUIDADOS PROGRESSIVOS 3º ANDAR;2023,0;2,0;3,0;3,0;7,0;0,42857142857142855;0,42857142857142855
HJXXIII;UNIDADE INTERNAÇÃO - CLINICA CUIDADOS PROGRESSIVOS 3º ANDAR;2023,0;3,0;3,0;3,0;7,0;0,42857142857142855;0,42857142857142855
HJXXIII;UNIDADE INTERNAÇÃO - CLINICA CUIDADOS PROGRESSIVOS 3º ANDAR;2023,0;4,0;8,0;8,0;12,0;0,6666666666666666;0,6666666666666666
HJXXIII;UNIDADE INTERNAÇÃO - CLINICA CUIDADOS PROGRESSIVOS 3º ANDAR;2023,0;5,0;6,0;6,0;14,0;0,42857142857142855;0,42857142857142855
HJXXIII;UNIDADE INTERNAÇÃO - CLINICA CUIDADOS PROGRESSIVOS 3º ANDAR;2023,0;6,0;1,0;1,0;6,0;0,16666666666666666;0,16666666666666666
HJXXIII;UNIDADE INTERNAÇÃO - CLINICA CUIDADOS PROGRESSIVOS 3º ANDAR;2023,0;7,0;4,0;4,0;5,0;0,8;0,8
HJXXIII;UNIDADE INTERNAÇÃO - CLINICA CUIDADOS PROGRESSIVOS 3º ANDAR;2023,0;8,0;2,0;2,0;2,0;1,0;1,0
HJXXIII;UNIDADE INTERNAÇÃO - CLINICA CUIDADOS PROGRESSIVOS 3º ANDAR;2023,0;9,0;4,0;4,0;6,0;0,6666666666666666;0,6666666666666666
HJXXIII;UNIDADE INTERNAÇÃO - CLINICA CUIDADOS PROGRESSIVOS 3º ANDAR;2023,0;10,0;0,0;0,0;3,0;0,0;0,0
HJXXIII;UNIDADE INTERNAÇÃO - CLINICA CUIDADOS PROGRESSIVOS 3º ANDAR;2023,0;11,0;3,0;3,0;5,0;0,6;0,6
HJXXIII;UNIDADE INTERNAÇÃO - CLINICA CUIDADOS PROGRESSIVOS 3º ANDAR;2023,0;12,0;3,0;3,0;8,0;0,375;0,375
HJXXIII;UNIDADE INTERNAÇÃO - CLINICA CUIDADOS PROGRESSIVOS 3º ANDAR;2024,0;1,0;3,0;3,0;6,0;0,5;0,5
HJXXIII;UNIDADE INTERNAÇÃO - CLINICA CUIDADOS PROGRESSIVOS 3º ANDAR;2024,0;2,0;4,0;4,0;12,0;0,3333333333333333;0,3333333333333333
HJXXIII;UNIDADE INTERNAÇÃO - CLINICA CUIDADOS PROGRESSIVOS 3º ANDAR;2024,0;3,0;11,0;11,0;16,0;0,6875;0,6875
HJXXIII;UNIDADE INTERNAÇÃO - CLINICA CUIDADOS PROGRESSIVOS 3º ANDAR;2024,0;4,0;5,0;5,0;16,0;0,3125;0,3125
HJXXIII;UNIDADE INTERNAÇÃO - CLINICA CUIDADOS PROGRESSIVOS 3º ANDAR;2024,0;5,0;1,0;1,0;10,0;0,1;0,1
HJXXIII;UNIDADE INTERNAÇÃO - CLINICA CUIDADOS PROGRESSIVOS 3º ANDAR;2024,0;6,0;5,0;5,0;12,0;0,4166666666666667;0,4166666666666667
HJXXIII;UNIDADE INTERNAÇÃO - CLINICA CUIDADOS PROGRESSIVOS 3º ANDAR;2024,0;7,0;2,0;2,0;4,0;0,5;0,5
HJXXIII;UNIDADE INTERNAÇÃO - CLINICA CUIDADOS PROGRESSIVOS 3º ANDAR;2024,0;8,0;7,0;7,0;12,0;0,5833333333333334;0,5833333333333334
HJXXIII;UNIDADE INTERNAÇÃO - CLINICA CUIDADOS PROGRESSIVOS 3º ANDAR;2024,0;9,0;6,0;6,0;10,0;0,6;0,6
HJXXIII;UNIDADE INTERNAÇÃO - CLINICA CUIDADOS PROGRESSIVOS 3º ANDAR;2024,0;10,0;2,0;2,0;7,0;0,2857142857142857;0,2857142857142857
HJXXIII;UNIDADE INTERNAÇÃO - CLINICA CUIDADOS PROGRESSIVOS 3º ANDAR;2024,0;11,0;4,0;4,0;9,0;0,4444444444444444;0,4444444444444444
HJXXIII;UNIDADE INTERNAÇÃO - CLINICA CUIDADOS PROGRESSIVOS 3º ANDAR;2024,0;12,0;6,0;6,0;8,0;0,75;0,75
HJXXIII;UNIDADE INTERNAÇÃO - CLINICA CUIDADOS PROGRESSIVOS 3º ANDAR;2025,0;1,0;8,0;8,0;22,0;0,36363636363636365;0,36363636363636365
HJXXIII;UNIDADE INTERNAÇÃO - CLINICA CUIDADOS PROGRESSIVOS 3º ANDAR;2025,0;2,0;1,0;1,0;8,0;0,125;0,125
HJXXIII;UNIDADE INTERNAÇÃO - CLINICA CUIDADOS PROGRESSIVOS 3º ANDAR;2025,0;3,0;6,0;6,0;22,0;0,2727272727272727;0,2727272727272727
HJXXIII;UNIDADE INTERNAÇÃO - CLINICA CUIDADOS PROGRESSIVOS 3º ANDAR;2025,0;4,0;2,0;2,0;20,0;0,1;0,1
HJXXIII;UNIDADE INTERNAÇÃO - CLINICA CUIDADOS PROGRESSIVOS 3º ANDAR;2025,0;5,0;4,0;4,0;15,0;0,26666666666666666;0,26666666666666666
HJXXIII;UNIDADE INTERNAÇÃO - CLINICA CUIDADOS PROGRESSIVOS 3º ANDAR;2025,0;6,0;2,0;2,0;16,0;0,125;0,125
HJXXIII;UNIDADE INTERNAÇÃO - CLINICA CUIDADOS PROGRESSIVOS 3º ANDAR;2025,0;7,0;4,0;4,0;25,0;0,16;0,16
HJXXIII;UNIDADE INTERNAÇÃO - CLINICA CUIDADOS PROGRESSIVOS 3º ANDAR;2025,0;8,0;6,0;6,0;31,0;0,1935483870967742;0,1935483870967742
HJXXIII;UNIDADE INTERNAÇÃO - CLINICA CUIDADOS PROGRESSIVOS 3º ANDAR;2025,0;9,0;9,0;9,0;16,0;0,5625;0,5625
HJXXIII;UNIDADE INTERNAÇÃO - CLINICA CUIDADOS PROGRESSIVOS 3º ANDAR;2025,0;10,0;8,0;8,0;20,0;0,4;0,4
HJXXIII;UNIDADE INTERNAÇÃO - CLINICA CUIDADOS PROGRESSIVOS 3º ANDAR;2025,0;11,0;5,0;5,0;15,0;0,3333333333333333;0,3333333333333333
HJXXIII;UNIDADE INTERNAÇÃO - CLINICA CUIDADOS PROGRESSIVOS 3º ANDAR;2025,0;12,0;5,0;5,0;16,0;0,3125;0,3125
HJXXIII;UNIDADE INTERNAÇÃO - CLINICA CUIDADOS PROGRESSIVOS 3º ANDAR;2026,0;1,0;3,0;3,0;8,0;0,375;0,375
HJXXIII;UNIDADE INTERNAÇÃO - CLINICA CUIDADOS PROGRESSIVOS 3º ANDAR;2026,0;2,0;6,0;6,0;16,0;0,375;0,375
HJXXIII;UNIDADE INTERNAÇÃO - CLINICA CUIDADOS PROGRESSIVOS 3º ANDAR;2026,0;3,0;11,0;11,0;15,0;0,7333333333333333;0,7333333333333333
HJXXIII;UNIDADE INTERNAÇÃO - CLINICA CUIDADOS PROGRESSIVOS 3º ANDAR;2026,0;4,0;2,0;2,0;7,0;0,2857142857142857;0,2857142857142857
HJXXIII;UNIDADE INTERNAÇÃO - CLINICA CUIDADOS PROGRESSIVOS 3º ANDAR;2026,0;5,0;5,0;5,0;17,0;0,29411764705882354;0,29411764705882354
HJXXIII;UNIDADE INTERNAÇÃO - CLINICA CUIDADOS PROGRESSIVOS 3º ANDAR;2026,0;6,0;6,0;6,0;19,0;0,3157894736842105;0,3157894736842105
HJXXIII;UNIDADE INTERNAÇÃO - CLINICA CUIDADOS PROGRESSIVOS 3º ANDAR;2026,0;7,0;5,0;5,0;19,0;0,2631578947368421;0,2631578947368421
HJXXIII;UNIDADE INTERNAÇÃO - CLINICA CUIDADOS PROGRESSIVOS 3º ANDAR;2026,0;8,0;2,0;2,0;10,0;0,2;0,2
HJXXIII;UNIDADE INTERNAÇÃO - CLINICA MÉDICA 6º ANDAR;2019,0;1,0;1,0;1,0;57,0;0,017543859649122806;0,017543859649122806
HJXXIII;UNIDADE INTERNAÇÃO - CLINICA MÉDICA 6º ANDAR;2019,0;2,0;8,0;8,0;68,0;0,11764705882352941;0,11764705882352941
HJXXIII;UNIDADE INTERNAÇÃO - CLINICA MÉDICA 6º ANDAR;2019,0;3,0;4,0;4,0;54,0;0,07407407407407407;0,07407407407407407
HJXXIII;UNIDADE INTERNAÇÃO - CLINICA MÉDICA 6º ANDAR;2019,0;4,0;4,0;4,0;57,0;0,07017543859649122;0,07017543859649122
HJXXIII;UNIDADE INTERNAÇÃO - CLINICA MÉDICA 6º ANDAR;2019,0;5,0;4,0;4,0;58,0;0,06896551724137931;0,06896551724137931
HJXXIII;UNIDADE INTERNAÇÃO - CLINICA MÉDICA 6º ANDAR;2019,0;6,0;7,0;7,0;66,0;0,10606060606060606;0,10606060606060606
HJXXIII;UNIDADE INTERNAÇÃO - CLINICA MÉDICA 6º ANDAR;2019,0;7,0;5,0;5,0;68,0;0,07352941176470588;0,07352941176470588
HJXXIII;UNIDADE INTERNAÇÃO - CLINICA MÉDICA 6º ANDAR;2019,0;8,0;5,0;5,0;76,0;0,06578947368421052;0,06578947368421052
HJXXIII;UNIDADE INTERNAÇÃO - CLINICA MÉDICA 6º ANDAR;2019,0;9,0;5,0;5,0;65,0;0,07692307692307693;0,07692307692307693
HJXXIII;UNIDADE INTERNAÇÃO - CLINICA MÉDICA 6º ANDAR;2019,0;10,0;2,0;2,0;45,0;0,044444444444444446;0,044444444444444446
HJXXIII;UNIDADE INTERNAÇÃO - CLINICA MÉDICA 6º ANDAR;2019,0;11,0;0,0;0,0;31,0;0,0;0,0
HJXXIII;UNIDADE INTERNAÇÃO - CLINICA MÉDICA 6º ANDAR;2019,0;12,0;0,0;0,0;45,0;0,0;0,0
HJXXIII;UNIDADE INTERNAÇÃO - CLINICA MÉDICA 6º ANDAR;2020,0;1,0;5,0;5,0;54,0;0,09259259259259259;0,09259259259259259
HJXXIII;UNIDADE INTERNAÇÃO - CLINICA MÉDICA 6º ANDAR;2020,0;2,0;1,0;1,0;47,0;0,02127659574468085;0,02127659574468085
HJXXIII;UNIDADE INTERNAÇÃO - CLINICA MÉDICA 6º ANDAR;2020,0;3,0;4,0;4,0;42,0;0,09523809523809523;0,09523809523809523
HJXXIII;UNIDADE INTERNAÇÃO - CLINICA MÉDICA 6º ANDAR;2020,0;4,0;5,0;5,0;57,0;0,08771929824561403;0,08771929824561403
HJXXIII;UNIDADE INTERNAÇÃO - CLINICA MÉDICA 6º ANDAR;2020,0;5,0;4,0;4,0;60,0;0,06666666666666667;0,06666666666666667
HJXXIII;UNIDADE INTERNAÇÃO - CLINICA MÉDICA 6º ANDAR;2020,0;6,0;1,0;1,0;49,0;0,02040816326530612;0,02040816326530612
HJXXIII;UNIDADE INTERNAÇÃO - CLINICA MÉDICA 6º ANDAR;2020,0;7,0;1,0;1,0;38,0;0,02631578947368421;0,02631578947368421
HJXXIII;UNIDADE INTERNAÇÃO - CLINICA MÉDICA 6º ANDAR;2020,0;8,0;1,0;1,0;25,0;0,04;0,04
HJXXIII;UNIDADE INTERNAÇÃO - CLINICA MÉDICA 6º ANDAR;2020,0;9,0;3,0;3,0;38,0;0,07894736842105263;0,07894736842105263
HJXXIII;UNIDADE INTERNAÇÃO - CLINICA MÉDICA 6º ANDAR;2020,0;10,0;1,0;1,0;29,0;0,034482758620689655;0,034482758620689655
HJXXIII;UNIDADE INTERNAÇÃO - CLINICA MÉDICA 6º ANDAR;2020,0;11,0;1,0;1,0;26,0;0,038461538461538464;0,038461538461538464
HJXXIII;UNIDADE INTERNAÇÃO - CLINICA MÉDICA 6º ANDAR;2020,0;12,0;3,0;3,0;38,0;0,07894736842105263;0,07894736842105263
HJXXIII;UNIDADE INTERNAÇÃO - CLINICA MÉDICA 6º ANDAR;2021,0;1,0;3,0;3,0;36,0;0,08333333333333333;0,08333333333333333
HJXXIII;UNIDADE INTERNAÇÃO - CLINICA MÉDICA 6º ANDAR;2021,0;2,0;2,0;2,0;22,0;0,09090909090909091;0,09090909090909091
HJXXIII;UNIDADE INTERNAÇÃO - CLINICA MÉDICA 6º ANDAR;2021,0;3,0;1,0;1,0;50,0;0,02;0,02
HJXXIII;UNIDADE INTERNAÇÃO - CLINICA MÉDICA 6º ANDAR;2021,0;4,0;0,0;0,0;49,0;0,0;0,0
HJXXIII;UNIDADE INTERNAÇÃO - CLINICA MÉDICA 6º ANDAR;2021,0;5,0;1,0;1,0;40,0;0,025;0,025
HJXXIII;UNIDADE INTERNAÇÃO - CLINICA MÉDICA 6º ANDAR;2021,0;6,0;2,0;2,0;51,0;0,0392156862745098;0,0392156862745098
HJXXIII;UNIDADE INTERNAÇÃO - CLINICA MÉDICA 6º ANDAR;2021,0;7,0;2,0;2,0;59,0;0,03389830508474576;0,03389830508474576
HJXXIII;UNIDADE INTERNAÇÃO - CLINICA MÉDICA 6º ANDAR;2021,0;8,0;0,0;0,0;88,0;0,0;0,0
HJXXIII;UNIDADE INTERNAÇÃO - CLINICA MÉDICA 6º ANDAR;2021,0;9,0;5,0;5,0;78,0;0,0641025641025641;0,0641025641025641
HJXXIII;UNIDADE INTERNAÇÃO - CLINICA MÉDICA 6º ANDAR;2021,0;10,0;1,0;1,0;51,0;0,0196078431372549;0,0196078431372549
HJXXIII;UNIDADE INTERNAÇÃO - CLINICA MÉDICA 6º ANDAR;2021,0;11,0;1,0;1,0;62,0;0,016129032258064516;0,016129032258064516
HJXXIII;UNIDADE INTERNAÇÃO - CLINICA MÉDICA 6º ANDAR;2021,0;12,0;3,0;3,0;69,0;0,043478260869565216;0,043478260869565216
HJXXIII;UNIDADE INTERNAÇÃO - CLINICA MÉDICA 6º ANDAR;2022,0;1,0;4,0;4,0;59,0;0,06779661016949153;0,06779661016949153
HJXXIII;UNIDADE INTERNAÇÃO - CLINICA MÉDICA 6º ANDAR;2022,0;2,0;1,0;1,0;44,0;0,022727272727272728;0,022727272727272728
HJXXIII;UNIDADE INTERNAÇÃO - CLINICA MÉDICA 6º ANDAR;2022,0;3,0;6,0;6,0;50,0;0,12;0,12
HJXXIII;UNIDADE INTERNAÇÃO - CLINICA MÉDICA 6º ANDAR;2022,0;4,0;2,0;2,0;49,0;0,04081632653061224;0,04081632653061224
HJXXIII;UNIDADE INTERNAÇÃO - CLINICA MÉDICA 6º ANDAR;2022,0;5,0;2,0;2,0;50,0;0,04;0,04
HJXXIII;UNIDADE INTERNAÇÃO - CLINICA MÉDICA 6º ANDAR;2022,0;6,0;2,0;2,0;56,0;0,03571428571428571;0,03571428571428571
HJXXIII;UNIDADE INTERNAÇÃO - CLINICA MÉDICA 6º ANDAR;2022,0;7,0;2,0;2,0;65,0;0,03076923076923077;0,03076923076923077
HJXXIII;UNIDADE INTERNAÇÃO - CLINICA MÉDICA 6º ANDAR;2022,0;8,0;2,0;2,0;50,0;0,04;0,04
HJXXIII;UNIDADE INTERNAÇÃO - CLINICA MÉDICA 6º ANDAR;2022,0;9,0;3,0;3,0;48,0;0,0625;0,0625
HJXXIII;UNIDADE INTERNAÇÃO - CLINICA MÉDICA 6º ANDAR;2022,0;10,0;1,0;0,0;52,0;0,019230769230769232;0,0
HJXXIII;UNIDADE INTERNAÇÃO - CLINICA MÉDICA 6º ANDAR;2022,0;11,0;0,0;0,0;45,0;0,0;0,0
HJXXIII;UNIDADE INTERNAÇÃO - CLINICA MÉDICA 6º ANDAR;2022,0;12,0;0,0;0,0;55,0;0,0;0,0
HJXXIII;UNIDADE INTERNAÇÃO - CLINICA MÉDICA 6º ANDAR;2023,0;1,0;0,0;0,0;54,0;0,0;0,0
HJXXIII;UNIDADE INTERNAÇÃO - CLINICA MÉDICA 6º ANDAR;2023,0;2,0;1,0;1,0;46,0;0,021739130434782608;0,021739130434782608
HJXXIII;UNIDADE INTERNAÇÃO - CLINICA MÉDICA 6º ANDAR;2023,0;3,0;1,0;1,0;44,0;0,022727272727272728;0,022727272727272728
HJXXIII;UNIDADE INTERNAÇÃO - CLINICA MÉDICA 6º ANDAR;2023,0;4,0;1,0;1,0;46,0;0,021739130434782608;0,021739130434782608
HJXXIII;UNIDADE INTERNAÇÃO - CLINICA MÉDICA 6º ANDAR;2023,0;5,0;0,0;0,0;40,0;0,0;0,0
HJXXIII;UNIDADE INTERNAÇÃO - CLINICA MÉDICA 6º ANDAR;2023,0;6,0;2,0;2,0;30,0;0,06666666666666667;0,06666666666666667
HJXXIII;UNIDADE INTERNAÇÃO - CLINICA MÉDICA 6º ANDAR;2023,0;7,0;4,0;4,0;36,0;0,1111111111111111;0,1111111111111111
HJXXIII;UNIDADE INTERNAÇÃO - CLINICA MÉDICA 6º ANDAR;2023,0;8,0;4,0;4,0;39,0;0,10256410256410256;0,10256410256410256
HJXXIII;UNIDADE INTERNAÇÃO - CLINICA MÉDICA 6º ANDAR;2023,0;9,0;4,0;4,0;23,0;0,17391304347826086;0,17391304347826086
HJXXIII;UNIDADE INTERNAÇÃO - CLINICA MÉDICA 6º ANDAR;2023,0;10,0;3,0;3,0;37,0;0,08108108108108109;0,08108108108108109
HJXXIII;UNIDADE INTERNAÇÃO - CLINICA MÉDICA 6º ANDAR;2023,0;11,0;1,0;1,0;34,0;0,029411764705882353;0,029411764705882353
HJXXIII;UNIDADE INTERNAÇÃO - CLINICA MÉDICA 6º ANDAR;2023,0;12,0;4,0;4,0;33,0;0,12121212121212122;0,12121212121212122
HJXXIII;UNIDADE INTERNAÇÃO - CLINICA MÉDICA 6º ANDAR;2024,0;1,0;1,0;1,0;46,0;0,021739130434782608;0,021739130434782608
HJXXIII;UNIDADE INTERNAÇÃO - CLINICA MÉDICA 6º ANDAR;2024,0;2,0;2,0;2,0;47,0;0,0425531914893617;0,0425531914893617
HJXXIII;UNIDADE INTERNAÇÃO - CLINICA MÉDICA 6º ANDAR;2024,0;3,0;2,0;2,0;49,0;0,04081632653061224;0,04081632653061224
HJXXIII;UNIDADE INTERNAÇÃO - CLINICA MÉDICA 6º ANDAR;2024,0;4,0;1,0;1,0;54,0;0,018518518518518517;0,018518518518518517
HJXXIII;UNIDADE INTERNAÇÃO - CLINICA MÉDICA 6º ANDAR;2024,0;5,0;2,0;2,0;48,0;0,041666666666666664;0,041666666666666664
HJXXIII;UNIDADE INTERNAÇÃO - CLINICA MÉDICA 6º ANDAR;2024,0;6,0;4,0;4,0;40,0;0,1;0,1
HJXXIII;UNIDADE INTERNAÇÃO - CLINICA MÉDICA 6º ANDAR;2024,0;7,0;0,0;0,0;29,0;0,0;0,0
HJXXIII;UNIDADE INTERNAÇÃO - CLINICA MÉDICA 6º ANDAR;2024,0;8,0;1,0;1,0;39,0;0,02564102564102564;0,02564102564102564
HJXXIII;UNIDADE INTERNAÇÃO - CLINICA MÉDICA 6º ANDAR;2024,0;9,0;1,0;1,0;42,0;0,023809523809523808;0,023809523809523808
HJXXIII;UNIDADE INTERNAÇÃO - CLINICA MÉDICA 6º ANDAR;2024,0;10,0;1,0;1,0;45,0;0,022222222222222223;0,022222222222222223
HJXXIII;UNIDADE INTERNAÇÃO - CLINICA MÉDICA 6º ANDAR;2024,0;11,0;2,0;2,0;40,0;0,05;0,05
HJXXIII;UNIDADE INTERNAÇÃO - CLINICA MÉDICA 6º ANDAR;2024,0;12,0;3,0;3,0;41,0;0,07317073170731707;0,07317073170731707
HJXXIII;UNIDADE INTERNAÇÃO - CLINICA MÉDICA 6º ANDAR;2025,0;1,0;3,0;3,0;39,0;0,07692307692307693;0,07692307692307693
HJXXIII;UNIDADE INTERNAÇÃO - CLINICA MÉDICA 6º ANDAR;2025,0;2,0;1,0;1,0;39,0;0,02564102564102564;0,02564102564102564
HJXXIII;UNIDADE INTERNAÇÃO - CLINICA MÉDICA 6º ANDAR;2025,0;3,0;0,0;0,0;33,0;0,0;0,0
HJXXIII;UNIDADE INTERNAÇÃO - CLINICA MÉDICA 6º ANDAR;2025,0;4,0;0,0;0,0;61,0;0,0;0,0
HJXXIII;UNIDADE INTERNAÇÃO - CLINICA MÉDICA 6º ANDAR;2025,0;5,0;0,0;0,0;60,0;0,0;0,0
HJXXIII;UNIDADE INTERNAÇÃO - CLINICA MÉDICA 6º ANDAR;2025,0;6,0;0,0;0,0;51,0;0,0;0,0
HJXXIII;UNIDADE INTERNAÇÃO - CLINICA MÉDICA 6º ANDAR;2025,0;7,0;0,0;0,0;55,0;0,0;0,0
HJXXIII;UNIDADE INTERNAÇÃO - CLINICA MÉDICA 6º ANDAR;2025,0;8,0;1,0;1,0;51,0;0,0196078431372549;0,0196078431372549
HJXXIII;UNIDADE INTERNAÇÃO - CLINICA MÉDICA 6º ANDAR;2025,0;9,0;1,0;1,0;62,0;0,016129032258064516;0,016129032258064516
HJXXIII;UNIDADE INTERNAÇÃO - CLINICA MÉDICA 6º ANDAR;2025,0;10,0;2,0;2,0;72,0;0,027777777777777776;0,027777777777777776
HJXXIII;UNIDADE INTERNAÇÃO - CLINICA MÉDICA 6º ANDAR;2025,0;11,0;2,0;2,0;56,0;0,03571428571428571;0,03571428571428571
HJXXIII;UNIDADE INTERNAÇÃO - CLINICA MÉDICA 6º ANDAR;2025,0;12,0;1,0;1,0;60,0;0,016666666666666666;0,016666666666666666
HJXXIII;UNIDADE INTERNAÇÃO - CLINICA MÉDICA 6º ANDAR;2026,0;1,0;3,0;3,0;68,0;0,04411764705882353;0,04411764705882353
HJXXIII;UNIDADE INTERNAÇÃO - CLINICA MÉDICA 6º ANDAR;2026,0;2,0;1,0;1,0;59,0;0,01694915254237288;0,01694915254237288
HJXXIII;UNIDADE INTERNAÇÃO - CLINICA MÉDICA 6º ANDAR;2026,0;3,0;0,0;0,0;61,0;0,0;0,0
HJXXIII;UNIDADE INTERNAÇÃO - CLINICA MÉDICA 6º ANDAR;2026,0;4,0;1,0;1,0;62,0;0,016129032258064516;0,016129032258064516
HJXXIII;UNIDADE INTERNAÇÃO - CLINICA MÉDICA 6º ANDAR;2026,0;5,0;2,0;2,0;71,0;0,028169014084507043;0,028169014084507043
HJXXIII;UNIDADE INTERNAÇÃO - CLINICA MÉDICA 6º ANDAR;2026,0;6,0;0,0;0,0;69,0;0,0;0,0
HJXXIII;UNIDADE INTERNAÇÃO - CLINICA MÉDICA 6º ANDAR;2026,0;7,0;2,0;2,0;68,0;0,029411764705882353;0,029411764705882353
HJXXIII;UNIDADE INTERNAÇÃO - CLINICA MÉDICA 6º ANDAR;2026,0;8,0;1,0;1,0;52,0;0,019230769230769232;0,019230769230769232
HJXXIII;UNIDADE INTERNAÇÃO - CLINICA NEUROLOGICA 5º ANDAR;2019,0;1,0;1,0;1,0;42,0;0,023809523809523808;0,023809523809523808
HJXXIII;UNIDADE INTERNAÇÃO - CLINICA NEUROLOGICA 5º ANDAR;2019,0;2,0;2,0;2,0;30,0;0,06666666666666667;0,06666666666666667
HJXXIII;UNIDADE INTERNAÇÃO - CLINICA NEUROLOGICA 5º ANDAR;2019,0;3,0;1,0;1,0;44,0;0,022727272727272728;0,022727272727272728
HJXXIII;UNIDADE INTERNAÇÃO - CLINICA NEUROLOGICA 5º ANDAR;2019,0;4,0;1,0;1,0;54,0;0,018518518518518517;0,018518518518518517
HJXXIII;UNIDADE INTERNAÇÃO - CLINICA NEUROLOGICA 5º ANDAR;2019,0;5,0;1,0;1,0;31,0;0,03225806451612903;0,03225806451612903
HJXXIII;UNIDADE INTERNAÇÃO - CLINICA NEUROLOGICA 5º ANDAR;2019,0;6,0;1,0;1,0;41,0;0,024390243902439025;0,024390243902439025
HJXXIII;UNIDADE INTERNAÇÃO - CLINICA NEUROLOGICA 5º ANDAR;2019,0;7,0;0,0;0,0;54,0;0,0;0,0
HJXXIII;UNIDADE INTERNAÇÃO - CLINICA NEUROLOGICA 5º ANDAR;2019,0;8,0;0,0;0,0;42,0;0,0;0,0
HJXXIII;UNIDADE INTERNAÇÃO - CLINICA NEUROLOGICA 5º ANDAR;2019,0;9,0;0,0;0,0;36,0;0,0;0,0
HJXXIII;UNIDADE INTERNAÇÃO - CLINICA NEUROLOGICA 5º ANDAR;2019,0;10,0;1,0;1,0;38,0;0,02631578947368421;0,02631578947368421
HJXXIII;UNIDADE INTERNAÇÃO - CLINICA NEUROLOGICA 5º ANDAR;2019,0;11,0;1,0;1,0;33,0;0,030303030303030304;0,030303030303030304
HJXXIII;UNIDADE INTERNAÇÃO - CLINICA NEUROLOGICA 5º ANDAR;2019,0;12,0;0,0;0,0;45,0;0,0;0,0
HJXXIII;UNIDADE INTERNAÇÃO - CLINICA NEUROLOGICA 5º ANDAR;2020,0;1,0;0,0;0,0;53,0;0,0;0,0
HJXXIII;UNIDADE INTERNAÇÃO - CLINICA NEUROLOGICA 5º ANDAR;2020,0;2,0;0,0;0,0;50,0;0,0;0,0
HJXXIII;UNIDADE INTERNAÇÃO - CLINICA NEUROLOGICA 5º ANDAR;2020,0;3,0;1,0;1,0;42,0;0,023809523809523808;0,023809523809523808
HJXXIII;UNIDADE INTERNAÇÃO - CLINICA NEUROLOGICA 5º ANDAR;2020,0;4,0;0,0;0,0;54,0;0,0;0,0
HJXXIII;UNIDADE INTERNAÇÃO - CLINICA NEUROLOGICA 5º ANDAR;2020,0;5,0;1,0;1,0;60,0;0,016666666666666666;0,016666666666666666
HJXXIII;UNIDADE INTERNAÇÃO - CLINICA NEUROLOGICA 5º ANDAR;2020,0;6,0;1,0;1,0;47,0;0,02127659574468085;0,02127659574468085
HJXXIII;UNIDADE INTERNAÇÃO - CLINICA NEUROLOGICA 5º ANDAR;2020,0;7,0;3,0;3,0;53,0;0,05660377358490566;0,05660377358490566
HJXXIII;UNIDADE INTERNAÇÃO - CLINICA NEUROLOGICA 5º ANDAR;2020,0;8,0;1,0;1,0;38,0;0,02631578947368421;0,02631578947368421
HJXXIII;UNIDADE INTERNAÇÃO - CLINICA NEUROLOGICA 5º ANDAR;2020,0;9,0;2,0;2,0;56,0;0,03571428571428571;0,03571428571428571
HJXXIII;UNIDADE INTERNAÇÃO - CLINICA NEUROLOGICA 5º ANDAR;2020,0;10,0;1,0;1,0;54,0;0,018518518518518517;0,018518518518518517
HJXXIII;UNIDADE INTERNAÇÃO - CLINICA NEUROLOGICA 5º ANDAR;2020,0;11,0;1,0;1,0;66,0;0,015151515151515152;0,015151515151515152
HJXXIII;UNIDADE INTERNAÇÃO - CLINICA NEUROLOGICA 5º ANDAR;2020,0;12,0;0,0;0,0;81,0;0,0;0,0
HJXXIII;UNIDADE INTERNAÇÃO - CLINICA NEUROLOGICA 5º ANDAR;2021,0;1,0;1,0;1,0;75,0;0,013333333333333334;0,013333333333333334
HJXXIII;UNIDADE INTERNAÇÃO - CLINICA NEUROLOGICA 5º ANDAR;2021,0;2,0;1,0;1,0;55,0;0,01818181818181818;0,01818181818181818
HJXXIII;UNIDADE INTERNAÇÃO - CLINICA NEUROLOGICA 5º ANDAR;2021,0;3,0;1,0;1,0;65,0;0,015384615384615385;0,015384615384615385
HJXXIII;UNIDADE INTERNAÇÃO - CLINICA NEUROLOGICA 5º ANDAR;2021,0;4,0;0,0;0,0;48,0;0,0;0,0
HJXXIII;UNIDADE INTERNAÇÃO - CLINICA NEUROLOGICA 5º ANDAR;2021,0;5,0;2,0;2,0;44,0;0,045454545454545456;0,045454545454545456
HJXXIII;UNIDADE INTERNAÇÃO - CLINICA NEUROLOGICA 5º ANDAR;2021,0;6,0;2,0;2,0;52,0;0,038461538461538464;0,038461538461538464
HJXXIII;UNIDADE INTERNAÇÃO - CLINICA NEUROLOGICA 5º ANDAR;2021,0;7,0;3,0;3,0;65,0;0,046153846153846156;0,046153846153846156
HJXXIII;UNIDADE INTERNAÇÃO - CLINICA NEUROLOGICA 5º ANDAR;2021,0;8,0;3,0;3,0;91,0;0,03296703296703297;0,03296703296703297
HJXXIII;UNIDADE INTERNAÇÃO - CLINICA NEUROLOGICA 5º ANDAR;2021,0;9,0;3,0;3,0;72,0;0,041666666666666664;0,041666666666666664
HJXXIII;UNIDADE INTERNAÇÃO - CLINICA NEUROLOGICA 5º ANDAR;2021,0;10,0;0,0;0,0;81,0;0,0;0,0
HJXXIII;UNIDADE INTERNAÇÃO - CLINICA NEUROLOGICA 5º ANDAR;2021,0;11,0;2,0;2,0;79,0;0,02531645569620253;0,02531645569620253
HJXXIII;UNIDADE INTERNAÇÃO - CLINICA NEUROLOGICA 5º ANDAR;2021,0;12,0;2,0;2,0;65,0;0,03076923076923077;0,03076923076923077
HJXXIII;UNIDADE INTERNAÇÃO - CLINICA NEUROLOGICA 5º ANDAR;2022,0;1,0;2,0;2,0;71,0;0,028169014084507043;0,028169014084507043
HJXXIII;UNIDADE INTERNAÇÃO - CLINICA NEUROLOGICA 5º ANDAR;2022,0;2,0;2,0;2,0;72,0;0,027777777777777776;0,027777777777777776
HJXXIII;UNIDADE INTERNAÇÃO - CLINICA NEUROLOGICA 5º ANDAR;2022,0;3,0;4,0;4,0;68,0;0,058823529411764705;0,058823529411764705
HJXXIII;UNIDADE INTERNAÇÃO - CLINICA NEUROLOGICA 5º ANDAR;2022,0;4,0;0,0;0,0;69,0;0,0;0,0
HJXXIII;UNIDADE INTERNAÇÃO - CLINICA NEUROLOGICA 5º ANDAR;2022,0;5,0;1,0;1,0;68,0;0,014705882352941176;0,014705882352941176
HJXXIII;UNIDADE INTERNAÇÃO - CLINICA NEUROLOGICA 5º ANDAR;2022,0;6,0;2,0;2,0;71,0;0,028169014084507043;0,028169014084507043
HJXXIII;UNIDADE INTERNAÇÃO - CLINICA NEUROLOGICA 5º ANDAR;2022,0;7,0;0,0;0,0;54,0;0,0;0,0
HJXXIII;UNIDADE INTERNAÇÃO - CLINICA NEUROLOGICA 5º ANDAR;2022,0;8,0;0,0;0,0;62,0;0,0;0,0
HJXXIII;UNIDADE INTERNAÇÃO - CLINICA NEUROLOGICA 5º ANDAR;2022,0;9,0;0,0;0,0;70,0;0,0;0,0
HJXXIII;UNIDADE INTERNAÇÃO - CLINICA NEUROLOGICA 5º ANDAR;2022,0;10,0;0,0;0,0;66,0;0,0;0,0
HJXXIII;UNIDADE INTERNAÇÃO - CLINICA NEUROLOGICA 5º ANDAR;2022,0;11,0;0,0;0,0;51,0;0,0;0,0
HJXXIII;UNIDADE INTERNAÇÃO - CLINICA NEUROLOGICA 5º ANDAR;2022,0;12,0;3,0;3,0;51,0;0,058823529411764705;0,058823529411764705
HJXXIII;UNIDADE INTERNAÇÃO - CLINICA NEUROLOGICA 5º ANDAR;2023,0;1,0;2,0;2,0;61,0;0,03278688524590164;0,03278688524590164
HJXXIII;UNIDADE INTERNAÇÃO - CLINICA NEUROLOGICA 5º ANDAR;2023,0;2,0;0,0;0,0;74,0;0,0;0,0
HJXXIII;UNIDADE INTERNAÇÃO - CLINICA NEUROLOGICA 5º ANDAR;2023,0;3,0;0,0;0,0;54,0;0,0;0,0
HJXXIII;UNIDADE INTERNAÇÃO - CLINICA NEUROLOGICA 5º ANDAR;2023,0;4,0;2,0;2,0;50,0;0,04;0,04
HJXXIII;UNIDADE INTERNAÇÃO - CLINICA NEUROLOGICA 5º ANDAR;2023,0;5,0;4,0;4,0;46,0;0,08695652173913043;0,08695652173913043
HJXXIII;UNIDADE INTERNAÇÃO - CLINICA NEUROLOGICA 5º ANDAR;2023,0;6,0;4,0;4,0;43,0;0,09302325581395349;0,09302325581395349
HJXXIII;UNIDADE INTERNAÇÃO - CLINICA NEUROLOGICA 5º ANDAR;2023,0;7,0;5,0;5,0;46,0;0,10869565217391304;0,10869565217391304
HJXXIII;UNIDADE INTERNAÇÃO - CLINICA NEUROLOGICA 5º ANDAR;2023,0;8,0;4,0;4,0;47,0;0,0851063829787234;0,0851063829787234
HJXXIII;UNIDADE INTERNAÇÃO - CLINICA NEUROLOGICA 5º ANDAR;2023,0;9,0;0,0;0,0;49,0;0,0;0,0
HJXXIII;UNIDADE INTERNAÇÃO - CLINICA NEUROLOGICA 5º ANDAR;2023,0;10,0;3,0;3,0;55,0;0,05454545454545454;0,05454545454545454
HJXXIII;UNIDADE INTERNAÇÃO - CLINICA NEUROLOGICA 5º ANDAR;2023,0;11,0;3,0;3,0;59,0;0,05084745762711865;0,05084745762711865
HJXXIII;UNIDADE INTERNAÇÃO - CLINICA NEUROLOGICA 5º ANDAR;2023,0;12,0;2,0;2,0;68,0;0,029411764705882353;0,029411764705882353
HJXXIII;UNIDADE INTERNAÇÃO - CLINICA NEUROLOGICA 5º ANDAR;2024,0;1,0;3,0;3,0;46,0;0,06521739130434782;0,06521739130434782
HJXXIII;UNIDADE INTERNAÇÃO - CLINICA NEUROLOGICA 5º ANDAR;2024,0;2,0;3,0;3,0;47,0;0,06382978723404255;0,06382978723404255
HJXXIII;UNIDADE INTERNAÇÃO - CLINICA NEUROLOGICA 5º ANDAR;2024,0;3,0;2,0;2,0;63,0;0,031746031746031744;0,031746031746031744
HJXXIII;UNIDADE INTERNAÇÃO - CLINICA NEUROLOGICA 5º ANDAR;2024,0;4,0;1,0;1,0;77,0;0,012987012987012988;0,012987012987012988
HJXXIII;UNIDADE INTERNAÇÃO - CLINICA NEUROLOGICA 5º ANDAR;2024,0;5,0;2,0;2,0;81,0;0,024691358024691357;0,024691358024691357
HJXXIII;UNIDADE INTERNAÇÃO - CLINICA NEUROLOGICA 5º ANDAR;2024,0;6,0;0,0;0,0;64,0;0,0;0,0
HJXXIII;UNIDADE INTERNAÇÃO - CLINICA NEUROLOGICA 5º ANDAR;2024,0;7,0;2,0;2,0;53,0;0,03773584905660377;0,03773584905660377
HJXXIII;UNIDADE INTERNAÇÃO - CLINICA NEUROLOGICA 5º ANDAR;2024,0;8,0;3,0;3,0;74,0;0,04054054054054054;0,04054054054054054
HJXXIII;UNIDADE INTERNAÇÃO - CLINICA NEUROLOGICA 5º ANDAR;2024,0;9,0;4,0;4,0;51,0;0,0784313725490196;0,0784313725490196
HJXXIII;UNIDADE INTERNAÇÃO - CLINICA NEUROLOGICA 5º ANDAR;2024,0;10,0;1,0;1,0;68,0;0,014705882352941176;0,014705882352941176
HJXXIII;UNIDADE INTERNAÇÃO - CLINICA NEUROLOGICA 5º ANDAR;2024,0;11,0;4,0;4,0;68,0;0,058823529411764705;0,058823529411764705
HJXXIII;UNIDADE INTERNAÇÃO - CLINICA NEUROLOGICA 5º ANDAR;2024,0;12,0;2,0;2,0;59,0;0,03389830508474576;0,03389830508474576
HJXXIII;UNIDADE INTERNAÇÃO - CLINICA NEUROLOGICA 5º ANDAR;2025,0;1,0;1,0;1,0;58,0;0,017241379310344827;0,017241379310344827
HJXXIII;UNIDADE INTERNAÇÃO - CLINICA NEUROLOGICA 5º ANDAR;2025,0;2,0;3,0;3,0;56,0;0,05357142857142857;0,05357142857142857
HJXXIII;UNIDADE INTERNAÇÃO - CLINICA NEUROLOGICA 5º ANDAR;2025,0;3,0;2,0;2,0;65,0;0,03076923076923077;0,03076923076923077
HJXXIII;UNIDADE INTERNAÇÃO - CLINICA NEUROLOGICA 5º ANDAR;2025,0;4,0;1,0;1,0;96,0;0,010416666666666666;0,010416666666666666
HJXXIII;UNIDADE INTERNAÇÃO - CLINICA NEUROLOGICA 5º ANDAR;2025,0;5,0;1,0;1,0;77,0;0,012987012987012988;0,012987012987012988
HJXXIII;UNIDADE INTERNAÇÃO - CLINICA NEUROLOGICA 5º ANDAR;2025,0;6,0;1,0;1,0;75,0;0,013333333333333334;0,013333333333333334
HJXXIII;UNIDADE INTERNAÇÃO - CLINICA NEUROLOGICA 5º ANDAR;2025,0;7,0;1,0;1,0;86,0;0,011627906976744186;0,011627906976744186
HJXXIII;UNIDADE INTERNAÇÃO - CLINICA NEUROLOGICA 5º ANDAR;2025,0;8,0;1,0;1,0;91,0;0,01098901098901099;0,01098901098901099
HJXXIII;UNIDADE INTERNAÇÃO - CLINICA NEUROLOGICA 5º ANDAR;2025,0;9,0;6,0;6,0;81,0;0,07407407407407407;0,07407407407407407
HJXXIII;UNIDADE INTERNAÇÃO - CLINICA NEUROLOGICA 5º ANDAR;2025,0;10,0;0,0;0,0;68,0;0,0;0,0
HJXXIII;UNIDADE INTERNAÇÃO - CLINICA NEUROLOGICA 5º ANDAR;2025,0;11,0;2,0;2,0;52,0;0,038461538461538464;0,038461538461538464
HJXXIII;UNIDADE INTERNAÇÃO - CLINICA NEUROLOGICA 5º ANDAR;2025,0;12,0;3,0;3,0;86,0;0,03488372093023256;0,03488372093023256
HJXXIII;UNIDADE INTERNAÇÃO - CLINICA NEUROLOGICA 5º ANDAR;2026,0;1,0;0,0;0,0;81,0;0,0;0,0
HJXXIII;UNIDADE INTERNAÇÃO - CLINICA NEUROLOGICA 5º ANDAR;2026,0;2,0;4,0;4,0;54,0;0,07407407407407407;0,07407407407407407
HJXXIII;UNIDADE INTERNAÇÃO - CLINICA NEUROLOGICA 5º ANDAR;2026,0;3,0;3,0;3,0;93,0;0,03225806451612903;0,03225806451612903
HJXXIII;UNIDADE INTERNAÇÃO - CLINICA NEUROLOGICA 5º ANDAR;2026,0;4,0;2,0;2,0;76,0;0,02631578947368421;0,02631578947368421
HJXXIII;UNIDADE INTERNAÇÃO - CLINICA NEUROLOGICA 5º ANDAR;2026,0;5,0;3,0;3,0;93,0;0,03225806451612903;0,03225806451612903
HJXXIII;UNIDADE INTERNAÇÃO - CLINICA NEUROLOGICA 5º ANDAR;2026,0;6,0;3,0;3,0;95,0;0,031578947368421054;0,031578947368421054
HJXXIII;UNIDADE INTERNAÇÃO - CLINICA NEUROLOGICA 5º ANDAR;2026,0;7,0;2,0;2,0;105,0;0,01904761904761905;0,01904761904761905
HJXXIII;UNIDADE INTERNAÇÃO - CLINICA NEUROLOGICA 5º ANDAR;2026,0;8,0;2,0;2,0;91,0;0,02197802197802198;0,02197802197802198
HJXXIII;UNIDADE INTERNAÇÃO - CLINICA PEDIÁTRICA 2º ANDAR;2019,0;1,0;0,0;0,0;13,0;0,0;0,0
HJXXIII;UNIDADE INTERNAÇÃO - CLINICA PEDIÁTRICA 2º ANDAR;2019,0;2,0;0,0;0,0;24,0;0,0;0,0
HJXXIII;UNIDADE INTERNAÇÃO - CLINICA PEDIÁTRICA 2º ANDAR;2019,0;3,0;0,0;0,0;36,0;0,0;0,0
HJXXIII;UNIDADE INTERNAÇÃO - CLINICA PEDIÁTRICA 2º ANDAR;2019,0;4,0;0,0;0,0;26,0;0,0;0,0
HJXXIII;UNIDADE INTERNAÇÃO - CLINICA PEDIÁTRICA 2º ANDAR;2019,0;5,0;0,0;0,0;29,0;0,0;0,0
HJXXIII;UNIDADE INTERNAÇÃO - CLINICA PEDIÁTRICA 2º ANDAR;2019,0;6,0;0,0;0,0;11,0;0,0;0,0
HJXXIII;UNIDADE INTERNAÇÃO - CLINICA PEDIÁTRICA 2º ANDAR;2019,0;7,0;0,0;0,0;30,0;0,0;0,0
HJXXIII;UNIDADE INTERNAÇÃO - CLINICA PEDIÁTRICA 2º ANDAR;2019,0;8,0;0,0;0,0;38,0;0,0;0,0
HJXXIII;UNIDADE INTERNAÇÃO - CLINICA PEDIÁTRICA 2º ANDAR;2019,0;9,0;0,0;0,0;41,0;0,0;0,0
HJXXIII;UNIDADE INTERNAÇÃO - CLINICA PEDIÁTRICA 2º ANDAR;2019,0;10,0;0,0;0,0;44,0;0,0;0,0
HJXXIII;UNIDADE INTERNAÇÃO - CLINICA PEDIÁTRICA 2º ANDAR;2019,0;11,0;0,0;0,0;27,0;0,0;0,0
HJXXIII;UNIDADE INTERNAÇÃO - CLINICA PEDIÁTRICA 2º ANDAR;2019,0;12,0;0,0;0,0;29,0;0,0;0,0
HJXXIII;UNIDADE INTERNAÇÃO - CLINICA PEDIÁTRICA 2º ANDAR;2020,0;1,0;0,0;0,0;41,0;0,0;0,0
HJXXIII;UNIDADE INTERNAÇÃO - CLINICA PEDIÁTRICA 2º ANDAR;2020,0;2,0;0,0;0,0;19,0;0,0;0,0
HJXXIII;UNIDADE INTERNAÇÃO - CLINICA PEDIÁTRICA 2º ANDAR;2020,0;3,0;0,0;0,0;14,0;0,0;0,0
HJXXIII;UNIDADE INTERNAÇÃO - CLINICA PEDIÁTRICA 2º ANDAR;2020,0;4,0;0,0;0,0;1,0;0,0;0,0
HJXXIII;UNIDADE INTERNAÇÃO - CLINICA PEDIÁTRICA 2º ANDAR;2020,0;8,0;0,0;0,0;1,0;0,0;0,0
HJXXIII;UNIDADE INTERNAÇÃO - CLINICA PEDIÁTRICA 2º ANDAR;2020,0;9,0;0,0;0,0;4,0;0,0;0,0
HJXXIII;UNIDADE INTERNAÇÃO - CLINICA PEDIÁTRICA 2º ANDAR;2021,0;2,0;0,0;0,0;1,0;0,0;0,0
HJXXIII;UNIDADE INTERNAÇÃO - CLINICA PEDIÁTRICA 2º ANDAR;2021,0;3,0;0,0;0,0;1,0;0,0;0,0
HJXXIII;UNIDADE INTERNAÇÃO - QUEIMADOS GRAVES 9º ANDAR;2019,0;2,0;2,0;2,0;2,0;1,0;1,0
HJXXIII;UNIDADE INTERNAÇÃO - QUEIMADOS GRAVES 9º ANDAR;2019,0;3,0;3,0;3,0;3,0;1,0;1,0
HJXXIII;UNIDADE INTERNAÇÃO - QUEIMADOS GRAVES 9º ANDAR;2019,0;4,0;1,0;1,0;1,0;1,0;1,0
HJXXIII;UNIDADE INTERNAÇÃO - QUEIMADOS GRAVES 9º ANDAR;2019,0;5,0;2,0;2,0;3,0;0,6666666666666666;0,6666666666666666
HJXXIII;UNIDADE INTERNAÇÃO - QUEIMADOS GRAVES 9º ANDAR;2019,0;6,0;3,0;3,0;3,0;1,0;1,0
HJXXIII;UNIDADE INTERNAÇÃO - QUEIMADOS GRAVES 9º ANDAR;2019,0;7,0;3,0;3,0;3,0;1,0;1,0
HJXXIII;UNIDADE INTERNAÇÃO - QUEIMADOS GRAVES 9º ANDAR;2019,0;8,0;3,0;2,0;3,0;1,0;0,6666666666666666
HJXXIII;UNIDADE INTERNAÇÃO - QUEIMADOS GRAVES 9º ANDAR;2019,0;9,0;1,0;1,0;1,0;1,0;1,0
HJXXIII;UNIDADE INTERNAÇÃO - QUEIMADOS GRAVES 9º ANDAR;2019,0;10,0;2,0;2,0;2,0;1,0;1,0
HJXXIII;UNIDADE INTERNAÇÃO - QUEIMADOS GRAVES 9º ANDAR;2019,0;11,0;2,0;2,0;2,0;1,0;1,0
HJXXIII;UNIDADE INTERNAÇÃO - QUEIMADOS GRAVES 9º ANDAR;2019,0;12,0;2,0;2,0;4,0;0,5;0,5
HJXXIII;UNIDADE INTERNAÇÃO - QUEIMADOS GRAVES 9º ANDAR;2020,0;1,0;4,0;4,0;4,0;1,0;1,0
HJXXIII;UNIDADE INTERNAÇÃO - QUEIMADOS GRAVES 9º ANDAR;2020,0;2,0;3,0;3,0;3,0;1,0;1,0
HJXXIII;UNIDADE INTERNAÇÃO - QUEIMADOS GRAVES 9º ANDAR;2020,0;3,0;3,0;3,0;3,0;1,0;1,0
HJXXIII;UNIDADE INTERNAÇÃO - QUEIMADOS GRAVES 9º ANDAR;2020,0;4,0;3,0;3,0;3,0;1,0;1,0
HJXXIII;UNIDADE INTERNAÇÃO - QUEIMADOS GRAVES 9º ANDAR;2020,0;5,0;1,0;1,0;1,0;1,0;1,0
HJXXIII;UNIDADE INTERNAÇÃO - QUEIMADOS GRAVES 9º ANDAR;2020,0;6,0;3,0;3,0;4,0;0,75;0,75
HJXXIII;UNIDADE INTERNAÇÃO - QUEIMADOS GRAVES 9º ANDAR;2020,0;8,0;2,0;2,0;3,0;0,6666666666666666;0,6666666666666666
HJXXIII;UNIDADE INTERNAÇÃO - QUEIMADOS GRAVES 9º ANDAR;2020,0;9,0;2,0;2,0;2,0;1,0;1,0
HJXXIII;UNIDADE INTERNAÇÃO - QUEIMADOS GRAVES 9º ANDAR;2020,0;10,0;3,0;3,0;3,0;1,0;1,0
HJXXIII;UNIDADE INTERNAÇÃO - QUEIMADOS GRAVES 9º ANDAR;2020,0;11,0;2,0;2,0;2,0;1,0;1,0
HJXXIII;UNIDADE INTERNAÇÃO - QUEIMADOS GRAVES 9º ANDAR;2020,0;12,0;5,0;5,0;5,0;1,0;1,0
HJXXIII;UNIDADE INTERNAÇÃO - QUEIMADOS GRAVES 9º ANDAR;2021,0;1,0;2,0;2,0;2,0;1,0;1,0
HJXXIII;UNIDADE INTERNAÇÃO - QUEIMADOS GRAVES 9º ANDAR;2021,0;2,0;1,0;1,0;1,0;1,0;1,0
HJXXIII;UNIDADE INTERNAÇÃO - QUEIMADOS GRAVES 9º ANDAR;2021,0;3,0;1,0;1,0;1,0;1,0;1,0
HJXXIII;UNIDADE INTERNAÇÃO - QUEIMADOS GRAVES 9º ANDAR;2021,0;4,0;3,0;3,0;3,0;1,0;1,0
HJXXIII;UNIDADE INTERNAÇÃO - QUEIMADOS GRAVES 9º ANDAR;2021,0;5,0;4,0;4,0;4,0;1,0;1,0
HJXXIII;UNIDADE INTERNAÇÃO - QUEIMADOS GRAVES 9º ANDAR;2021,0;6,0;2,0;2,0;2,0;1,0;1,0
HJXXIII;UNIDADE INTERNAÇÃO - QUEIMADOS GRAVES 9º ANDAR;2021,0;7,0;2,0;2,0;2,0;1,0;1,0
HJXXIII;UNIDADE INTERNAÇÃO - QUEIMADOS GRAVES 9º ANDAR;2021,0;8,0;2,0;2,0;2,0;1,0;1,0
HJXXIII;UNIDADE INTERNAÇÃO - QUEIMADOS GRAVES 9º ANDAR;2021,0;9,0;2,0;2,0;2,0;1,0;1,0
HJXXIII;UNIDADE INTERNAÇÃO - QUEIMADOS GRAVES 9º ANDAR;2021,0;11,0;2,0;2,0;2,0;1,0;1,0
HJXXIII;UNIDADE INTERNAÇÃO - QUEIMADOS GRAVES 9º ANDAR;2022,0;1,0;3,0;3,0;3,0;1,0;1,0
HJXXIII;UNIDADE INTERNAÇÃO - QUEIMADOS GRAVES 9º ANDAR;2022,0;3,0;3,0;2,0;3,0;1,0;0,6666666666666666
HJXXIII;UNIDADE INTERNAÇÃO - QUEIMADOS GRAVES 9º ANDAR;2022,0;4,0;1,0;1,0;1,0;1,0;1,0
HJXXIII;UNIDADE INTERNAÇÃO - QUEIMADOS GRAVES 9º ANDAR;2022,0;6,0;1,0;1,0;1,0;1,0;1,0
HJXXIII;UNIDADE INTERNAÇÃO - QUEIMADOS GRAVES 9º ANDAR;2022,0;7,0;3,0;3,0;3,0;1,0;1,0
HJXXIII;UNIDADE INTERNAÇÃO - QUEIMADOS GRAVES 9º ANDAR;2022,0;9,0;2,0;2,0;2,0;1,0;1,0
HJXXIII;UNIDADE INTERNAÇÃO - QUEIMADOS GRAVES 9º ANDAR;2022,0;10,0;3,0;3,0;3,0;1,0;1,0
HJXXIII;UNIDADE INTERNAÇÃO - QUEIMADOS GRAVES 9º ANDAR;2022,0;11,0;1,0;1,0;1,0;1,0;1,0
HJXXIII;UNIDADE INTERNAÇÃO - QUEIMADOS GRAVES 9º ANDAR;2023,0;1,0;5,0;5,0;5,0;1,0;1,0
HJXXIII;UNIDADE INTERNAÇÃO - QUEIMADOS GRAVES 9º ANDAR;2023,0;2,0;4,0;3,0;4,0;1,0;0,75
HJXXIII;UNIDADE INTERNAÇÃO - QUEIMADOS GRAVES 9º ANDAR;2023,0;3,0;5,0;5,0;5,0;1,0;1,0
HJXXIII;UNIDADE INTERNAÇÃO - QUEIMADOS GRAVES 9º ANDAR;2023,0;4,0;1,0;1,0;1,0;1,0;1,0
HJXXIII;UNIDADE INTERNAÇÃO - QUEIMADOS GRAVES 9º ANDAR;2023,0;5,0;2,0;2,0;2,0;1,0;1,0
HJXXIII;UNIDADE INTERNAÇÃO - QUEIMADOS GRAVES 9º ANDAR;2023,0;6,0;2,0;2,0;2,0;1,0;1,0
HJXXIII;UNIDADE INTERNAÇÃO - QUEIMADOS GRAVES 9º ANDAR;2023,0;7,0;1,0;1,0;1,0;1,0;1,0
HJXXIII;UNIDADE INTERNAÇÃO - QUEIMADOS GRAVES 9º ANDAR;2023,0;8,0;3,0;3,0;3,0;1,0;1,0
HJXXIII;UNIDADE INTERNAÇÃO - QUEIMADOS GRAVES 9º ANDAR;2023,0;9,0;3,0;3,0;3,0;1,0;1,0
HJXXIII;UNIDADE INTERNAÇÃO - QUEIMADOS GRAVES 9º ANDAR;2023,0;10,0;3,0;3,0;3,0;1,0;1,0
HJXXIII;UNIDADE INTERNAÇÃO - QUEIMADOS GRAVES 9º ANDAR;2023,0;11,0;6,0;6,0;6,0;1,0;1,0
HJXXIII;UNIDADE INTERNAÇÃO - QUEIMADOS GRAVES 9º ANDAR;2023,0;12,0;2,0;2,0;2,0;1,0;1,0
HJXXIII;UNIDADE INTERNAÇÃO - QUEIMADOS GRAVES 9º ANDAR;2024,0;1,0;4,0;4,0;4,0;1,0;1,0
HJXXIII;UNIDADE INTERNAÇÃO - QUEIMADOS GRAVES 9º ANDAR;2024,0;2,0;1,0;1,0;1,0;1,0;1,0
HJXXIII;UNIDADE INTERNAÇÃO - QUEIMADOS GRAVES 9º ANDAR;2024,0;3,0;3,0;3,0;3,0;1,0;1,0
HJXXIII;UNIDADE INTERNAÇÃO - QUEIMADOS GRAVES 9º ANDAR;2024,0;4,0;6,0;6,0;6,0;1,0;1,0
HJXXIII;UNIDADE INTERNAÇÃO - QUEIMADOS GRAVES 9º ANDAR;2024,0;5,0;2,0;2,0;2,0;1,0;1,0
HJXXIII;UNIDADE INTERNAÇÃO - QUEIMADOS GRAVES 9º ANDAR;2024,0;6,0;1,0;1,0;1,0;1,0;1,0
HJXXIII;UNIDADE INTERNAÇÃO - QUEIMADOS GRAVES 9º ANDAR;2024,0;8,0;2,0;2,0;2,0;1,0;1,0
HJXXIII;UNIDADE INTERNAÇÃO - QUEIMADOS GRAVES 9º ANDAR;2024,0;9,0;1,0;1,0;1,0;1,0;1,0
HJXXIII;UNIDADE INTERNAÇÃO - QUEIMADOS GRAVES 9º ANDAR;2024,0;11,0;2,0;2,0;2,0;1,0;1,0
HJXXIII;UNIDADE INTERNAÇÃO - QUEIMADOS GRAVES 9º ANDAR;2024,0;12,0;2,0;2,0;2,0;1,0;1,0
HJXXIII;UNIDADE INTERNAÇÃO - QUEIMADOS GRAVES 9º ANDAR;2025,0;1,0;1,0;1,0;1,0;1,0;1,0
HJXXIII;UNIDADE INTERNAÇÃO - QUEIMADOS GRAVES 9º ANDAR;2025,0;2,0;1,0;1,0;1,0;1,0;1,0
HJXXIII;UNIDADE INTERNAÇÃO - QUEIMADOS GRAVES 9º ANDAR;2025,0;3,0;4,0;4,0;4,0;1,0;1,0
HJXXIII;UNIDADE INTERNAÇÃO - QUEIMADOS GRAVES 9º ANDAR;2025,0;4,0;2,0;2,0;2,0;1,0;1,0
HJXXIII;UNIDADE INTERNAÇÃO - QUEIMADOS GRAVES 9º ANDAR;2025,0;5,0;1,0;1,0;1,0;1,0;1,0
HJXXIII;UNIDADE INTERNAÇÃO - QUEIMADOS GRAVES 9º ANDAR;2025,0;7,0;4,0;3,0;4,0;1,0;0,75
HJXXIII;UNIDADE INTERNAÇÃO - QUEIMADOS GRAVES 9º ANDAR;2025,0;8,0;1,0;1,0;1,0;1,0;1,0
HJXXIII;UNIDADE INTERNAÇÃO - QUEIMADOS GRAVES 9º ANDAR;2025,0;10,0;1,0;1,0;1,0;1,0;1,0
HJXXIII;UNIDADE INTERNAÇÃO - QUEIMADOS GRAVES 9º ANDAR;2025,0;11,0;1,0;1,0;1,0;1,0;1,0
HJXXIII;UNIDADE INTERNAÇÃO - QUEIMADOS GRAVES 9º ANDAR;2025,0;12,0;6,0;6,0;6,0;1,0;1,0
HJXXIII;UNIDADE INTERNAÇÃO - QUEIMADOS GRAVES 9º ANDAR;2026,0;1,0;1,0;1,0;1,0;1,0;1,0
HJXXIII;UNIDADE INTERNAÇÃO - QUEIMADOS GRAVES 9º ANDAR;2026,0;3,0;1,0;1,0;1,0;1,0;1,0
HJXXIII;UNIDADE INTERNAÇÃO - QUEIMADOS GRAVES 9º ANDAR;2026,0;4,0;1,0;1,0;1,0;1,0;1,0
HJXXIII;UNIDADE INTERNAÇÃO - QUEIMADOS GRAVES 9º ANDAR;2026,0;5,0;2,0;2,0;2,0;1,0;1,0
HJXXIII;UNIDADE INTERNAÇÃO - QUEIMADOS GRAVES 9º ANDAR;2026,0;6,0;0,0;0,0;1,0;0,0;0,0
HJXXIII;UNIDADE INTERNAÇÃO - QUEIMADOS GRAVES 9º ANDAR;2026,0;7,0;2,0;2,0;2,0;1,0;1,0
HJXXIII;UNIDADE INTERNAÇÃO - QUEIMADOS GRAVES 9º ANDAR;2026,0;8,0;1,0;1,0;1,0;1,0;1,0
HJXXIII;UNIDADE INTERNAÇÃO - QUEIMADOS MÉDIOS - 8º ANDAR;2019,0;1,0;0,0;0,0;28,0;0,0;0,0
HJXXIII;UNIDADE INTERNAÇÃO - QUEIMADOS MÉDIOS - 8º ANDAR;2019,0;2,0;0,0;0,0;33,0;0,0;0,0
HJXXIII;UNIDADE INTERNAÇÃO - QUEIMADOS MÉDIOS - 8º ANDAR;2019,0;3,0;0,0;0,0;32,0;0,0;0,0
HJXXIII;UNIDADE INTERNAÇÃO - QUEIMADOS MÉDIOS - 8º ANDAR;2019,0;4,0;0,0;0,0;35,0;0,0;0,0
HJXXIII;UNIDADE INTERNAÇÃO - QUEIMADOS MÉDIOS - 8º ANDAR;2019,0;5,0;0,0;0,0;29,0;0,0;0,0
HJXXIII;UNIDADE INTERNAÇÃO - QUEIMADOS MÉDIOS - 8º ANDAR;2019,0;6,0;0,0;0,0;25,0;0,0;0,0
HJXXIII;UNIDADE INTERNAÇÃO - QUEIMADOS MÉDIOS - 8º ANDAR;2019,0;7,0;0,0;0,0;30,0;0,0;0,0
HJXXIII;UNIDADE INTERNAÇÃO - QUEIMADOS MÉDIOS - 8º ANDAR;2019,0;8,0;0,0;0,0;35,0;0,0;0,0
HJXXIII;UNIDADE INTERNAÇÃO - QUEIMADOS MÉDIOS - 8º ANDAR;2019,0;9,0;1,0;1,0;44,0;0,022727272727272728;0,022727272727272728
HJXXIII;UNIDADE INTERNAÇÃO - QUEIMADOS MÉDIOS - 8º ANDAR;2019,0;10,0;0,0;0,0;34,0;0,0;0,0
HJXXIII;UNIDADE INTERNAÇÃO - QUEIMADOS MÉDIOS - 8º ANDAR;2019,0;11,0;0,0;0,0;31,0;0,0;0,0
HJXXIII;UNIDADE INTERNAÇÃO - QUEIMADOS MÉDIOS - 8º ANDAR;2019,0;12,0;0,0;0,0;36,0;0,0;0,0
HJXXIII;UNIDADE INTERNAÇÃO - QUEIMADOS MÉDIOS - 8º ANDAR;2020,0;1,0;0,0;0,0;34,0;0,0;0,0
HJXXIII;UNIDADE INTERNAÇÃO - QUEIMADOS MÉDIOS - 8º ANDAR;2020,0;2,0;0,0;0,0;35,0;0,0;0,0
HJXXIII;UNIDADE INTERNAÇÃO - QUEIMADOS MÉDIOS - 8º ANDAR;2020,0;3,0;0,0;0,0;35,0;0,0;0,0
HJXXIII;UNIDADE INTERNAÇÃO - QUEIMADOS MÉDIOS - 8º ANDAR;2020,0;4,0;0,0;0,0;26,0;0,0;0,0
HJXXIII;UNIDADE INTERNAÇÃO - QUEIMADOS MÉDIOS - 8º ANDAR;2020,0;5,0;0,0;0,0;40,0;0,0;0,0
HJXXIII;UNIDADE INTERNAÇÃO - QUEIMADOS MÉDIOS - 8º ANDAR;2020,0;6,0;0,0;0,0;44,0;0,0;0,0
HJXXIII;UNIDADE INTERNAÇÃO - QUEIMADOS MÉDIOS - 8º ANDAR;2020,0;7,0;0,0;0,0;23,0;0,0;0,0
HJXXIII;UNIDADE INTERNAÇÃO - QUEIMADOS MÉDIOS - 8º ANDAR;2020,0;8,0;1,0;0,0;40,0;0,025;0,0
HJXXIII;UNIDADE INTERNAÇÃO - QUEIMADOS MÉDIOS - 8º ANDAR;2020,0;9,0;0,0;0,0;32,0;0,0;0,0
HJXXIII;UNIDADE INTERNAÇÃO - QUEIMADOS MÉDIOS - 8º ANDAR;2020,0;10,0;0,0;0,0;30,0;0,0;0,0
HJXXIII;UNIDADE INTERNAÇÃO - QUEIMADOS MÉDIOS - 8º ANDAR;2020,0;11,0;0,0;0,0;24,0;0,0;0,0
HJXXIII;UNIDADE INTERNAÇÃO - QUEIMADOS MÉDIOS - 8º ANDAR;2020,0;12,0;0,0;0,0;34,0;0,0;0,0
HJXXIII;UNIDADE INTERNAÇÃO - QUEIMADOS MÉDIOS - 8º ANDAR;2021,0;1,0;0,0;0,0;30,0;0,0;0,0
HJXXIII;UNIDADE INTERNAÇÃO - QUEIMADOS MÉDIOS - 8º ANDAR;2021,0;2,0;0,0;0,0;28,0;0,0;0,0
HJXXIII;UNIDADE INTERNAÇÃO - QUEIMADOS MÉDIOS - 8º ANDAR;2021,0;3,0;0,0;0,0;32,0;0,0;0,0
HJXXIII;UNIDADE INTERNAÇÃO - QUEIMADOS MÉDIOS - 8º ANDAR;2021,0;4,0;1,0;1,0;24,0;0,041666666666666664;0,041666666666666664
HJXXIII;UNIDADE INTERNAÇÃO - QUEIMADOS MÉDIOS - 8º ANDAR;2021,0;5,0;0,0;0,0;30,0;0,0;0,0
HJXXIII;UNIDADE INTERNAÇÃO - QUEIMADOS MÉDIOS - 8º ANDAR;2021,0;6,0;0,0;0,0;32,0;0,0;0,0
HJXXIII;UNIDADE INTERNAÇÃO - QUEIMADOS MÉDIOS - 8º ANDAR;2021,0;7,0;0,0;0,0;35,0;0,0;0,0
HJXXIII;UNIDADE INTERNAÇÃO - QUEIMADOS MÉDIOS - 8º ANDAR;2021,0;8,0;0,0;0,0;31,0;0,0;0,0
HJXXIII;UNIDADE INTERNAÇÃO - QUEIMADOS MÉDIOS - 8º ANDAR;2021,0;9,0;0,0;0,0;34,0;0,0;0,0
HJXXIII;UNIDADE INTERNAÇÃO - QUEIMADOS MÉDIOS - 8º ANDAR;2021,0;10,0;0,0;0,0;28,0;0,0;0,0
HJXXIII;UNIDADE INTERNAÇÃO - QUEIMADOS MÉDIOS - 8º ANDAR;2021,0;11,0;0,0;0,0;31,0;0,0;0,0
HJXXIII;UNIDADE INTERNAÇÃO - QUEIMADOS MÉDIOS - 8º ANDAR;2021,0;12,0;0,0;0,0;31,0;0,0;0,0
HJXXIII;UNIDADE INTERNAÇÃO - QUEIMADOS MÉDIOS - 8º ANDAR;2022,0;1,0;0,0;0,0;34,0;0,0;0,0
HJXXIII;UNIDADE INTERNAÇÃO - QUEIMADOS MÉDIOS - 8º ANDAR;2022,0;2,0;0,0;0,0;24,0;0,0;0,0
HJXXIII;UNIDADE INTERNAÇÃO - QUEIMADOS MÉDIOS - 8º ANDAR;2022,0;3,0;0,0;0,0;32,0;0,0;0,0
HJXXIII;UNIDADE INTERNAÇÃO - QUEIMADOS MÉDIOS - 8º ANDAR;2022,0;4,0;0,0;0,0;35,0;0,0;0,0
HJXXIII;UNIDADE INTERNAÇÃO - QUEIMADOS MÉDIOS - 8º ANDAR;2022,0;5,0;0,0;0,0;26,0;0,0;0,0
HJXXIII;UNIDADE INTERNAÇÃO - QUEIMADOS MÉDIOS - 8º ANDAR;2022,0;6,0;0,0;0,0;30,0;0,0;0,0
HJXXIII;UNIDADE INTERNAÇÃO - QUEIMADOS MÉDIOS - 8º ANDAR;2022,0;7,0;0,0;0,0;30,0;0,0;0,0
HJXXIII;UNIDADE INTERNAÇÃO - QUEIMADOS MÉDIOS - 8º ANDAR;2022,0;8,0;0,0;0,0;37,0;0,0;0,0
HJXXIII;UNIDADE INTERNAÇÃO - QUEIMADOS MÉDIOS - 8º ANDAR;2022,0;9,0;0,0;0,0;25,0;0,0;0,0
HJXXIII;UNIDADE INTERNAÇÃO - QUEIMADOS MÉDIOS - 8º ANDAR;2022,0;10,0;0,0;0,0;30,0;0,0;0,0
HJXXIII;UNIDADE INTERNAÇÃO - QUEIMADOS MÉDIOS - 8º ANDAR;2022,0;11,0;0,0;0,0;27,0;0,0;0,0
HJXXIII;UNIDADE INTERNAÇÃO - QUEIMADOS MÉDIOS - 8º ANDAR;2022,0;12,0;0,0;0,0;20,0;0,0;0,0
HJXXIII;UNIDADE INTERNAÇÃO - QUEIMADOS MÉDIOS - 8º ANDAR;2023,0;1,0;0,0;0,0;30,0;0,0;0,0
HJXXIII;UNIDADE INTERNAÇÃO - QUEIMADOS MÉDIOS - 8º ANDAR;2023,0;2,0;0,0;0,0;22,0;0,0;0,0
HJXXIII;UNIDADE INTERNAÇÃO - QUEIMADOS MÉDIOS - 8º ANDAR;2023,0;3,0;0,0;0,0;29,0;0,0;0,0
HJXXIII;UNIDADE INTERNAÇÃO - QUEIMADOS MÉDIOS - 8º ANDAR;2023,0;4,0;0,0;0,0;28,0;0,0;0,0
HJXXIII;UNIDADE INTERNAÇÃO - QUEIMADOS MÉDIOS - 8º ANDAR;2023,0;5,0;0,0;0,0;22,0;0,0;0,0
HJXXIII;UNIDADE INTERNAÇÃO - QUEIMADOS MÉDIOS - 8º ANDAR;2023,0;6,0;0,0;0,0;28,0;0,0;0,0
HJXXIII;UNIDADE INTERNAÇÃO - QUEIMADOS MÉDIOS - 8º ANDAR;2023,0;7,0;0,0;0,0;24,0;0,0;0,0
HJXXIII;UNIDADE INTERNAÇÃO - QUEIMADOS MÉDIOS - 8º ANDAR;2023,0;8,0;0,0;0,0;29,0;0,0;0,0
HJXXIII;UNIDADE INTERNAÇÃO - QUEIMADOS MÉDIOS - 8º ANDAR;2023,0;9,0;0,0;0,0;27,0;0,0;0,0
HJXXIII;UNIDADE INTERNAÇÃO - QUEIMADOS MÉDIOS - 8º ANDAR;2023,0;10,0;0,0;0,0;36,0;0,0;0,0
HJXXIII;UNIDADE INTERNAÇÃO - QUEIMADOS MÉDIOS - 8º ANDAR;2023,0;11,0;0,0;0,0;23,0;0,0;0,0
HJXXIII;UNIDADE INTERNAÇÃO - QUEIMADOS MÉDIOS - 8º ANDAR;2023,0;12,0;0,0;0,0;24,0;0,0;0,0
HJXXIII;UNIDADE INTERNAÇÃO - QUEIMADOS MÉDIOS - 8º ANDAR;2024,0;1,0;0,0;0,0;26,0;0,0;0,0
HJXXIII;UNIDADE INTERNAÇÃO - QUEIMADOS MÉDIOS - 8º ANDAR;2024,0;2,0;0,0;0,0;30,0;0,0;0,0
HJXXIII;UNIDADE INTERNAÇÃO - QUEIMADOS MÉDIOS - 8º ANDAR;2024,0;3,0;0,0;0,0;27,0;0,0;0,0
HJXXIII;UNIDADE INTERNAÇÃO - QUEIMADOS MÉDIOS - 8º ANDAR;2024,0;4,0;0,0;0,0;22,0;0,0;0,0
HJXXIII;UNIDADE INTERNAÇÃO - QUEIMADOS MÉDIOS - 8º ANDAR;2024,0;5,0;0,0;0,0;33,0;0,0;0,0
HJXXIII;UNIDADE INTERNAÇÃO - QUEIMADOS MÉDIOS - 8º ANDAR;2024,0;6,0;0,0;0,0;28,0;0,0;0,0
HJXXIII;UNIDADE INTERNAÇÃO - QUEIMADOS MÉDIOS - 8º ANDAR;2024,0;7,0;0,0;0,0;31,0;0,0;0,0
HJXXIII;UNIDADE INTERNAÇÃO - QUEIMADOS MÉDIOS - 8º ANDAR;2024,0;8,0;0,0;0,0;18,0;0,0;0,0
HJXXIII;UNIDADE INTERNAÇÃO - QUEIMADOS MÉDIOS - 8º ANDAR;2024,0;9,0;0,0;0,0;31,0;0,0;0,0
HJXXIII;UNIDADE INTERNAÇÃO - QUEIMADOS MÉDIOS - 8º ANDAR;2024,0;10,0;0,0;0,0;27,0;0,0;0,0
HJXXIII;UNIDADE INTERNAÇÃO - QUEIMADOS MÉDIOS - 8º ANDAR;2024,0;11,0;0,0;0,0;27,0;0,0;0,0
HJXXIII;UNIDADE INTERNAÇÃO - QUEIMADOS MÉDIOS - 8º ANDAR;2024,0;12,0;0,0;0,0;23,0;0,0;0,0
HJXXIII;UNIDADE INTERNAÇÃO - QUEIMADOS MÉDIOS - 8º ANDAR;2025,0;1,0;0,0;0,0;37,0;0,0;0,0
HJXXIII;UNIDADE INTERNAÇÃO - QUEIMADOS MÉDIOS - 8º ANDAR;2025,0;2,0;0,0;0,0;25,0;0,0;0,0
HJXXIII;UNIDADE INTERNAÇÃO - QUEIMADOS MÉDIOS - 8º ANDAR;2025,0;3,0;0,0;0,0;36,0;0,0;0,0
HJXXIII;UNIDADE INTERNAÇÃO - QUEIMADOS MÉDIOS - 8º ANDAR;2025,0;4,0;0,0;0,0;33,0;0,0;0,0
HJXXIII;UNIDADE INTERNAÇÃO - QUEIMADOS MÉDIOS - 8º ANDAR;2025,0;5,0;1,0;1,0;30,0;0,03333333333333333;0,03333333333333333
HJXXIII;UNIDADE INTERNAÇÃO - QUEIMADOS MÉDIOS - 8º ANDAR;2025,0;6,0;0,0;0,0;36,0;0,0;0,0
HJXXIII;UNIDADE INTERNAÇÃO - QUEIMADOS MÉDIOS - 8º ANDAR;2025,0;7,0;0,0;0,0;32,0;0,0;0,0
HJXXIII;UNIDADE INTERNAÇÃO - QUEIMADOS MÉDIOS - 8º ANDAR;2025,0;8,0;1,0;1,0;35,0;0,02857142857142857;0,02857142857142857
HJXXIII;UNIDADE INTERNAÇÃO - QUEIMADOS MÉDIOS - 8º ANDAR;2025,0;9,0;0,0;0,0;35,0;0,0;0,0
HJXXIII;UNIDADE INTERNAÇÃO - QUEIMADOS MÉDIOS - 8º ANDAR;2025,0;10,0;0,0;0,0;29,0;0,0;0,0
HJXXIII;UNIDADE INTERNAÇÃO - QUEIMADOS MÉDIOS - 8º ANDAR;2025,0;11,0;0,0;0,0;35,0;0,0;0,0
HJXXIII;UNIDADE INTERNAÇÃO - QUEIMADOS MÉDIOS - 8º ANDAR;2025,0;12,0;0,0;0,0;38,0;0,0;0,0
HJXXIII;UNIDADE INTERNAÇÃO - QUEIMADOS MÉDIOS - 8º ANDAR;2026,0;1,0;0,0;0,0;30,0;0,0;0,0
HJXXIII;UNIDADE INTERNAÇÃO - QUEIMADOS MÉDIOS - 8º ANDAR;2026,0;2,0;0,0;0,0;25,0;0,0;0,0
HJXXIII;UNIDADE INTERNAÇÃO - QUEIMADOS MÉDIOS - 8º ANDAR;2026,0;3,0;0,0;0,0;29,0;0,0;0,0
HJXXIII;UNIDADE INTERNAÇÃO - QUEIMADOS MÉDIOS - 8º ANDAR;2026,0;4,0;0,0;0,0;38,0;0,0;0,0
HJXXIII;UNIDADE INTERNAÇÃO - QUEIMADOS MÉDIOS - 8º ANDAR;2026,0;5,0;0,0;0,0;37,0;0,0;0,0
HJXXIII;UNIDADE INTERNAÇÃO - QUEIMADOS MÉDIOS - 8º ANDAR;2026,0;6,0;0,0;0,0;37,0;0,0;0,0
HJXXIII;UNIDADE INTERNAÇÃO - QUEIMADOS MÉDIOS - 8º ANDAR;2026,0;7,0;0,0;0,0;37,0;0,0;0,0
HJXXIII;UNIDADE INTERNAÇÃO - QUEIMADOS MÉDIOS - 8º ANDAR;2026,0;8,0;0,0;0,0;39,0;0,0;0,0
HJXXIII;UTI;2019,0;1,0;17,0;16,0;26,0;0,6538461538461539;0,6153846153846154
HJXXIII;UTI;2019,0;2,0;11,0;9,0;17,0;0,6470588235294118;0,5294117647058824
HJXXIII;UTI;2019,0;3,0;19,0;18,0;23,0;0,8260869565217391;0,782608695652174
HJXXIII;UTI;2019,0;4,0;11,0;10,0;12,0;0,9166666666666666;0,8333333333333334
HJXXIII;UTI;2019,0;5,0;31,0;27,0;37,0;0,8378378378378378;0,7297297297297297
HJXXIII;UTI;2019,0;6,0;11,0;11,0;17,0;0,6470588235294118;0,6470588235294118
HJXXIII;UTI;2019,0;7,0;23,0;22,0;28,0;0,8214285714285714;0,7857142857142857
HJXXIII;UTI;2019,0;8,0;23,0;22,0;27,0;0,8518518518518519;0,8148148148148148
HJXXIII;UTI;2019,0;9,0;13,0;12,0;16,0;0,8125;0,75
HJXXIII;UTI;2019,0;10,0;28,0;27,0;29,0;0,9655172413793104;0,9310344827586207
HJXXIII;UTI;2019,0;11,0;8,0;6,0;11,0;0,7272727272727273;0,5454545454545454
HJXXIII;UTI;2019,0;12,0;16,0;12,0;21,0;0,7619047619047619;0,5714285714285714
HJXXIII;UTI;2020,0;1,0;11,0;11,0;19,0;0,5789473684210527;0,5789473684210527
HJXXIII;UTI;2020,0;2,0;9,0;9,0;12,0;0,75;0,75
HJXXIII;UTI;2020,0;3,0;19,0;18,0;23,0;0,8260869565217391;0,782608695652174
HJXXIII;UTI;2020,0;4,0;20,0;18,0;23,0;0,8695652173913043;0,782608695652174
HJXXIII;UTI;2020,0;5,0;17,0;15,0;23,0;0,7391304347826086;0,6521739130434783
HJXXIII;UTI;2020,0;6,0;25,0;23,0;26,0;0,9615384615384616;0,8846153846153846
HJXXIII;UTI;2020,0;7,0;22,0;21,0;28,0;0,7857142857142857;0,75
HJXXIII;UTI;2020,0;8,0;9,0;9,0;11,0;0,8181818181818182;0,8181818181818182
HJXXIII;UTI;2020,0;9,0;15,0;15,0;19,0;0,7894736842105263;0,7894736842105263
HJXXIII;UTI;2020,0;10,0;28,0;26,0;31,0;0,9032258064516129;0,8387096774193549
HJXXIII;UTI;2020,0;11,0;20,0;19,0;24,0;0,8333333333333334;0,7916666666666666
HJXXIII;UTI;2020,0;12,0;22,0;22,0;28,0;0,7857142857142857;0,7857142857142857
HJXXIII;UTI;2021,0;1,0;25,0;21,0;31,0;0,8064516129032258;0,6774193548387096
HJXXIII;UTI;2021,0;2,0;21,0;21,0;27,0;0,7777777777777778;0,7777777777777778
HJXXIII;UTI;2021,0;3,0;28,0;27,0;33,0;0,8484848484848485;0,8181818181818182
HJXXIII;UTI;2021,0;4,0;38,0;36,0;42,0;0,9047619047619048;0,8571428571428571
HJXXIII;UTI;2021,0;5,0;33,0;32,0;37,0;0,8918918918918919;0,8648648648648649
HJXXIII;UTI;2021,0;6,0;15,0;14,0;18,0;0,8333333333333334;0,7777777777777778
HJXXIII;UTI;2021,0;7,0;18,0;18,0;27,0;0,6666666666666666;0,6666666666666666
HJXXIII;UTI;2021,0;8,0;18,0;15,0;26,0;0,6923076923076923;0,5769230769230769
HJXXIII;UTI;2021,0;9,0;24,0;21,0;27,0;0,8888888888888888;0,7777777777777778
HJXXIII;UTI;2021,0;10,0;20,0;16,0;29,0;0,6896551724137931;0,5517241379310345
HJXXIII;UTI;2021,0;11,0;17,0;15,0;22,0;0,7727272727272727;0,6818181818181818
HJXXIII;UTI;2021,0;12,0;23,0;21,0;27,0;0,8518518518518519;0,7777777777777778
HJXXIII;UTI;2022,0;1,0;29,0;28,0;33,0;0,8787878787878788;0,8484848484848485
HJXXIII;UTI;2022,0;2,0;17,0;16,0;21,0;0,8095238095238095;0,7619047619047619
HJXXIII;UTI;2022,0;3,0;19,0;15,0;26,0;0,7307692307692307;0,5769230769230769
HJXXIII;UTI;2022,0;4,0;12,0;12,0;17,0;0,7058823529411765;0,7058823529411765
HJXXIII;UTI;2022,0;5,0;20,0;16,0;31,0;0,6451612903225806;0,5161290322580645
HJXXIII;UTI;2022,0;6,0;15,0;15,0;20,0;0,75;0,75
HJXXIII;UTI;2022,0;7,0;15,0;14,0;29,0;0,5172413793103449;0,4827586206896552
HJXXIII;UTI;2022,0;8,0;29,0;29,0;31,0;0,9354838709677419;0,9354838709677419
HJXXIII;UTI;2022,0;9,0;19,0;18,0;25,0;0,76;0,72
HJXXIII;UTI;2022,0;10,0;16,0;16,0;21,0;0,7619047619047619;0,7619047619047619
HJXXIII;UTI;2022,0;11,0;13,0;11,0;20,0;0,65;0,55
HJXXIII;UTI;2022,0;12,0;16,0;16,0;24,0;0,6666666666666666;0,6666666666666666
HJXXIII;UTI;2023,0;1,0;16,0;16,0;23,0;0,6956521739130435;0,6956521739130435
HJXXIII;UTI;2023,0;2,0;22,0;21,0;28,0;0,7857142857142857;0,75
HJXXIII;UTI;2023,0;3,0;22,0;21,0;34,0;0,6470588235294118;0,6176470588235294
HJXXIII;UTI;2023,0;4,0;15,0;15,0;29,0;0,5172413793103449;0,5172413793103449
HJXXIII;UTI;2023,0;5,0;21,0;20,0;27,0;0,7777777777777778;0,7407407407407407
HJXXIII;UTI;2023,0;6,0;20,0;19,0;27,0;0,7407407407407407;0,7037037037037037
HJXXIII;UTI;2023,0;7,0;27,0;27,0;34,0;0,7941176470588235;0,7941176470588235
HJXXIII;UTI;2023,0;8,0;8,0;8,0;13,0;0,6153846153846154;0,6153846153846154
HJXXIII;UTI;2023,0;9,0;24,0;22,0;31,0;0,7741935483870968;0,7096774193548387
HJXXIII;UTI;2023,0;10,0;28,0;27,0;36,0;0,7777777777777778;0,75
HJXXIII;UTI;2023,0;11,0;14,0;11,0;22,0;0,6363636363636364;0,5
HJXXIII;UTI;2023,0;12,0;20,0;20,0;27,0;0,7407407407407407;0,7407407407407407
HJXXIII;UTI;2024,0;1,0;16,0;14,0;24,0;0,6666666666666666;0,5833333333333334
HJXXIII;UTI;2024,0;2,0;16,0;16,0;21,0;0,7619047619047619;0,7619047619047619
HJXXIII;UTI;2024,0;3,0;23,0;21,0;29,0;0,7931034482758621;0,7241379310344828
HJXXIII;UTI;2024,0;4,0;16,0;16,0;21,0;0,7619047619047619;0,7619047619047619
HJXXIII;UTI;2024,0;5,0;25,0;24,0;38,0;0,6578947368421053;0,631578947368421
HJXXIII;UTI;2024,0;6,0;16,0;16,0;16,0;1,0;1,0
HJXXIII;UTI;2024,0;7,0;29,0;27,0;36,0;0,8055555555555556;0,75
HJXXIII;UTI;2024,0;8,0;18,0;15,0;20,0;0,9;0,75
HJXXIII;UTI;2024,0;9,0;17,0;15,0;23,0;0,7391304347826086;0,6521739130434783
HJXXIII;UTI;2024,0;10,0;11,0;11,0;17,0;0,6470588235294118;0,6470588235294118
HJXXIII;UTI;2024,0;11,0;25,0;24,0;29,0;0,8620689655172413;0,8275862068965517
HJXXIII;UTI;2024,0;12,0;25,0;21,0;32,0;0,78125;0,65625
HJXXIII;UTI;2025,0;1,0;17,0;14,0;35,0;0,4857142857142857;0,4
HJXXIII;UTI;2025,0;2,0;12,0;11,0;36,0;0,3333333333333333;0,3055555555555556
HJXXIII;UTI;2025,0;3,0;20,0;19,0;46,0;0,43478260869565216;0,41304347826086957
HJXXIII;UTI;2025,0;4,0;17,0;13,0;34,0;0,5;0,38235294117647056
HJXXIII;UTI;2025,0;5,0;21,0;18,0;31,0;0,6774193548387096;0,5806451612903226
HJXXIII;UTI;2025,0;6,0;17,0;13,0;30,0;0,5666666666666667;0,43333333333333335
HJXXIII;UTI;2025,0;7,0;18,0;16,0;30,0;0,6;0,5333333333333333
HJXXIII;UTI;2025,0;8,0;12,0;11,0;21,0;0,5714285714285714;0,5238095238095238
HJXXIII;UTI;2025,0;9,0;15,0;12,0;25,0;0,6;0,48
HJXXIII;UTI;2025,0;10,0;18,0;16,0;34,0;0,5294117647058824;0,47058823529411764
HJXXIII;UTI;2025,0;11,0;21,0;17,0;34,0;0,6176470588235294;0,5
HJXXIII;UTI;2025,0;12,0;18,0;16,0;27,0;0,6666666666666666;0,5925925925925926
HJXXIII;UTI;2026,0;1,0;14,0;13,0;25,0;0,56;0,52
HJXXIII;UTI;2026,0;2,0;20,0;19,0;28,0;0,7142857142857143;0,6785714285714286
HJXXIII;UTI;2026,0;3,0;18,0;17,0;23,0;0,782608695652174;0,7391304347826086
HJXXIII;UTI;2026,0;4,0;21,0;19,0;30,0;0,7;0,6333333333333333
HJXXIII;UTI;2026,0;5,0;22,0;21,0;34,0;0,6470588235294118;0,6176470588235294
HJXXIII;UTI;2026,0;6,0;19,0;17,0;32,0;0,59375;0,53125
HJXXIII;UTI;2026,0;7,0;22,0;19,0;31,0;0,7096774193548387;0,6129032258064516
HJXXIII;UTI;2026,0;8,0;21,0;18,0;32,0;0,65625;0,5625
HJXXIII;UTI -  PEDIATRICO 2º ANDAR;2019,0;1,0;2,0;1,0;15,0;0,13333333333333333;0,06666666666666667
HJXXIII;UTI -  PEDIATRICO 2º ANDAR;2019,0;2,0;1,0;1,0;5,0;0,2;0,2
HJXXIII;UTI -  PEDIATRICO 2º ANDAR;2019,0;3,0;1,0;1,0;14,0;0,07142857142857142;0,07142857142857142
HJXXIII;UTI -  PEDIATRICO 2º ANDAR;2019,0;4,0;3,0;3,0;27,0;0,1111111111111111;0,1111111111111111
HJXXIII;UTI -  PEDIATRICO 2º ANDAR;2019,0;5,0;3,0;3,0;19,0;0,15789473684210525;0,15789473684210525
HJXXIII;UTI -  PEDIATRICO 2º ANDAR;2019,0;6,0;3,0;3,0;36,0;0,08333333333333333;0,08333333333333333
HJXXIII;UTI -  PEDIATRICO 2º ANDAR;2019,0;7,0;0,0;0,0;15,0;0,0;0,0
HJXXIII;UTI -  PEDIATRICO 2º ANDAR;2019,0;8,0;0,0;0,0;3,0;0,0;0,0
HJXXIII;UTI -  PEDIATRICO 2º ANDAR;2019,0;9,0;3,0;3,0;8,0;0,375;0,375
HJXXIII;UTI -  PEDIATRICO 2º ANDAR;2019,0;10,0;1,0;1,0;5,0;0,2;0,2
HJXXIII;UTI -  PEDIATRICO 2º ANDAR;2019,0;11,0;1,0;1,0;15,0;0,06666666666666667;0,06666666666666667
HJXXIII;UTI -  PEDIATRICO 2º ANDAR;2019,0;12,0;0,0;0,0;11,0;0,0;0,0
HJXXIII;UTI -  PEDIATRICO 2º ANDAR;2020,0;1,0;0,0;0,0;8,0;0,0;0,0
HJXXIII;UTI -  PEDIATRICO 2º ANDAR;2020,0;2,0;0,0;0,0;12,0;0,0;0,0
HJXXIII;UTI -  PEDIATRICO 2º ANDAR;2020,0;3,0;2,0;2,0;22,0;0,09090909090909091;0,09090909090909091
HJXXIII;UTI -  PEDIATRICO 2º ANDAR;2020,0;4,0;1,0;0,0;36,0;0,027777777777777776;0,0
HJXXIII;UTI -  PEDIATRICO 2º ANDAR;2020,0;5,0;1,0;1,0;19,0;0,05263157894736842;0,05263157894736842
HJXXIII;UTI -  PEDIATRICO 2º ANDAR;2020,0;6,0;0,0;0,0;16,0;0,0;0,0
HJXXIII;UTI -  PEDIATRICO 2º ANDAR;2020,0;7,0;0,0;0,0;25,0;0,0;0,0
HJXXIII;UTI -  PEDIATRICO 2º ANDAR;2020,0;8,0;1,0;1,0;28,0;0,03571428571428571;0,03571428571428571
HJXXIII;UTI -  PEDIATRICO 2º ANDAR;2020,0;9,0;3,0;3,0;21,0;0,14285714285714285;0,14285714285714285
HJXXIII;UTI -  PEDIATRICO 2º ANDAR;2020,0;10,0;4,0;4,0;22,0;0,18181818181818182;0,18181818181818182
HJXXIII;UTI -  PEDIATRICO 2º ANDAR;2020,0;11,0;4,0;3,0;25,0;0,16;0,12
HJXXIII;UTI -  PEDIATRICO 2º ANDAR;2020,0;12,0;2,0;1,0;20,0;0,1;0,05
HJXXIII;UTI -  PEDIATRICO 2º ANDAR;2021,0;1,0;0,0;0,0;15,0;0,0;0,0
HJXXIII;UTI -  PEDIATRICO 2º ANDAR;2021,0;2,0;1,0;1,0;17,0;0,058823529411764705;0,058823529411764705
HJXXIII;UTI -  PEDIATRICO 2º ANDAR;2021,0;3,0;3,0;2,0;39,0;0,07692307692307693;0,05128205128205128
HJXXIII;UTI -  PEDIATRICO 2º ANDAR;2021,0;4,0;2,0;2,0;33,0;0,06060606060606061;0,06060606060606061
HJXXIII;UTI -  PEDIATRICO 2º ANDAR;2021,0;5,0;0,0;0,0;30,0;0,0;0,0
HJXXIII;UTI -  PEDIATRICO 2º ANDAR;2021,0;6,0;4,0;4,0;34,0;0,11764705882352941;0,11764705882352941
HJXXIII;UTI -  PEDIATRICO 2º ANDAR;2021,0;7,0;3,0;2,0;28,0;0,10714285714285714;0,07142857142857142
HJXXIII;UTI -  PEDIATRICO 2º ANDAR;2021,0;8,0;3,0;1,0;21,0;0,14285714285714285;0,047619047619047616
HJXXIII;UTI -  PEDIATRICO 2º ANDAR;2021,0;9,0;1,0;1,0;25,0;0,04;0,04
HJXXIII;UTI -  PEDIATRICO 2º ANDAR;2021,0;10,0;2,0;2,0;38,0;0,05263157894736842;0,05263157894736842
HJXXIII;UTI -  PEDIATRICO 2º ANDAR;2021,0;11,0;1,0;1,0;35,0;0,02857142857142857;0,02857142857142857
HJXXIII;UTI -  PEDIATRICO 2º ANDAR;2021,0;12,0;2,0;1,0;45,0;0,044444444444444446;0,022222222222222223
HJXXIII;UTI -  PEDIATRICO 2º ANDAR;2022,0;1,0;3,0;2,0;31,0;0,0967741935483871;0,06451612903225806
HJXXIII;UTI -  PEDIATRICO 2º ANDAR;2022,0;2,0;0,0;0,0;47,0;0,0;0,0
HJXXIII;UTI -  PEDIATRICO 2º ANDAR;2022,0;3,0;3,0;1,0;71,0;0,04225352112676056;0,014084507042253521
HJXXIII;UTI -  PEDIATRICO 2º ANDAR;2022,0;4,0;5,0;2,0;63,0;0,07936507936507936;0,031746031746031744
HJXXIII;UTI -  PEDIATRICO 2º ANDAR;2022,0;5,0;2,0;0,0;36,0;0,05555555555555555;0,0
HJXXIII;UTI -  PEDIATRICO 2º ANDAR;2022,0;6,0;0,0;0,0;33,0;0,0;0,0
HJXXIII;UTI -  PEDIATRICO 2º ANDAR;2022,0;7,0;2,0;1,0;48,0;0,041666666666666664;0,020833333333333332
HJXXIII;UTI -  PEDIATRICO 2º ANDAR;2022,0;8,0;3,0;2,0;42,0;0,07142857142857142;0,047619047619047616
HJXXIII;UTI -  PEDIATRICO 2º ANDAR;2022,0;9,0;4,0;4,0;78,0;0,05128205128205128;0,05128205128205128
HJXXIII;UTI -  PEDIATRICO 2º ANDAR;2022,0;10,0;1,0;1,0;53,0;0,018867924528301886;0,018867924528301886
HJXXIII;UTI -  PEDIATRICO 2º ANDAR;2022,0;11,0;4,0;3,0;54,0;0,07407407407407407;0,05555555555555555
HJXXIII;UTI -  PEDIATRICO 2º ANDAR;2022,0;12,0;2,0;2,0;37,0;0,05405405405405406;0,05405405405405406
HJXXIII;UTI -  PEDIATRICO 2º ANDAR;2023,0;1,0;3,0;3,0;36,0;0,08333333333333333;0,08333333333333333
HJXXIII;UTI -  PEDIATRICO 2º ANDAR;2023,0;2,0;0,0;0,0;44,0;0,0;0,0
HJXXIII;UTI -  PEDIATRICO 2º ANDAR;2023,0;3,0;1,0;0,0;45,0;0,022222222222222223;0,0
HJXXIII;UTI -  PEDIATRICO 2º ANDAR;2023,0;4,0;4,0;3,0;53,0;0,07547169811320754;0,05660377358490566
HJXXIII;UTI -  PEDIATRICO 2º ANDAR;2023,0;5,0;1,0;1,0;63,0;0,015873015873015872;0,015873015873015872
HJXXIII;UTI -  PEDIATRICO 2º ANDAR;2023,0;6,0;1,0;1,0;39,0;0,02564102564102564;0,02564102564102564
HJXXIII;UTI -  PEDIATRICO 2º ANDAR;2023,0;7,0;1,0;1,0;25,0;0,04;0,04
HJXXIII;UTI -  PEDIATRICO 2º ANDAR;2023,0;8,0;2,0;2,0;25,0;0,08;0,08
HJXXIII;UTI -  PEDIATRICO 2º ANDAR;2023,0;9,0;0,0;0,0;27,0;0,0;0,0
HJXXIII;UTI -  PEDIATRICO 2º ANDAR;2023,0;10,0;2,0;2,0;27,0;0,07407407407407407;0,07407407407407407
HJXXIII;UTI -  PEDIATRICO 2º ANDAR;2023,0;11,0;0,0;0,0;18,0;0,0;0,0
HJXXIII;UTI -  PEDIATRICO 2º ANDAR;2023,0;12,0;1,0;1,0;25,0;0,04;0,04
HJXXIII;UTI -  PEDIATRICO 2º ANDAR;2024,0;1,0;1,0;1,0;16,0;0,0625;0,0625
HJXXIII;UTI -  PEDIATRICO 2º ANDAR;2024,0;2,0;1,0;1,0;18,0;0,05555555555555555;0,05555555555555555
HJXXIII;UTI -  PEDIATRICO 2º ANDAR;2024,0;3,0;2,0;2,0;28,0;0,07142857142857142;0,07142857142857142
HJXXIII;UTI -  PEDIATRICO 2º ANDAR;2024,0;4,0;2,0;1,0;51,0;0,0392156862745098;0,0196078431372549
HJXXIII;UTI -  PEDIATRICO 2º ANDAR;2024,0;5,0;1,0;0,0;45,0;0,022222222222222223;0,0
HJXXIII;UTI -  PEDIATRICO 2º ANDAR;2024,0;6,0;0,0;0,0;25,0;0,0;0,0
HJXXIII;UTI -  PEDIATRICO 2º ANDAR;2024,0;7,0;0,0;0,0;37,0;0,0;0,0
HJXXIII;UTI -  PEDIATRICO 2º ANDAR;2024,0;8,0;3,0;2,0;24,0;0,125;0,08333333333333333
HJXXIII;UTI -  PEDIATRICO 2º ANDAR;2024,0;9,0;0,0;0,0;14,0;0,0;0,0
HJXXIII;UTI -  PEDIATRICO 2º ANDAR;2024,0;10,0;1,0;1,0;11,0;0,09090909090909091;0,09090909090909091
HJXXIII;UTI -  PEDIATRICO 2º ANDAR;2024,0;11,0;4,0;4,0;19,0;0,21052631578947367;0,21052631578947367
HJXXIII;UTI -  PEDIATRICO 2º ANDAR;2024,0;12,0;1,0;1,0;22,0;0,045454545454545456;0,045454545454545456
HJXXIII;UTI -  PEDIATRICO 2º ANDAR;2025,0;1,0;1,0;0,0;18,0;0,05555555555555555;0,0
HJXXIII;UTI -  PEDIATRICO 2º ANDAR;2025,0;2,0;0,0;0,0;17,0;0,0;0,0
HJXXIII;UTI -  PEDIATRICO 2º ANDAR;2025,0;3,0;2,0;1,0;23,0;0,08695652173913043;0,043478260869565216
HJXXIII;UTI -  PEDIATRICO 2º ANDAR;2025,0;4,0;3,0;2,0;35,0;0,08571428571428572;0,05714285714285714
HJXXIII;UTI -  PEDIATRICO 2º ANDAR;2025,0;5,0;1,0;1,0;57,0;0,017543859649122806;0,017543859649122806
HJXXIII;UTI -  PEDIATRICO 2º ANDAR;2025,0;6,0;5,0;3,0;84,0;0,05952380952380952;0,03571428571428571
HJXXIII;UTI -  PEDIATRICO 2º ANDAR;2025,0;7,0;0,0;0,0;25,0;0,0;0,0
HJXXIII;UTI -  PEDIATRICO 2º ANDAR;2025,0;8,0;1,0;1,0;38,0;0,02631578947368421;0,02631578947368421
HJXXIII;UTI -  PEDIATRICO 2º ANDAR;2025,0;9,0;0,0;0,0;15,0;0,0;0,0
HJXXIII;UTI -  PEDIATRICO 2º ANDAR;2025,0;10,0;0,0;0,0;14,0;0,0;0,0
HJXXIII;UTI -  PEDIATRICO 2º ANDAR;2025,0;11,0;1,0;0,0;25,0;0,04;0,0
HJXXIII;UTI -  PEDIATRICO 2º ANDAR;2025,0;12,0;1,0;1,0;22,0;0,045454545454545456;0,045454545454545456
HJXXIII;UTI -  PEDIATRICO 2º ANDAR;2026,0;1,0;2,0;2,0;14,0;0,14285714285714285;0,14285714285714285
HJXXIII;UTI -  PEDIATRICO 2º ANDAR;2026,0;2,0;0,0;0,0;8,0;0,0;0,0
HJXXIII;UTI -  PEDIATRICO 2º ANDAR;2026,0;3,0;2,0;2,0;30,0;0,06666666666666667;0,06666666666666667
HJXXIII;UTI -  PEDIATRICO 2º ANDAR;2026,0;4,0;4,0;3,0;43,0;0,09302325581395349;0,06976744186046512
HJXXIII;UTI -  PEDIATRICO 2º ANDAR;2026,0;5,0;1,0;1,0;76,0;0,013157894736842105;0,013157894736842105
HJXXIII;UTI -  PEDIATRICO 2º ANDAR;2026,0;6,0;0,0;0,0;86,0;0,0;0,0
HJXXIII;UTI -  PEDIATRICO 2º ANDAR;2026,0;7,0;0,0;0,0;29,0;0,0;0,0
HJXXIII;UTI -  PEDIATRICO 2º ANDAR;2026,0;8,0;2,0;2,0;28,0;0,07142857142857142;0,07142857142857142
HMAL;AMBULATORIO DE ORTOPEDIA;2019,0;9,0;0,0;0,0;1,0;0,0;0,0
HMAL;AMBULATORIO DE ORTOPEDIA;2020,0;11,0;0,0;0,0;1,0;0,0;0,0
HMAL;AMBULATORIO DE ORTOPEDIA;2023,0;7,0;0,0;0,0;1,0;0,0;0,0
HMAL;AMBULATORIO DE ORTOPEDIA;2024,0;9,0;0,0;0,0;1,0;0,0;0,0
HMAL;BLOCO CIRURGICO;2019,0;7,0;0,0;0,0;1,0;0,0;0,0
HMAL;TERAPIA MÃO;2021,0;5,0;0,0;0,0;1,0;0,0;0,0
HMAL;UNIDADE DE INTERNAÇÃO - TRAUMATO/ORTOPEDIA A;2019,0;1,0;0,0;0,0;56,0;0,0;0,0
HMAL;UNIDADE DE INTERNAÇÃO - TRAUMATO/ORTOPEDIA A;2019,0;2,0;0,0;0,0;61,0;0,0;0,0
HMAL;UNIDADE DE INTERNAÇÃO - TRAUMATO/ORTOPEDIA A;2019,0;3,0;0,0;0,0;60,0;0,0;0,0
HMAL;UNIDADE DE INTERNAÇÃO - TRAUMATO/ORTOPEDIA A;2019,0;4,0;0,0;0,0;62,0;0,0;0,0
HMAL;UNIDADE DE INTERNAÇÃO - TRAUMATO/ORTOPEDIA A;2019,0;5,0;0,0;0,0;71,0;0,0;0,0
HMAL;UNIDADE DE INTERNAÇÃO - TRAUMATO/ORTOPEDIA A;2019,0;6,0;0,0;0,0;54,0;0,0;0,0
HMAL;UNIDADE DE INTERNAÇÃO - TRAUMATO/ORTOPEDIA A;2019,0;7,0;0,0;0,0;60,0;0,0;0,0
HMAL;UNIDADE DE INTERNAÇÃO - TRAUMATO/ORTOPEDIA A;2019,0;8,0;0,0;0,0;73,0;0,0;0,0
HMAL;UNIDADE DE INTERNAÇÃO - TRAUMATO/ORTOPEDIA A;2019,0;9,0;0,0;0,0;57,0;0,0;0,0
HMAL;UNIDADE DE INTERNAÇÃO - TRAUMATO/ORTOPEDIA A;2019,0;10,0;0,0;0,0;60,0;0,0;0,0
HMAL;UNIDADE DE INTERNAÇÃO - TRAUMATO/ORTOPEDIA A;2019,0;11,0;0,0;0,0;57,0;0,0;0,0
HMAL;UNIDADE DE INTERNAÇÃO - TRAUMATO/ORTOPEDIA A;2019,0;12,0;0,0;0,0;64,0;0,0;0,0
HMAL;UNIDADE DE INTERNAÇÃO - TRAUMATO/ORTOPEDIA A;2020,0;1,0;0,0;0,0;51,0;0,0;0,0
HMAL;UNIDADE DE INTERNAÇÃO - TRAUMATO/ORTOPEDIA A;2020,0;2,0;0,0;0,0;49,0;0,0;0,0
HMAL;UNIDADE DE INTERNAÇÃO - TRAUMATO/ORTOPEDIA A;2020,0;3,0;0,0;0,0;60,0;0,0;0,0
HMAL;UNIDADE DE INTERNAÇÃO - TRAUMATO/ORTOPEDIA A;2020,0;4,0;0,0;0,0;65,0;0,0;0,0
HMAL;UNIDADE DE INTERNAÇÃO - TRAUMATO/ORTOPEDIA A;2020,0;5,0;0,0;0,0;65,0;0,0;0,0
HMAL;UNIDADE DE INTERNAÇÃO - TRAUMATO/ORTOPEDIA A;2020,0;6,0;0,0;0,0;77,0;0,0;0,0
HMAL;UNIDADE DE INTERNAÇÃO - TRAUMATO/ORTOPEDIA A;2020,0;7,0;0,0;0,0;70,0;0,0;0,0
HMAL;UNIDADE DE INTERNAÇÃO - TRAUMATO/ORTOPEDIA A;2020,0;8,0;0,0;0,0;82,0;0,0;0,0
HMAL;UNIDADE DE INTERNAÇÃO - TRAUMATO/ORTOPEDIA A;2020,0;9,0;0,0;0,0;90,0;0,0;0,0
HMAL;UNIDADE DE INTERNAÇÃO - TRAUMATO/ORTOPEDIA A;2020,0;10,0;0,0;0,0;90,0;0,0;0,0
HMAL;UNIDADE DE INTERNAÇÃO - TRAUMATO/ORTOPEDIA A;2020,0;11,0;0,0;0,0;72,0;0,0;0,0
HMAL;UNIDADE DE INTERNAÇÃO - TRAUMATO/ORTOPEDIA A;2020,0;12,0;0,0;0,0;82,0;0,0;0,0
HMAL;UNIDADE DE INTERNAÇÃO - TRAUMATO/ORTOPEDIA A;2021,0;1,0;0,0;0,0;81,0;0,0;0,0
HMAL;UNIDADE DE INTERNAÇÃO - TRAUMATO/ORTOPEDIA A;2021,0;2,0;0,0;0,0;62,0;0,0;0,0
HMAL;UNIDADE DE INTERNAÇÃO - TRAUMATO/ORTOPEDIA A;2021,0;3,0;0,0;0,0;67,0;0,0;0,0
HMAL;UNIDADE DE INTERNAÇÃO - TRAUMATO/ORTOPEDIA A;2021,0;4,0;0,0;0,0;67,0;0,0;0,0
HMAL;UNIDADE DE INTERNAÇÃO - TRAUMATO/ORTOPEDIA A;2021,0;5,0;0,0;0,0;65,0;0,0;0,0
HMAL;UNIDADE DE INTERNAÇÃO - TRAUMATO/ORTOPEDIA A;2021,0;6,0;0,0;0,0;71,0;0,0;0,0
HMAL;UNIDADE DE INTERNAÇÃO - TRAUMATO/ORTOPEDIA A;2021,0;7,0;0,0;0,0;72,0;0,0;0,0
HMAL;UNIDADE DE INTERNAÇÃO - TRAUMATO/ORTOPEDIA A;2021,0;8,0;0,0;0,0;78,0;0,0;0,0
HMAL;UNIDADE DE INTERNAÇÃO - TRAUMATO/ORTOPEDIA A;2021,0;9,0;0,0;0,0;71,0;0,0;0,0
HMAL;UNIDADE DE INTERNAÇÃO - TRAUMATO/ORTOPEDIA A;2021,0;10,0;0,0;0,0;61,0;0,0;0,0
HMAL;UNIDADE DE INTERNAÇÃO - TRAUMATO/ORTOPEDIA A;2021,0;11,0;0,0;0,0;48,0;0,0;0,0
HMAL;UNIDADE DE INTERNAÇÃO - TRAUMATO/ORTOPEDIA A;2021,0;12,0;0,0;0,0;64,0;0,0;0,0
HMAL;UNIDADE DE INTERNAÇÃO - TRAUMATO/ORTOPEDIA A;2022,0;1,0;0,0;0,0;56,0;0,0;0,0
HMAL;UNIDADE DE INTERNAÇÃO - TRAUMATO/ORTOPEDIA A;2022,0;2,0;0,0;0,0;57,0;0,0;0,0
HMAL;UNIDADE DE INTERNAÇÃO - TRAUMATO/ORTOPEDIA A;2022,0;3,0;0,0;0,0;76,0;0,0;0,0
HMAL;UNIDADE DE INTERNAÇÃO - TRAUMATO/ORTOPEDIA A;2022,0;4,0;0,0;0,0;60,0;0,0;0,0
HMAL;UNIDADE DE INTERNAÇÃO - TRAUMATO/ORTOPEDIA A;2022,0;5,0;0,0;0,0;64,0;0,0;0,0
HMAL;UNIDADE DE INTERNAÇÃO - TRAUMATO/ORTOPEDIA A;2022,0;6,0;0,0;0,0;65,0;0,0;0,0
HMAL;UNIDADE DE INTERNAÇÃO - TRAUMATO/ORTOPEDIA A;2022,0;7,0;0,0;0,0;89,0;0,0;0,0
HMAL;UNIDADE DE INTERNAÇÃO - TRAUMATO/ORTOPEDIA A;2022,0;8,0;0,0;0,0;82,0;0,0;0,0
HMAL;UNIDADE DE INTERNAÇÃO - TRAUMATO/ORTOPEDIA A;2022,0;9,0;0,0;0,0;99,0;0,0;0,0
HMAL;UNIDADE DE INTERNAÇÃO - TRAUMATO/ORTOPEDIA A;2022,0;10,0;0,0;0,0;98,0;0,0;0,0
HMAL;UNIDADE DE INTERNAÇÃO - TRAUMATO/ORTOPEDIA A;2022,0;11,0;0,0;0,0;78,0;0,0;0,0
HMAL;UNIDADE DE INTERNAÇÃO - TRAUMATO/ORTOPEDIA A;2022,0;12,0;0,0;0,0;80,0;0,0;0,0
HMAL;UNIDADE DE INTERNAÇÃO - TRAUMATO/ORTOPEDIA A;2023,0;1,0;0,0;0,0;67,0;0,0;0,0
HMAL;UNIDADE DE INTERNAÇÃO - TRAUMATO/ORTOPEDIA A;2023,0;2,0;0,0;0,0;77,0;0,0;0,0
HMAL;UNIDADE DE INTERNAÇÃO - TRAUMATO/ORTOPEDIA A;2023,0;3,0;0,0;0,0;108,0;0,0;0,0
HMAL;UNIDADE DE INTERNAÇÃO - TRAUMATO/ORTOPEDIA A;2023,0;4,0;0,0;0,0;81,0;0,0;0,0
HMAL;UNIDADE DE INTERNAÇÃO - TRAUMATO/ORTOPEDIA A;2023,0;5,0;0,0;0,0;103,0;0,0;0,0
HMAL;UNIDADE DE INTERNAÇÃO - TRAUMATO/ORTOPEDIA A;2023,0;6,0;0,0;0,0;112,0;0,0;0,0
HMAL;UNIDADE DE INTERNAÇÃO - TRAUMATO/ORTOPEDIA A;2023,0;7,0;0,0;0,0;116,0;0,0;0,0
HMAL;UNIDADE DE INTERNAÇÃO - TRAUMATO/ORTOPEDIA A;2023,0;8,0;0,0;0,0;147,0;0,0;0,0
HMAL;UNIDADE DE INTERNAÇÃO - TRAUMATO/ORTOPEDIA A;2023,0;9,0;0,0;0,0;153,0;0,0;0,0
HMAL;UNIDADE DE INTERNAÇÃO - TRAUMATO/ORTOPEDIA A;2023,0;10,0;0,0;0,0;152,0;0,0;0,0
HMAL;UNIDADE DE INTERNAÇÃO - TRAUMATO/ORTOPEDIA A;2023,0;11,0;0,0;0,0;144,0;0,0;0,0
HMAL;UNIDADE DE INTERNAÇÃO - TRAUMATO/ORTOPEDIA A;2023,0;12,0;0,0;0,0;165,0;0,0;0,0
HMAL;UNIDADE DE INTERNAÇÃO - TRAUMATO/ORTOPEDIA A;2024,0;1,0;0,0;0,0;125,0;0,0;0,0
HMAL;UNIDADE DE INTERNAÇÃO - TRAUMATO/ORTOPEDIA A;2024,0;2,0;0,0;0,0;113,0;0,0;0,0
HMAL;UNIDADE DE INTERNAÇÃO - TRAUMATO/ORTOPEDIA A;2024,0;3,0;0,0;0,0;125,0;0,0;0,0
HMAL;UNIDADE DE INTERNAÇÃO - TRAUMATO/ORTOPEDIA A;2024,0;4,0;0,0;0,0;137,0;0,0;0,0
HMAL;UNIDADE DE INTERNAÇÃO - TRAUMATO/ORTOPEDIA A;2024,0;5,0;0,0;0,0;144,0;0,0;0,0
HMAL;UNIDADE DE INTERNAÇÃO - TRAUMATO/ORTOPEDIA A;2024,0;6,0;0,0;0,0;114,0;0,0;0,0
HMAL;UNIDADE DE INTERNAÇÃO - TRAUMATO/ORTOPEDIA A;2024,0;7,0;0,0;0,0;119,0;0,0;0,0
HMAL;UNIDADE DE INTERNAÇÃO - TRAUMATO/ORTOPEDIA A;2024,0;8,0;0,0;0,0;124,0;0,0;0,0
HMAL;UNIDADE DE INTERNAÇÃO - TRAUMATO/ORTOPEDIA A;2024,0;9,0;0,0;0,0;121,0;0,0;0,0
HMAL;UNIDADE DE INTERNAÇÃO - TRAUMATO/ORTOPEDIA A;2024,0;10,0;0,0;0,0;127,0;0,0;0,0
HMAL;UNIDADE DE INTERNAÇÃO - TRAUMATO/ORTOPEDIA A;2024,0;11,0;0,0;0,0;103,0;0,0;0,0
HMAL;UNIDADE DE INTERNAÇÃO - TRAUMATO/ORTOPEDIA A;2024,0;12,0;0,0;0,0;83,0;0,0;0,0
HMAL;UNIDADE DE INTERNAÇÃO - TRAUMATO/ORTOPEDIA A;2025,0;1,0;0,0;0,0;68,0;0,0;0,0
HMAL;UNIDADE DE INTERNAÇÃO - TRAUMATO/ORTOPEDIA A;2025,0;2,0;0,0;0,0;24,0;0,0;0,0
HMAL;UNIDADE DE INTERNAÇÃO - TRAUMATO/ORTOPEDIA A;2025,0;3,0;0,0;0,0;15,0;0,0;0,0
HMAL;UNIDADE DE INTERNAÇÃO - TRAUMATO/ORTOPEDIA B;2019,0;1,0;0,0;0,0;71,0;0,0;0,0
HMAL;UNIDADE DE INTERNAÇÃO - TRAUMATO/ORTOPEDIA B;2019,0;2,0;0,0;0,0;65,0;0,0;0,0
HMAL;UNIDADE DE INTERNAÇÃO - TRAUMATO/ORTOPEDIA B;2019,0;3,0;0,0;0,0;59,0;0,0;0,0
HMAL;UNIDADE DE INTERNAÇÃO - TRAUMATO/ORTOPEDIA B;2019,0;4,0;0,0;0,0;58,0;0,0;0,0
HMAL;UNIDADE DE INTERNAÇÃO - TRAUMATO/ORTOPEDIA B;2019,0;5,0;0,0;0,0;72,0;0,0;0,0
HMAL;UNIDADE DE INTERNAÇÃO - TRAUMATO/ORTOPEDIA B;2019,0;6,0;0,0;0,0;70,0;0,0;0,0
HMAL;UNIDADE DE INTERNAÇÃO - TRAUMATO/ORTOPEDIA B;2019,0;7,0;0,0;0,0;84,0;0,0;0,0
HMAL;UNIDADE DE INTERNAÇÃO - TRAUMATO/ORTOPEDIA B;2019,0;8,0;0,0;0,0;61,0;0,0;0,0
HMAL;UNIDADE DE INTERNAÇÃO - TRAUMATO/ORTOPEDIA B;2019,0;9,0;0,0;0,0;61,0;0,0;0,0
HMAL;UNIDADE DE INTERNAÇÃO - TRAUMATO/ORTOPEDIA B;2019,0;10,0;0,0;0,0;79,0;0,0;0,0
HMAL;UNIDADE DE INTERNAÇÃO - TRAUMATO/ORTOPEDIA B;2019,0;11,0;0,0;0,0;75,0;0,0;0,0
HMAL;UNIDADE DE INTERNAÇÃO - TRAUMATO/ORTOPEDIA B;2019,0;12,0;0,0;0,0;62,0;0,0;0,0
HMAL;UNIDADE DE INTERNAÇÃO - TRAUMATO/ORTOPEDIA B;2020,0;1,0;0,0;0,0;75,0;0,0;0,0
HMAL;UNIDADE DE INTERNAÇÃO - TRAUMATO/ORTOPEDIA B;2020,0;2,0;0,0;0,0;78,0;0,0;0,0
HMAL;UNIDADE DE INTERNAÇÃO - TRAUMATO/ORTOPEDIA B;2020,0;3,0;0,0;0,0;69,0;0,0;0,0
HMAL;UNIDADE DE INTERNAÇÃO - TRAUMATO/ORTOPEDIA B;2020,0;4,0;0,0;0,0;76,0;0,0;0,0
HMAL;UNIDADE DE INTERNAÇÃO - TRAUMATO/ORTOPEDIA B;2020,0;5,0;0,0;0,0;92,0;0,0;0,0
HMAL;UNIDADE DE INTERNAÇÃO - TRAUMATO/ORTOPEDIA B;2020,0;6,0;0,0;0,0;88,0;0,0;0,0
HMAL;UNIDADE DE INTERNAÇÃO - TRAUMATO/ORTOPEDIA B;2020,0;7,0;0,0;0,0;80,0;0,0;0,0
HMAL;UNIDADE DE INTERNAÇÃO - TRAUMATO/ORTOPEDIA B;2020,0;8,0;0,0;0,0;83,0;0,0;0,0
HMAL;UNIDADE DE INTERNAÇÃO - TRAUMATO/ORTOPEDIA B;2020,0;9,0;0,0;0,0;89,0;0,0;0,0
HMAL;UNIDADE DE INTERNAÇÃO - TRAUMATO/ORTOPEDIA B;2020,0;10,0;0,0;0,0;106,0;0,0;0,0
HMAL;UNIDADE DE INTERNAÇÃO - TRAUMATO/ORTOPEDIA B;2020,0;11,0;0,0;0,0;87,0;0,0;0,0
HMAL;UNIDADE DE INTERNAÇÃO - TRAUMATO/ORTOPEDIA B;2020,0;12,0;0,0;0,0;111,0;0,0;0,0
HMAL;UNIDADE DE INTERNAÇÃO - TRAUMATO/ORTOPEDIA B;2021,0;1,0;0,0;0,0;97,0;0,0;0,0
HMAL;UNIDADE DE INTERNAÇÃO - TRAUMATO/ORTOPEDIA B;2021,0;2,0;0,0;0,0;79,0;0,0;0,0
HMAL;UNIDADE DE INTERNAÇÃO - TRAUMATO/ORTOPEDIA B;2021,0;3,0;0,0;0,0;88,0;0,0;0,0
HMAL;UNIDADE DE INTERNAÇÃO - TRAUMATO/ORTOPEDIA B;2021,0;4,0;0,0;0,0;96,0;0,0;0,0
HMAL;UNIDADE DE INTERNAÇÃO - TRAUMATO/ORTOPEDIA B;2021,0;5,0;0,0;0,0;94,0;0,0;0,0
HMAL;UNIDADE DE INTERNAÇÃO - TRAUMATO/ORTOPEDIA B;2021,0;6,0;0,0;0,0;77,0;0,0;0,0
HMAL;UNIDADE DE INTERNAÇÃO - TRAUMATO/ORTOPEDIA B;2021,0;7,0;0,0;0,0;92,0;0,0;0,0
HMAL;UNIDADE DE INTERNAÇÃO - TRAUMATO/ORTOPEDIA B;2021,0;8,0;0,0;0,0;70,0;0,0;0,0
HMAL;UNIDADE DE INTERNAÇÃO - TRAUMATO/ORTOPEDIA B;2021,0;9,0;0,0;0,0;61,0;0,0;0,0
HMAL;UNIDADE DE INTERNAÇÃO - TRAUMATO/ORTOPEDIA B;2021,0;10,0;0,0;0,0;70,0;0,0;0,0
HMAL;UNIDADE DE INTERNAÇÃO - TRAUMATO/ORTOPEDIA B;2021,0;11,0;0,0;0,0;64,0;0,0;0,0
HMAL;UNIDADE DE INTERNAÇÃO - TRAUMATO/ORTOPEDIA B;2021,0;12,0;0,0;0,0;44,0;0,0;0,0
HMAL;UNIDADE DE INTERNAÇÃO - TRAUMATO/ORTOPEDIA B;2022,0;2,0;0,0;0,0;35,0;0,0;0,0
HMAL;UNIDADE DE INTERNAÇÃO - TRAUMATO/ORTOPEDIA B;2022,0;3,0;0,0;0,0;62,0;0,0;0,0
HMAL;UNIDADE DE INTERNAÇÃO - TRAUMATO/ORTOPEDIA B;2022,0;4,0;0,0;0,0;56,0;0,0;0,0
HMAL;UNIDADE DE INTERNAÇÃO - TRAUMATO/ORTOPEDIA B;2022,0;5,0;0,0;0,0;75,0;0,0;0,0
HMAL;UNIDADE DE INTERNAÇÃO - TRAUMATO/ORTOPEDIA B;2022,0;6,0;0,0;0,0;73,0;0,0;0,0
HMAL;UNIDADE DE INTERNAÇÃO - TRAUMATO/ORTOPEDIA B;2022,0;7,0;0,0;0,0;110,0;0,0;0,0
HMAL;UNIDADE DE INTERNAÇÃO - TRAUMATO/ORTOPEDIA B;2022,0;8,0;0,0;0,0;81,0;0,0;0,0
HMAL;UNIDADE DE INTERNAÇÃO - TRAUMATO/ORTOPEDIA B;2022,0;9,0;0,0;0,0;107,0;0,0;0,0
HMAL;UNIDADE DE INTERNAÇÃO - TRAUMATO/ORTOPEDIA B;2022,0;10,0;0,0;0,0;88,0;0,0;0,0
HMAL;UNIDADE DE INTERNAÇÃO - TRAUMATO/ORTOPEDIA B;2022,0;11,0;0,0;0,0;98,0;0,0;0,0
HMAL;UNIDADE DE INTERNAÇÃO - TRAUMATO/ORTOPEDIA B;2022,0;12,0;0,0;0,0;105,0;0,0;0,0
HMAL;UNIDADE DE INTERNAÇÃO - TRAUMATO/ORTOPEDIA B;2023,0;1,0;0,0;0,0;115,0;0,0;0,0
HMAL;UNIDADE DE INTERNAÇÃO - TRAUMATO/ORTOPEDIA B;2023,0;2,0;0,0;0,0;107,0;0,0;0,0
HMAL;UNIDADE DE INTERNAÇÃO - TRAUMATO/ORTOPEDIA B;2023,0;3,0;0,0;0,0;172,0;0,0;0,0
HMAL;UNIDADE DE INTERNAÇÃO - TRAUMATO/ORTOPEDIA B;2023,0;4,0;0,0;0,0;127,0;0,0;0,0
HMAL;UNIDADE DE INTERNAÇÃO - TRAUMATO/ORTOPEDIA B;2023,0;5,0;0,0;0,0;136,0;0,0;0,0
HMAL;UNIDADE DE INTERNAÇÃO - TRAUMATO/ORTOPEDIA B;2023,0;6,0;0,0;0,0;182,0;0,0;0,0
HMAL;UNIDADE DE INTERNAÇÃO - TRAUMATO/ORTOPEDIA B;2023,0;7,0;0,0;0,0;128,0;0,0;0,0
HMAL;UNIDADE DE INTERNAÇÃO - TRAUMATO/ORTOPEDIA B;2023,0;8,0;0,0;0,0;125,0;0,0;0,0
HMAL;UNIDADE DE INTERNAÇÃO - TRAUMATO/ORTOPEDIA B;2023,0;9,0;0,0;0,0;108,0;0,0;0,0
HMAL;UNIDADE DE INTERNAÇÃO - TRAUMATO/ORTOPEDIA B;2023,0;10,0;0,0;0,0;123,0;0,0;0,0
HMAL;UNIDADE DE INTERNAÇÃO - TRAUMATO/ORTOPEDIA B;2023,0;11,0;0,0;0,0;137,0;0,0;0,0
HMAL;UNIDADE DE INTERNAÇÃO - TRAUMATO/ORTOPEDIA B;2023,0;12,0;0,0;0,0;152,0;0,0;0,0
HMAL;UNIDADE DE INTERNAÇÃO - TRAUMATO/ORTOPEDIA B;2024,0;1,0;0,0;0,0;116,0;0,0;0,0
HMAL;UNIDADE DE INTERNAÇÃO - TRAUMATO/ORTOPEDIA B;2024,0;2,0;0,0;0,0;99,0;0,0;0,0
HMAL;UNIDADE DE INTERNAÇÃO - TRAUMATO/ORTOPEDIA B;2024,0;3,0;0,0;0,0;121,0;0,0;0,0
HMAL;UNIDADE DE INTERNAÇÃO - TRAUMATO/ORTOPEDIA B;2024,0;4,0;0,0;0,0;119,0;0,0;0,0
HMAL;UNIDADE DE INTERNAÇÃO - TRAUMATO/ORTOPEDIA B;2024,0;5,0;0,0;0,0;130,0;0,0;0,0
HMAL;UNIDADE DE INTERNAÇÃO - TRAUMATO/ORTOPEDIA B;2024,0;6,0;0,0;0,0;117,0;0,0;0,0
HMAL;UNIDADE DE INTERNAÇÃO - TRAUMATO/ORTOPEDIA B;2024,0;7,0;0,0;0,0;106,0;0,0;0,0
HMAL;UNIDADE DE INTERNAÇÃO - TRAUMATO/ORTOPEDIA B;2024,0;8,0;0,0;0,0;124,0;0,0;0,0
HMAL;UNIDADE DE INTERNAÇÃO - TRAUMATO/ORTOPEDIA B;2024,0;9,0;0,0;0,0;82,0;0,0;0,0
HMAL;UNIDADE DE INTERNAÇÃO - TRAUMATO/ORTOPEDIA B;2024,0;10,0;0,0;0,0;121,0;0,0;0,0
HMAL;UNIDADE DE INTERNAÇÃO - TRAUMATO/ORTOPEDIA B;2024,0;11,0;0,0;0,0;85,0;0,0;0,0
HMAL;UNIDADE DE INTERNAÇÃO - TRAUMATO/ORTOPEDIA B;2024,0;12,0;0,0;0,0;82,0;0,0;0,0
HMAL;UNIDADE DE INTERNAÇÃO - TRAUMATO/ORTOPEDIA B;2025,0;1,0;0,0;0,0;59,0;0,0;0,0
HMAL;UNIDADE DE INTERNAÇÃO - TRAUMATO/ORTOPEDIA B;2025,0;2,0;0,0;0,0;38,0;0,0;0,0
HMAL;UNIDADE DE INTERNAÇÃO - TRAUMATO/ORTOPEDIA B;2025,0;3,0;0,0;0,0;17,0;0,0;0,0
HMAL;UNIDADE DE INTERNAÇÃO - TRAUMATO/ORTOPEDIA B;2025,0;4,0;0,0;0,0;22,0;0,0;0,0
HMAL;UNIDADE DE INTERNAÇÃO - TRAUMATO/ORTOPEDIA B;2025,0;5,0;0,0;0,0;75,0;0,0;0,0
HMAL;UNIDADE DE INTERNAÇÃO - TRAUMATO/ORTOPEDIA B;2025,0;6,0;0,0;0,0;69,0;0,0;0,0
HMAL;UNIDADE DE INTERNAÇÃO - TRAUMATO/ORTOPEDIA B;2025,0;7,0;0,0;0,0;80,0;0,0;0,0
HMAL;UNIDADE DE INTERNAÇÃO - TRAUMATO/ORTOPEDIA B;2025,0;8,0;0,0;0,0;71,0;0,0;0,0
HMAL;UNIDADE DE INTERNAÇÃO - TRAUMATO/ORTOPEDIA B;2025,0;9,0;0,0;0,0;51,0;0,0;0,0
HMAL;UNIDADE DE INTERNAÇÃO - TRAUMATO/ORTOPEDIA B;2025,0;10,0;0,0;0,0;64,0;0,0;0,0
HMAL;UNIDADE DE INTERNAÇÃO - TRAUMATO/ORTOPEDIA B;2025,0;11,0;0,0;0,0;69,0;0,0;0,0
HMAL;UNIDADE DE INTERNAÇÃO - TRAUMATO/ORTOPEDIA B;2025,0;12,0;0,0;0,0;41,0;0,0;0,0
HMAL;UNIDADE DE INTERNAÇÃO - TRAUMATO/ORTOPEDIA B;2026,0;1,0;0,0;0,0;80,0;0,0;0,0
HMAL;UNIDADE DE INTERNAÇÃO - TRAUMATO/ORTOPEDIA B;2026,0;2,0;0,0;0,0;44,0;0,0;0,0
HMAL;UNIDADE DE INTERNAÇÃO - TRAUMATO/ORTOPEDIA B;2026,0;3,0;0,0;0,0;43,0;0,0;0,0
HMAL;UNIDADE DE INTERNAÇÃO - TRAUMATO/ORTOPEDIA B;2026,0;4,0;0,0;0,0;37,0;0,0;0,0
HMAL;UNIDADE DE INTERNAÇÃO - TRAUMATO/ORTOPEDIA B;2026,0;5,0;0,0;0,0;36,0;0,0;0,0
HMAL;UNIDADE DE INTERNAÇÃO - TRAUMATO/ORTOPEDIA B;2026,0;6,0;0,0;0,0;12,0;0,0;0,0
HMAL;UNIDADE DE INTERNAÇÃO - TRAUMATO/ORTOPEDIA B;2026,0;7,0;0,0;0,0;1,0;0,0;0,0
HMAL;UNIDADE INTERNAÇÃO - BUCO TRAUMATO ORTOPEDIA 2º ANDAR;2019,0;1,0;0,0;0,0;45,0;0,0;0,0
HMAL;UNIDADE INTERNAÇÃO - BUCO TRAUMATO ORTOPEDIA 2º ANDAR;2019,0;2,0;0,0;0,0;49,0;0,0;0,0
HMAL;UNIDADE INTERNAÇÃO - BUCO TRAUMATO ORTOPEDIA 2º ANDAR;2019,0;3,0;0,0;0,0;48,0;0,0;0,0
HMAL;UNIDADE INTERNAÇÃO - BUCO TRAUMATO ORTOPEDIA 2º ANDAR;2019,0;4,0;0,0;0,0;57,0;0,0;0,0
HMAL;UNIDADE INTERNAÇÃO - BUCO TRAUMATO ORTOPEDIA 2º ANDAR;2019,0;5,0;0,0;0,0;68,0;0,0;0,0
HMAL;UNIDADE INTERNAÇÃO - BUCO TRAUMATO ORTOPEDIA 2º ANDAR;2019,0;6,0;0,0;0,0;58,0;0,0;0,0
HMAL;UNIDADE INTERNAÇÃO - BUCO TRAUMATO ORTOPEDIA 2º ANDAR;2019,0;7,0;0,0;0,0;67,0;0,0;0,0
HMAL;UNIDADE INTERNAÇÃO - BUCO TRAUMATO ORTOPEDIA 2º ANDAR;2019,0;8,0;0,0;0,0;56,0;0,0;0,0
HMAL;UNIDADE INTERNAÇÃO - BUCO TRAUMATO ORTOPEDIA 2º ANDAR;2019,0;9,0;0,0;0,0;64,0;0,0;0,0
HMAL;UNIDADE INTERNAÇÃO - BUCO TRAUMATO ORTOPEDIA 2º ANDAR;2019,0;10,0;0,0;0,0;63,0;0,0;0,0
HMAL;UNIDADE INTERNAÇÃO - BUCO TRAUMATO ORTOPEDIA 2º ANDAR;2019,0;11,0;0,0;0,0;46,0;0,0;0,0
HMAL;UNIDADE INTERNAÇÃO - BUCO TRAUMATO ORTOPEDIA 2º ANDAR;2019,0;12,0;0,0;0,0;51,0;0,0;0,0
HMAL;UNIDADE INTERNAÇÃO - BUCO TRAUMATO ORTOPEDIA 2º ANDAR;2020,0;1,0;0,0;0,0;59,0;0,0;0,0
HMAL;UNIDADE INTERNAÇÃO - BUCO TRAUMATO ORTOPEDIA 2º ANDAR;2020,0;2,0;0,0;0,0;47,0;0,0;0,0
HMAL;UNIDADE INTERNAÇÃO - BUCO TRAUMATO ORTOPEDIA 2º ANDAR;2020,0;3,0;0,0;0,0;54,0;0,0;0,0
HMAL;UNIDADE INTERNAÇÃO - BUCO TRAUMATO ORTOPEDIA 2º ANDAR;2020,0;6,0;0,0;0,0;11,0;0,0;0,0
HMAL;UNIDADE INTERNAÇÃO - BUCO TRAUMATO ORTOPEDIA 2º ANDAR;2020,0;7,0;0,0;0,0;60,0;0,0;0,0
HMAL;UNIDADE INTERNAÇÃO - BUCO TRAUMATO ORTOPEDIA 2º ANDAR;2020,0;8,0;0,0;0,0;62,0;0,0;0,0
HMAL;UNIDADE INTERNAÇÃO - BUCO TRAUMATO ORTOPEDIA 2º ANDAR;2020,0;9,0;0,0;0,0;64,0;0,0;0,0
HMAL;UNIDADE INTERNAÇÃO - BUCO TRAUMATO ORTOPEDIA 2º ANDAR;2020,0;10,0;0,0;0,0;69,0;0,0;0,0
HMAL;UNIDADE INTERNAÇÃO - BUCO TRAUMATO ORTOPEDIA 2º ANDAR;2020,0;11,0;0,0;0,0;54,0;0,0;0,0
HMAL;UNIDADE INTERNAÇÃO - BUCO TRAUMATO ORTOPEDIA 2º ANDAR;2020,0;12,0;0,0;0,0;62,0;0,0;0,0
HMAL;UNIDADE INTERNAÇÃO - BUCO TRAUMATO ORTOPEDIA 2º ANDAR;2021,0;1,0;0,0;0,0;9,0;0,0;0,0
HMAL;UNIDADE INTERNAÇÃO - BUCO TRAUMATO ORTOPEDIA 2º ANDAR;2021,0;2,0;0,0;0,0;61,0;0,0;0,0
HMAL;UNIDADE INTERNAÇÃO - BUCO TRAUMATO ORTOPEDIA 2º ANDAR;2021,0;3,0;0,0;0,0;66,0;0,0;0,0
HMAL;UNIDADE INTERNAÇÃO - BUCO TRAUMATO ORTOPEDIA 2º ANDAR;2021,0;4,0;0,0;0,0;59,0;0,0;0,0
HMAL;UNIDADE INTERNAÇÃO - BUCO TRAUMATO ORTOPEDIA 2º ANDAR;2021,0;5,0;0,0;0,0;65,0;0,0;0,0
HMAL;UNIDADE INTERNAÇÃO - BUCO TRAUMATO ORTOPEDIA 2º ANDAR;2021,0;6,0;0,0;0,0;78,0;0,0;0,0
HMAL;UNIDADE INTERNAÇÃO - BUCO TRAUMATO ORTOPEDIA 2º ANDAR;2021,0;7,0;0,0;0,0;56,0;0,0;0,0
HMAL;UNIDADE INTERNAÇÃO - BUCO TRAUMATO ORTOPEDIA 2º ANDAR;2021,0;8,0;0,0;0,0;65,0;0,0;0,0
HMAL;UNIDADE INTERNAÇÃO - BUCO TRAUMATO ORTOPEDIA 2º ANDAR;2021,0;9,0;0,0;0,0;70,0;0,0;0,0
HMAL;UNIDADE INTERNAÇÃO - BUCO TRAUMATO ORTOPEDIA 2º ANDAR;2021,0;10,0;0,0;0,0;64,0;0,0;0,0
HMAL;UNIDADE INTERNAÇÃO - BUCO TRAUMATO ORTOPEDIA 2º ANDAR;2021,0;11,0;0,0;0,0;55,0;0,0;0,0
HMAL;UNIDADE INTERNAÇÃO - BUCO TRAUMATO ORTOPEDIA 2º ANDAR;2021,0;12,0;0,0;0,0;76,0;0,0;0,0
HMAL;UNIDADE INTERNAÇÃO - BUCO TRAUMATO ORTOPEDIA 2º ANDAR;2022,0;1,0;0,0;0,0;62,0;0,0;0,0
HMAL;UNIDADE INTERNAÇÃO - BUCO TRAUMATO ORTOPEDIA 2º ANDAR;2022,0;2,0;0,0;0,0;55,0;0,0;0,0
HMAL;UNIDADE INTERNAÇÃO - BUCO TRAUMATO ORTOPEDIA 2º ANDAR;2022,0;3,0;0,0;0,0;90,0;0,0;0,0
HMAL;UNIDADE INTERNAÇÃO - BUCO TRAUMATO ORTOPEDIA 2º ANDAR;2022,0;4,0;0,0;0,0;80,0;0,0;0,0
HMAL;UNIDADE INTERNAÇÃO - BUCO TRAUMATO ORTOPEDIA 2º ANDAR;2022,0;5,0;0,0;0,0;74,0;0,0;0,0
HMAL;UNIDADE INTERNAÇÃO - BUCO TRAUMATO ORTOPEDIA 2º ANDAR;2022,0;6,0;0,0;0,0;59,0;0,0;0,0
HMAL;UNIDADE INTERNAÇÃO - BUCO TRAUMATO ORTOPEDIA 2º ANDAR;2025,0;12,0;0,0;0,0;1,0;0,0;0,0
HMAL;UNIDADE INTERNAÇÃO - BUCO TRAUMATO ORTOPEDIA 2º ANDAR;2026,0;1,0;0,0;0,0;1,0;0,0;0,0
HRAD;ALOJAMENTO CONJUNTO;2019,0;1,0;0,0;0,0;162,0;0,0;0,0
HRAD;ALOJAMENTO CONJUNTO;2019,0;2,0;0,0;0,0;158,0;0,0;0,0
HRAD;ALOJAMENTO CONJUNTO;2019,0;3,0;0,0;0,0;152,0;0,0;0,0
HRAD;ALOJAMENTO CONJUNTO;2019,0;4,0;0,0;0,0;141,0;0,0;0,0
HRAD;ALOJAMENTO CONJUNTO;2019,0;5,0;0,0;0,0;140,0;0,0;0,0
HRAD;ALOJAMENTO CONJUNTO;2019,0;6,0;0,0;0,0;160,0;0,0;0,0
HRAD;ALOJAMENTO CONJUNTO;2019,0;7,0;0,0;0,0;155,0;0,0;0,0
HRAD;ALOJAMENTO CONJUNTO;2019,0;8,0;0,0;0,0;129,0;0,0;0,0
HRAD;ALOJAMENTO CONJUNTO;2019,0;9,0;0,0;0,0;126,0;0,0;0,0
HRAD;ALOJAMENTO CONJUNTO;2019,0;10,0;0,0;0,0;131,0;0,0;0,0
HRAD;ALOJAMENTO CONJUNTO;2019,0;11,0;0,0;0,0;132,0;0,0;0,0
HRAD;ALOJAMENTO CONJUNTO;2019,0;12,0;0,0;0,0;146,0;0,0;0,0
HRAD;ALOJAMENTO CONJUNTO;2020,0;1,0;0,0;0,0;152,0;0,0;0,0
HRAD;ALOJAMENTO CONJUNTO;2020,0;2,0;0,0;0,0;161,0;0,0;0,0
HRAD;ALOJAMENTO CONJUNTO;2020,0;3,0;0,0;0,0;164,0;0,0;0,0
HRAD;ALOJAMENTO CONJUNTO;2020,0;4,0;0,0;0,0;165,0;0,0;0,0
HRAD;ALOJAMENTO CONJUNTO;2020,0;5,0;0,0;0,0;166,0;0,0;0,0
HRAD;ALOJAMENTO CONJUNTO;2020,0;6,0;0,0;0,0;151,0;0,0;0,0
HRAD;ALOJAMENTO CONJUNTO;2020,0;7,0;0,0;0,0;171,0;0,0;0,0
HRAD;ALOJAMENTO CONJUNTO;2020,0;8,0;0,0;0,0;143,0;0,0;0,0
HRAD;ALOJAMENTO CONJUNTO;2020,0;9,0;0,0;0,0;144,0;0,0;0,0
HRAD;ALOJAMENTO CONJUNTO;2020,0;10,0;0,0;0,0;148,0;0,0;0,0
HRAD;ALOJAMENTO CONJUNTO;2020,0;11,0;0,0;0,0;138,0;0,0;0,0
HRAD;ALOJAMENTO CONJUNTO;2020,0;12,0;0,0;0,0;137,0;0,0;0,0
HRAD;ALOJAMENTO CONJUNTO;2021,0;1,0;0,0;0,0;153,0;0,0;0,0
HRAD;ALOJAMENTO CONJUNTO;2021,0;2,0;0,0;0,0;152,0;0,0;0,0
HRAD;ALOJAMENTO CONJUNTO;2021,0;3,0;0,0;0,0;157,0;0,0;0,0
HRAD;ALOJAMENTO CONJUNTO;2021,0;4,0;0,0;0,0;153,0;0,0;0,0
HRAD;ALOJAMENTO CONJUNTO;2021,0;5,0;0,0;0,0;157,0;0,0;0,0
HRAD;ALOJAMENTO CONJUNTO;2021,0;6,0;0,0;0,0;147,0;0,0;0,0
HRAD;ALOJAMENTO CONJUNTO;2021,0;7,0;0,0;0,0;178,0;0,0;0,0
HRAD;ALOJAMENTO CONJUNTO;2021,0;8,0;0,0;0,0;170,0;0,0;0,0
HRAD;ALOJAMENTO CONJUNTO;2021,0;9,0;0,0;0,0;176,0;0,0;0,0
HRAD;ALOJAMENTO CONJUNTO;2021,0;10,0;0,0;0,0;167,0;0,0;0,0
HRAD;ALOJAMENTO CONJUNTO;2021,0;11,0;0,0;0,0;144,0;0,0;0,0
HRAD;ALOJAMENTO CONJUNTO;2021,0;12,0;0,0;0,0;144,0;0,0;0,0
HRAD;ALOJAMENTO CONJUNTO;2022,0;1,0;0,0;0,0;148,0;0,0;0,0
HRAD;ALOJAMENTO CONJUNTO;2022,0;2,0;0,0;0,0;133,0;0,0;0,0
HRAD;ALOJAMENTO CONJUNTO;2022,0;3,0;0,0;0,0;166,0;0,0;0,0
HRAD;ALOJAMENTO CONJUNTO;2022,0;4,0;0,0;0,0;146,0;0,0;0,0
HRAD;ALOJAMENTO CONJUNTO;2022,0;5,0;0,0;0,0;150,0;0,0;0,0
HRAD;ALOJAMENTO CONJUNTO;2022,0;6,0;0,0;0,0;135,0;0,0;0,0
HRAD;ALOJAMENTO CONJUNTO;2022,0;7,0;0,0;0,0;138,0;0,0;0,0
HRAD;ALOJAMENTO CONJUNTO;2022,0;8,0;0,0;0,0;153,0;0,0;0,0
HRAD;ALOJAMENTO CONJUNTO;2022,0;9,0;0,0;0,0;121,0;0,0;0,0
HRAD;ALOJAMENTO CONJUNTO;2022,0;10,0;0,0;0,0;126,0;0,0;0,0
HRAD;ALOJAMENTO CONJUNTO;2022,0;11,0;0,0;0,0;149,0;0,0;0,0
HRAD;ALOJAMENTO CONJUNTO;2022,0;12,0;0,0;0,0;140,0;0,0;0,0
HRAD;ALOJAMENTO CONJUNTO;2023,0;1,0;0,0;0,0;155,0;0,0;0,0
HRAD;ALOJAMENTO CONJUNTO;2023,0;2,0;0,0;0,0;140,0;0,0;0,0
HRAD;ALOJAMENTO CONJUNTO;2023,0;3,0;0,0;0,0;168,0;0,0;0,0
HRAD;ALOJAMENTO CONJUNTO;2023,0;4,0;0,0;0,0;175,0;0,0;0,0
HRAD;ALOJAMENTO CONJUNTO;2023,0;5,0;0,0;0,0;158,0;0,0;0,0
HRAD;ALOJAMENTO CONJUNTO;2023,0;6,0;0,0;0,0;169,0;0,0;0,0
HRAD;ALOJAMENTO CONJUNTO;2023,0;7,0;1,0;0,0;157,0;0,006369426751592357;0,0
HRAD;ALOJAMENTO CONJUNTO;2023,0;8,0;0,0;0,0;154,0;0,0;0,0
HRAD;ALOJAMENTO CONJUNTO;2023,0;9,0;0,0;0,0;174,0;0,0;0,0
HRAD;ALOJAMENTO CONJUNTO;2023,0;10,0;0,0;0,0;164,0;0,0;0,0
HRAD;ALOJAMENTO CONJUNTO;2023,0;11,0;0,0;0,0;127,0;0,0;0,0
HRAD;ALOJAMENTO CONJUNTO;2023,0;12,0;0,0;0,0;158,0;0,0;0,0
HRAD;ALOJAMENTO CONJUNTO;2024,0;1,0;0,0;0,0;157,0;0,0;0,0
HRAD;ALOJAMENTO CONJUNTO;2024,0;2,0;0,0;0,0;141,0;0,0;0,0
HRAD;ALOJAMENTO CONJUNTO;2024,0;3,0;0,0;0,0;158,0;0,0;0,0
HRAD;ALOJAMENTO CONJUNTO;2024,0;4,0;0,0;0,0;139,0;0,0;0,0
HRAD;ALOJAMENTO CONJUNTO;2024,0;5,0;0,0;0,0;159,0;0,0;0,0
HRAD;ALOJAMENTO CONJUNTO;2024,0;6,0;0,0;0,0;158,0;0,0;0,0
HRAD;ALOJAMENTO CONJUNTO;2024,0;7,0;0,0;0,0;134,0;0,0;0,0
HRAD;ALOJAMENTO CONJUNTO;2024,0;8,0;0,0;0,0;147,0;0,0;0,0
HRAD;ALOJAMENTO CONJUNTO;2024,0;9,0;0,0;0,0;157,0;0,0;0,0
HRAD;ALOJAMENTO CONJUNTO;2024,0;10,0;0,0;0,0;146,0;0,0;0,0
HRAD;ALOJAMENTO CONJUNTO;2024,0;11,0;0,0;0,0;161,0;0,0;0,0
HRAD;ALOJAMENTO CONJUNTO;2024,0;12,0;0,0;0,0;165,0;0,0;0,0
HRAD;ALOJAMENTO CONJUNTO;2025,0;1,0;0,0;0,0;159,0;0,0;0,0
HRAD;ALOJAMENTO CONJUNTO;2025,0;2,0;0,0;0,0;153,0;0,0;0,0
HRAD;ALOJAMENTO CONJUNTO;2025,0;3,0;0,0;0,0;179,0;0,0;0,0
HRAD;ALOJAMENTO CONJUNTO;2025,0;4,0;0,0;0,0;164,0;0,0;0,0
HRAD;ALOJAMENTO CONJUNTO;2025,0;5,0;0,0;0,0;154,0;0,0;0,0
HRAD;ALOJAMENTO CONJUNTO;2025,0;6,0;0,0;0,0;152,0;0,0;0,0
HRAD;ALOJAMENTO CONJUNTO;2025,0;7,0;0,0;0,0;161,0;0,0;0,0
HRAD;ALOJAMENTO CONJUNTO;2025,0;8,0;0,0;0,0;143,0;0,0;0,0
HRAD;ALOJAMENTO CONJUNTO;2025,0;9,0;0,0;0,0;179,0;0,0;0,0
HRAD;ALOJAMENTO CONJUNTO;2025,0;10,0;0,0;0,0;152,0;0,0;0,0
HRAD;ALOJAMENTO CONJUNTO;2025,0;11,0;0,0;0,0;154,0;0,0;0,0
HRAD;ALOJAMENTO CONJUNTO;2025,0;12,0;0,0;0,0;164,0;0,0;0,0
HRAD;ALOJAMENTO CONJUNTO;2026,0;1,0;0,0;0,0;159,0;0,0;0,0
HRAD;ALOJAMENTO CONJUNTO;2026,0;2,0;0,0;0,0;159,0;0,0;0,0
HRAD;ALOJAMENTO CONJUNTO;2026,0;3,0;0,0;0,0;169,0;0,0;0,0
HRAD;ALOJAMENTO CONJUNTO;2026,0;4,0;0,0;0,0;159,0;0,0;0,0
HRAD;ALOJAMENTO CONJUNTO;2026,0;5,0;0,0;0,0;192,0;0,0;0,0
HRAD;ALOJAMENTO CONJUNTO;2026,0;6,0;0,0;0,0;175,0;0,0;0,0
HRAD;ALOJAMENTO CONJUNTO;2026,0;7,0;0,0;0,0;179,0;0,0;0,0
HRAD;ALOJAMENTO CONJUNTO;2026,0;8,0;0,0;0,0;173,0;0,0;0,0
HRAD;AMBULATORIO - RETORNOS;2019,0;7,0;0,0;0,0;2,0;0,0;0,0
HRAD;AMBULATORIO - RETORNOS;2019,0;9,0;0,0;0,0;1,0;0,0;0,0
HRAD;AMBULATORIO - RETORNOS;2020,0;11,0;0,0;0,0;1,0;0,0;0,0
HRAD;AMBULATORIO - RETORNOS;2021,0;5,0;0,0;0,0;1,0;0,0;0,0
HRAD;AMBULATORIO - RETORNOS;2021,0;6,0;0,0;0,0;1,0;0,0;0,0
HRAD;AMBULATORIO - RETORNOS;2021,0;7,0;0,0;0,0;1,0;0,0;0,0
HRAD;AMBULATORIO - RETORNOS;2021,0;10,0;0,0;0,0;2,0;0,0;0,0
HRAD;AMBULATORIO - RETORNOS;2022,0;3,0;0,0;0,0;1,0;0,0;0,0
HRAD;AMBULATORIO - RETORNOS;2022,0;5,0;0,0;0,0;1,0;0,0;0,0
HRAD;AMBULATORIO - RETORNOS;2022,0;10,0;0,0;0,0;2,0;0,0;0,0
HRAD;AMBULATORIO - RETORNOS;2023,0;2,0;0,0;0,0;1,0;0,0;0,0
HRAD;AMBULATORIO - RETORNOS;2023,0;4,0;0,0;0,0;1,0;0,0;0,0
HRAD;AMBULATORIO - RETORNOS;2023,0;9,0;0,0;0,0;1,0;0,0;0,0
HRAD;AMBULATORIO - RETORNOS;2024,0;5,0;0,0;0,0;2,0;0,0;0,0
HRAD;AMBULATORIO - RETORNOS;2024,0;6,0;0,0;0,0;1,0;0,0;0,0
HRAD;AMBULATORIO - RETORNOS;2024,0;9,0;0,0;0,0;1,0;0,0;0,0
HRAD;AMBULATORIO - RETORNOS;2025,0;1,0;0,0;0,0;1,0;0,0;0,0
HRAD;AMBULATORIO - RETORNOS;2025,0;2,0;0,0;0,0;1,0;0,0;0,0
HRAD;AMBULATORIO - RETORNOS;2025,0;3,0;0,0;0,0;1,0;0,0;0,0
HRAD;BLOCO OBSTÉTRICO;2019,0;1,0;0,0;0,0;3,0;0,0;0,0
HRAD;BLOCO OBSTÉTRICO;2019,0;2,0;0,0;0,0;1,0;0,0;0,0
HRAD;BLOCO OBSTÉTRICO;2019,0;3,0;0,0;0,0;7,0;0,0;0,0
HRAD;BLOCO OBSTÉTRICO;2019,0;4,0;0,0;0,0;3,0;0,0;0,0
HRAD;BLOCO OBSTÉTRICO;2019,0;6,0;0,0;0,0;4,0;0,0;0,0
HRAD;BLOCO OBSTÉTRICO;2019,0;7,0;0,0;0,0;1,0;0,0;0,0
HRAD;BLOCO OBSTÉTRICO;2019,0;8,0;0,0;0,0;2,0;0,0;0,0
HRAD;BLOCO OBSTÉTRICO;2019,0;11,0;0,0;0,0;2,0;0,0;0,0
HRAD;BLOCO OBSTÉTRICO;2020,0;2,0;0,0;0,0;1,0;0,0;0,0
HRAD;BLOCO OBSTÉTRICO;2020,0;3,0;0,0;0,0;1,0;0,0;0,0
HRAD;BLOCO OBSTÉTRICO;2020,0;5,0;0,0;0,0;2,0;0,0;0,0
HRAD;BLOCO OBSTÉTRICO;2020,0;7,0;0,0;0,0;1,0;0,0;0,0
HRAD;BLOCO OBSTÉTRICO;2020,0;9,0;0,0;0,0;5,0;0,0;0,0
HRAD;BLOCO OBSTÉTRICO;2020,0;10,0;0,0;0,0;4,0;0,0;0,0
HRAD;BLOCO OBSTÉTRICO;2020,0;11,0;0,0;0,0;2,0;0,0;0,0
HRAD;BLOCO OBSTÉTRICO;2020,0;12,0;0,0;0,0;1,0;0,0;0,0
HRAD;BLOCO OBSTÉTRICO;2021,0;1,0;0,0;0,0;2,0;0,0;0,0
HRAD;BLOCO OBSTÉTRICO;2021,0;2,0;0,0;0,0;2,0;0,0;0,0
HRAD;BLOCO OBSTÉTRICO;2021,0;3,0;0,0;0,0;3,0;0,0;0,0
HRAD;BLOCO OBSTÉTRICO;2021,0;4,0;0,0;0,0;1,0;0,0;0,0
HRAD;BLOCO OBSTÉTRICO;2021,0;7,0;0,0;0,0;4,0;0,0;0,0
HRAD;BLOCO OBSTÉTRICO;2021,0;9,0;0,0;0,0;1,0;0,0;0,0
HRAD;BLOCO OBSTÉTRICO;2021,0;10,0;0,0;0,0;1,0;0,0;0,0
HRAD;BLOCO OBSTÉTRICO;2021,0;11,0;0,0;0,0;2,0;0,0;0,0
HRAD;BLOCO OBSTÉTRICO;2021,0;12,0;0,0;0,0;2,0;0,0;0,0
HRAD;BLOCO OBSTÉTRICO;2022,0;1,0;0,0;0,0;3,0;0,0;0,0
HRAD;BLOCO OBSTÉTRICO;2022,0;2,0;0,0;0,0;2,0;0,0;0,0
HRAD;BLOCO OBSTÉTRICO;2022,0;3,0;0,0;0,0;4,0;0,0;0,0
HRAD;BLOCO OBSTÉTRICO;2022,0;4,0;0,0;0,0;5,0;0,0;0,0
HRAD;BLOCO OBSTÉTRICO;2022,0;6,0;0,0;0,0;3,0;0,0;0,0
HRAD;BLOCO OBSTÉTRICO;2022,0;7,0;0,0;0,0;3,0;0,0;0,0
HRAD;BLOCO OBSTÉTRICO;2022,0;8,0;0,0;0,0;4,0;0,0;0,0
HRAD;BLOCO OBSTÉTRICO;2022,0;9,0;0,0;0,0;1,0;0,0;0,0
HRAD;BLOCO OBSTÉTRICO;2022,0;12,0;0,0;0,0;5,0;0,0;0,0
HRAD;BLOCO OBSTÉTRICO;2023,0;1,0;0,0;0,0;6,0;0,0;0,0
HRAD;BLOCO OBSTÉTRICO;2023,0;2,0;0,0;0,0;1,0;0,0;0,0
HRAD;BLOCO OBSTÉTRICO;2023,0;3,0;0,0;0,0;3,0;0,0;0,0
HRAD;BLOCO OBSTÉTRICO;2023,0;4,0;0,0;0,0;3,0;0,0;0,0
HRAD;BLOCO OBSTÉTRICO;2023,0;5,0;2,0;1,0;7,0;0,2857142857142857;0,14285714285714285
HRAD;BLOCO OBSTÉTRICO;2023,0;6,0;0,0;0,0;3,0;0,0;0,0
HRAD;BLOCO OBSTÉTRICO;2023,0;7,0;0,0;0,0;4,0;0,0;0,0
HRAD;BLOCO OBSTÉTRICO;2023,0;8,0;0,0;0,0;3,0;0,0;0,0
HRAD;BLOCO OBSTÉTRICO;2023,0;9,0;0,0;0,0;3,0;0,0;0,0
HRAD;BLOCO OBSTÉTRICO;2023,0;10,0;1,0;1,0;5,0;0,2;0,2
HRAD;BLOCO OBSTÉTRICO;2023,0;11,0;0,0;0,0;1,0;0,0;0,0
HRAD;BLOCO OBSTÉTRICO;2023,0;12,0;0,0;0,0;4,0;0,0;0,0
HRAD;BLOCO OBSTÉTRICO;2024,0;1,0;0,0;0,0;2,0;0,0;0,0
HRAD;BLOCO OBSTÉTRICO;2024,0;2,0;0,0;0,0;1,0;0,0;0,0
HRAD;BLOCO OBSTÉTRICO;2024,0;3,0;0,0;0,0;3,0;0,0;0,0
HRAD;BLOCO OBSTÉTRICO;2024,0;4,0;0,0;0,0;4,0;0,0;0,0
HRAD;BLOCO OBSTÉTRICO;2024,0;5,0;1,0;1,0;5,0;0,2;0,2
HRAD;BLOCO OBSTÉTRICO;2024,0;6,0;0,0;0,0;2,0;0,0;0,0
HRAD;BLOCO OBSTÉTRICO;2024,0;8,0;0,0;0,0;1,0;0,0;0,0
HRAD;BLOCO OBSTÉTRICO;2024,0;11,0;0,0;0,0;1,0;0,0;0,0
HRAD;BLOCO OBSTÉTRICO;2024,0;12,0;0,0;0,0;1,0;0,0;0,0
HRAD;BLOCO OBSTÉTRICO;2025,0;1,0;0,0;0,0;1,0;0,0;0,0
HRAD;BLOCO OBSTÉTRICO;2025,0;2,0;0,0;0,0;2,0;0,0;0,0
HRAD;BLOCO OBSTÉTRICO;2025,0;3,0;0,0;0,0;2,0;0,0;0,0
HRAD;BLOCO OBSTÉTRICO;2025,0;5,0;0,0;0,0;1,0;0,0;0,0
HRAD;BLOCO OBSTÉTRICO;2025,0;6,0;0,0;0,0;3,0;0,0;0,0
HRAD;BLOCO OBSTÉTRICO;2025,0;7,0;0,0;0,0;3,0;0,0;0,0
HRAD;BLOCO OBSTÉTRICO;2025,0;8,0;0,0;0,0;1,0;0,0;0,0
HRAD;BLOCO OBSTÉTRICO;2025,0;11,0;0,0;0,0;1,0;0,0;0,0
HRAD;BLOCO OBSTÉTRICO;2026,0;3,0;0,0;0,0;1,0;0,0;0,0
HRAD;BLOCO OBSTÉTRICO;2026,0;4,0;1,0;0,0;3,0;0,3333333333333333;0,0
HRAD;BLOCO OBSTÉTRICO;2026,0;5,0;0,0;0,0;1,0;0,0;0,0
HRAD;CLINICA CIRÚRGICA;2026,0;6,0;0,0;0,0;67,0;0,0;0,0
HRAD;CLINICA CIRÚRGICA;2026,0;7,0;1,0;1,0;111,0;0,009009009009009009;0,009009009009009009
HRAD;CLINICA CIRÚRGICA;2026,0;8,0;2,0;2,0;105,0;0,01904761904761905;0,01904761904761905
HRAD;CLINICA MÉDICA;2026,0;6,0;4,0;4,0;59,0;0,06779661016949153;0,06779661016949153
HRAD;CLINICA MÉDICA;2026,0;7,0;7,0;7,0;92,0;0,07608695652173914;0,07608695652173914
HRAD;CLINICA MÉDICA;2026,0;8,0;7,0;7,0;81,0;0,08641975308641975;0,08641975308641975
HRAD;CLINICA ORTOPÉDICA;2026,0;6,0;1,0;1,0;43,0;0,023255813953488372;0,023255813953488372
HRAD;CLINICA ORTOPÉDICA;2026,0;7,0;0,0;0,0;85,0;0,0;0,0
HRAD;CLINICA ORTOPÉDICA;2026,0;8,0;0,0;0,0;53,0;0,0;0,0
HRAD;CLINICA PEDIÁTRICA;2026,0;6,0;0,0;0,0;21,0;0,0;0,0
HRAD;CLINICA PEDIÁTRICA;2026,0;7,0;0,0;0,0;47,0;0,0;0,0
HRAD;CLINICA PEDIÁTRICA;2026,0;8,0;0,0;0,0;54,0;0,0;0,0
HRAD;OBSERVAÇÃO;2019,0;1,0;9,0;6,0;121,0;0,0743801652892562;0,049586776859504134
HRAD;OBSERVAÇÃO;2019,0;2,0;6,0;3,0;109,0;0,05504587155963303;0,027522935779816515
HRAD;OBSERVAÇÃO;2019,0;3,0;8,0;5,0;99,0;0,08080808080808081;0,050505050505050504
HRAD;OBSERVAÇÃO;2019,0;4,0;11,0;7,0;122,0;0,09016393442622951;0,05737704918032787
HRAD;OBSERVAÇÃO;2019,0;5,0;10,0;5,0;123,0;0,08130081300813008;0,04065040650406504
HRAD;OBSERVAÇÃO;2019,0;6,0;14,0;11,0;93,0;0,15053763440860216;0,11827956989247312
HRAD;OBSERVAÇÃO;2019,0;7,0;13,0;9,0;102,0;0,12745098039215685;0,08823529411764706
HRAD;OBSERVAÇÃO;2019,0;8,0;15,0;12,0;101,0;0,1485148514851485;0,1188118811881188
HRAD;OBSERVAÇÃO;2019,0;9,0;7,0;7,0;62,0;0,11290322580645161;0,11290322580645161
HRAD;OBSERVAÇÃO;2019,0;10,0;11,0;7,0;102,0;0,10784313725490197;0,06862745098039216
HRAD;OBSERVAÇÃO;2019,0;11,0;9,0;6,0;86,0;0,10465116279069768;0,06976744186046512
HRAD;OBSERVAÇÃO;2019,0;12,0;9,0;6,0;99,0;0,09090909090909091;0,06060606060606061
HRAD;OBSERVAÇÃO;2020,0;1,0;7,0;5,0;115,0;0,06086956521739131;0,043478260869565216
HRAD;OBSERVAÇÃO;2020,0;2,0;11,0;8,0;127,0;0,08661417322834646;0,06299212598425197
HRAD;OBSERVAÇÃO;2020,0;3,0;5,0;2,0;90,0;0,05555555555555555;0,022222222222222223
HRAD;OBSERVAÇÃO;2020,0;4,0;6,0;4,0;99,0;0,06060606060606061;0,04040404040404041
HRAD;OBSERVAÇÃO;2020,0;5,0;3,0;2,0;115,0;0,02608695652173913;0,017391304347826087
HRAD;OBSERVAÇÃO;2020,0;6,0;10,0;6,0;96,0;0,10416666666666667;0,0625
HRAD;OBSERVAÇÃO;2020,0;7,0;6,0;3,0;97,0;0,061855670103092786;0,030927835051546393
HRAD;OBSERVAÇÃO;2020,0;8,0;10,0;6,0;114,0;0,08771929824561403;0,05263157894736842
HRAD;OBSERVAÇÃO;2020,0;9,0;7,0;5,0;111,0;0,06306306306306306;0,04504504504504504
HRAD;OBSERVAÇÃO;2020,0;10,0;3,0;2,0;116,0;0,02586206896551724;0,017241379310344827
HRAD;OBSERVAÇÃO;2020,0;11,0;6,0;5,0;125,0;0,048;0,04
HRAD;OBSERVAÇÃO;2020,0;12,0;13,0;6,0;125,0;0,104;0,048
HRAD;OBSERVAÇÃO;2021,0;1,0;10,0;5,0;118,0;0,0847457627118644;0,0423728813559322
HRAD;OBSERVAÇÃO;2021,0;2,0;9,0;5,0;100,0;0,09;0,05
HRAD;OBSERVAÇÃO;2021,0;3,0;9,0;5,0;94,0;0,09574468085106383;0,05319148936170213
HRAD;OBSERVAÇÃO;2021,0;4,0;8,0;5,0;122,0;0,06557377049180328;0,040983606557377046
HRAD;OBSERVAÇÃO;2021,0;5,0;10,0;7,0;118,0;0,0847457627118644;0,059322033898305086
HRAD;OBSERVAÇÃO;2021,0;6,0;14,0;11,0;121,0;0,11570247933884298;0,09090909090909091
HRAD;OBSERVAÇÃO;2021,0;7,0;12,0;7,0;133,0;0,09022556390977443;0,05263157894736842
HRAD;OBSERVAÇÃO;2021,0;8,0;8,0;4,0;122,0;0,06557377049180328;0,03278688524590164
HRAD;OBSERVAÇÃO;2021,0;9,0;9,0;5,0;118,0;0,07627118644067797;0,0423728813559322
HRAD;OBSERVAÇÃO;2021,0;10,0;4,0;3,0;125,0;0,032;0,024
HRAD;OBSERVAÇÃO;2021,0;11,0;11,0;4,0;136,0;0,08088235294117647;0,029411764705882353
HRAD;OBSERVAÇÃO;2021,0;12,0;10,0;5,0;117,0;0,08547008547008547;0,042735042735042736
HRAD;OBSERVAÇÃO;2022,0;1,0;11,0;10,0;76,0;0,14473684210526316;0,13157894736842105
HRAD;OBSERVAÇÃO;2022,0;2,0;7,0;3,0;120,0;0,058333333333333334;0,025
HRAD;OBSERVAÇÃO;2022,0;3,0;9,0;4,0;148,0;0,060810810810810814;0,02702702702702703
HRAD;OBSERVAÇÃO;2022,0;4,0;4,0;2,0;121,0;0,03305785123966942;0,01652892561983471
HRAD;OBSERVAÇÃO;2022,0;5,0;7,0;5,0;137,0;0,051094890510948905;0,0364963503649635
HRAD;OBSERVAÇÃO;2022,0;6,0;6,0;5,0;130,0;0,046153846153846156;0,038461538461538464
HRAD;OBSERVAÇÃO;2022,0;7,0;6,0;2,0;122,0;0,04918032786885246;0,01639344262295082
HRAD;OBSERVAÇÃO;2022,0;8,0;4,0;2,0;143,0;0,027972027972027972;0,013986013986013986
HRAD;OBSERVAÇÃO;2022,0;9,0;9,0;7,0;121,0;0,0743801652892562;0,05785123966942149
HRAD;OBSERVAÇÃO;2022,0;10,0;0,0;0,0;3,0;0,0;0,0
HRAD;PRÉ PARTO;2026,0;7,0;0,0;0,0;1,0;0,0;0,0
HRAD;UCIN - UNIDADE DE  CUIDADOS INTERMEDIÁRIOS;2026,0;7,0;0,0;0,0;1,0;0,0;0,0
HRAD;UNIDADE DE CURTA PERMANENCIA;2026,0;6,0;0,0;0,0;42,0;0,0;0,0
HRAD;UNIDADE DE CURTA PERMANENCIA;2026,0;7,0;1,0;1,0;81,0;0,012345679012345678;0,012345679012345678
HRAD;UNIDADE DE CURTA PERMANENCIA;2026,0;8,0;2,0;2,0;92,0;0,021739130434782608;0,021739130434782608
HRAD;UNIDADE DE DECISAO CLINICA;2022,0;9,0;1,0;1,0;4,0;0,25;0,25
HRAD;UNIDADE DE DECISAO CLINICA;2022,0;10,0;3,0;2,0;106,0;0,02830188679245283;0,018867924528301886
HRAD;UNIDADE DE DECISAO CLINICA;2022,0;11,0;10,0;6,0;123,0;0,08130081300813008;0,04878048780487805
HRAD;UNIDADE DE DECISAO CLINICA;2022,0;12,0;11,0;4,0;114,0;0,09649122807017543;0,03508771929824561
HRAD;UNIDADE DE DECISAO CLINICA;2023,0;1,0;9,0;7,0;138,0;0,06521739130434782;0,050724637681159424
HRAD;UNIDADE DE DECISAO CLINICA;2023,0;2,0;2,0;1,0;121,0;0,01652892561983471;0,008264462809917356
HRAD;UNIDADE DE DECISAO CLINICA;2023,0;3,0;5,0;2,0;145,0;0,034482758620689655;0,013793103448275862
HRAD;UNIDADE DE DECISAO CLINICA;2023,0;4,0;5,0;2,0;162,0;0,030864197530864196;0,012345679012345678
HRAD;UNIDADE DE DECISAO CLINICA;2023,0;5,0;9,0;6,0;139,0;0,06474820143884892;0,04316546762589928
HRAD;UNIDADE DE DECISAO CLINICA;2023,0;6,0;13,0;7,0;150,0;0,08666666666666667;0,04666666666666667
HRAD;UNIDADE DE DECISAO CLINICA;2023,0;7,0;8,0;1,0;127,0;0,06299212598425197;0,007874015748031496
HRAD;UNIDADE DE DECISAO CLINICA;2023,0;8,0;16,0;10,0;154,0;0,1038961038961039;0,06493506493506493
HRAD;UNIDADE DE DECISAO CLINICA;2023,0;9,0;10,0;8,0;135,0;0,07407407407407407;0,05925925925925926
HRAD;UNIDADE DE DECISAO CLINICA;2023,0;10,0;7,0;4,0;145,0;0,04827586206896552;0,027586206896551724
HRAD;UNIDADE DE DECISAO CLINICA;2023,0;11,0;16,0;12,0;133,0;0,12030075187969924;0,09022556390977443
HRAD;UNIDADE DE DECISAO CLINICA;2023,0;12,0;21,0;13,0;139,0;0,1510791366906475;0,09352517985611511
HRAD;UNIDADE DE DECISAO CLINICA;2024,0;1,0;4,0;1,0;144,0;0,027777777777777776;0,006944444444444444
HRAD;UNIDADE DE DECISAO CLINICA;2024,0;2,0;11,0;6,0;111,0;0,0990990990990991;0,05405405405405406
HRAD;UNIDADE DE DECISAO CLINICA;2024,0;3,0;15,0;12,0;139,0;0,1079136690647482;0,08633093525179857
HRAD;UNIDADE DE DECISAO CLINICA;2024,0;4,0;10,0;5,0;131,0;0,07633587786259542;0,03816793893129771
HRAD;UNIDADE DE DECISAO CLINICA;2024,0;5,0;10,0;8,0;149,0;0,06711409395973154;0,053691275167785234
HRAD;UNIDADE DE DECISAO CLINICA;2024,0;6,0;13,0;11,0;158,0;0,08227848101265822;0,06962025316455696
HRAD;UNIDADE DE DECISAO CLINICA;2024,0;7,0;12,0;2,0;118,0;0,1016949152542373;0,01694915254237288
HRAD;UNIDADE DE DECISAO CLINICA;2024,0;8,0;13,0;3,0;105,0;0,12380952380952381;0,02857142857142857
HRAD;UNIDADE DE DECISAO CLINICA;2024,0;9,0;11,0;6,0;116,0;0,09482758620689655;0,05172413793103448
HRAD;UNIDADE DE DECISAO CLINICA;2024,0;10,0;9,0;3,0;122,0;0,07377049180327869;0,02459016393442623
HRAD;UNIDADE DE DECISAO CLINICA;2024,0;11,0;12,0;4,0;121,0;0,09917355371900827;0,03305785123966942
HRAD;UNIDADE DE DECISAO CLINICA;2024,0;12,0;12,0;5,0;129,0;0,09302325581395349;0,03875968992248062
HRAD;UNIDADE DE DECISAO CLINICA;2025,0;1,0;10,0;6,0;128,0;0,078125;0,046875
HRAD;UNIDADE DE DECISAO CLINICA;2025,0;2,0;10,0;7,0;108,0;0,09259259259259259;0,06481481481481481
HRAD;UNIDADE DE DECISAO CLINICA;2025,0;3,0;11,0;7,0;112,0;0,09821428571428571;0,0625
HRAD;UNIDADE DE DECISAO CLINICA;2025,0;4,0;13,0;8,0;98,0;0,1326530612244898;0,08163265306122448
HRAD;UNIDADE DE DECISAO CLINICA;2025,0;5,0;10,0;7,0;111,0;0,09009009009009009;0,06306306306306306
HRAD;UNIDADE DE DECISAO CLINICA;2025,0;6,0;9,0;6,0;142,0;0,06338028169014084;0,04225352112676056
HRAD;UNIDADE DE DECISAO CLINICA;2025,0;7,0;13,0;8,0;123,0;0,10569105691056911;0,06504065040650407
HRAD;UNIDADE DE DECISAO CLINICA;2025,0;8,0;10,0;9,0;127,0;0,07874015748031496;0,07086614173228346
HRAD;UNIDADE DE DECISAO CLINICA;2025,0;9,0;12,0;6,0;119,0;0,10084033613445378;0,05042016806722689
HRAD;UNIDADE DE DECISAO CLINICA;2025,0;10,0;12,0;10,0;134,0;0,08955223880597014;0,07462686567164178
HRAD;UNIDADE DE DECISAO CLINICA;2025,0;11,0;7,0;2,0;114,0;0,06140350877192982;0,017543859649122806
HRAD;UNIDADE DE DECISAO CLINICA;2025,0;12,0;11,0;3,0;93,0;0,11827956989247312;0,03225806451612903
HRAD;UNIDADE DE DECISAO CLINICA;2026,0;1,0;7,0;6,0;125,0;0,056;0,048
HRAD;UNIDADE DE DECISAO CLINICA;2026,0;2,0;9,0;6,0;81,0;0,1111111111111111;0,07407407407407407
HRAD;UNIDADE DE DECISAO CLINICA;2026,0;3,0;4,0;2,0;116,0;0,034482758620689655;0,017241379310344827
HRAD;UNIDADE DE DECISAO CLINICA;2026,0;4,0;6,0;4,0;110,0;0,05454545454545454;0,03636363636363636
HRAD;UNIDADE DE DECISAO CLINICA;2026,0;5,0;4,0;2,0;157,0;0,025477707006369428;0,012738853503184714
HRAD;UNIDADE DE DECISAO CLINICA;2026,0;6,0;3,0;2,0;50,0;0,06;0,04
HRAD;UNIDADE DECISÃO CLÍNICA - INTERNAÇÃO;2026,0;6,0;4,0;3,0;21,0;0,19047619047619047;0,14285714285714285
HRAD;UNIDADE DECISÃO CLÍNICA - INTERNAÇÃO;2026,0;7,0;6,0;4,0;27,0;0,2222222222222222;0,14814814814814814
HRAD;UNIDADE DECISÃO CLÍNICA - INTERNAÇÃO;2026,0;8,0;13,0;8,0;51,0;0,2549019607843137;0,1568627450980392
HRAD;UNIDADE INTERNAÇÃO - CIRURGIA GERAL;2019,0;1,0;1,0;1,0;120,0;0,008333333333333333;0,008333333333333333
HRAD;UNIDADE INTERNAÇÃO - CIRURGIA GERAL;2019,0;2,0;3,0;2,0;123,0;0,024390243902439025;0,016260162601626018
HRAD;UNIDADE INTERNAÇÃO - CIRURGIA GERAL;2019,0;3,0;1,0;1,0;129,0;0,007751937984496124;0,007751937984496124
HRAD;UNIDADE INTERNAÇÃO - CIRURGIA GERAL;2019,0;4,0;1,0;1,0;122,0;0,00819672131147541;0,00819672131147541
HRAD;UNIDADE INTERNAÇÃO - CIRURGIA GERAL;2019,0;5,0;2,0;2,0;120,0;0,016666666666666666;0,016666666666666666
HRAD;UNIDADE INTERNAÇÃO - CIRURGIA GERAL;2019,0;6,0;3,0;3,0;116,0;0,02586206896551724;0,02586206896551724
HRAD;UNIDADE INTERNAÇÃO - CIRURGIA GERAL;2019,0;7,0;1,0;1,0;130,0;0,007692307692307693;0,007692307692307693
HRAD;UNIDADE INTERNAÇÃO - CIRURGIA GERAL;2019,0;8,0;1,0;1,0;119,0;0,008403361344537815;0,008403361344537815
HRAD;UNIDADE INTERNAÇÃO - CIRURGIA GERAL;2019,0;9,0;2,0;2,0;114,0;0,017543859649122806;0,017543859649122806
HRAD;UNIDADE INTERNAÇÃO - CIRURGIA GERAL;2019,0;10,0;1,0;1,0;86,0;0,011627906976744186;0,011627906976744186
HRAD;UNIDADE INTERNAÇÃO - CIRURGIA GERAL;2019,0;11,0;1,0;1,0;97,0;0,010309278350515464;0,010309278350515464
HRAD;UNIDADE INTERNAÇÃO - CIRURGIA GERAL;2019,0;12,0;0,0;0,0;73,0;0,0;0,0
HRAD;UNIDADE INTERNAÇÃO - CIRURGIA GERAL;2020,0;1,0;0,0;0,0;50,0;0,0;0,0
HRAD;UNIDADE INTERNAÇÃO - CIRURGIA GERAL;2020,0;2,0;0,0;0,0;56,0;0,0;0,0
HRAD;UNIDADE INTERNAÇÃO - CIRURGIA GERAL;2020,0;3,0;0,0;0,0;92,0;0,0;0,0
HRAD;UNIDADE INTERNAÇÃO - CIRURGIA GERAL;2020,0;4,0;10,0;9,0;80,0;0,125;0,1125
HRAD;UNIDADE INTERNAÇÃO - CIRURGIA GERAL;2020,0;5,0;3,0;3,0;47,0;0,06382978723404255;0,06382978723404255
HRAD;UNIDADE INTERNAÇÃO - CIRURGIA GERAL;2020,0;6,0;3,0;3,0;38,0;0,07894736842105263;0,07894736842105263
HRAD;UNIDADE INTERNAÇÃO - CIRURGIA GERAL;2020,0;7,0;0,0;0,0;25,0;0,0;0,0
HRAD;UNIDADE INTERNAÇÃO - CIRURGIA GERAL;2020,0;8,0;1,0;1,0;35,0;0,02857142857142857;0,02857142857142857
HRAD;UNIDADE INTERNAÇÃO - CIRURGIA GERAL;2020,0;9,0;0,0;0,0;25,0;0,0;0,0
HRAD;UNIDADE INTERNAÇÃO - CIRURGIA GERAL;2020,0;10,0;2,0;2,0;32,0;0,0625;0,0625
HRAD;UNIDADE INTERNAÇÃO - CIRURGIA GERAL;2020,0;11,0;0,0;0,0;25,0;0,0;0,0
HRAD;UNIDADE INTERNAÇÃO - CIRURGIA GERAL;2020,0;12,0;0,0;0,0;28,0;0,0;0,0
HRAD;UNIDADE INTERNAÇÃO - CIRURGIA GERAL;2021,0;1,0;0,0;0,0;24,0;0,0;0,0
HRAD;UNIDADE INTERNAÇÃO - CIRURGIA GERAL;2021,0;2,0;1,0;1,0;28,0;0,03571428571428571;0,03571428571428571
HRAD;UNIDADE INTERNAÇÃO - CIRURGIA GERAL;2021,0;3,0;1,0;1,0;40,0;0,025;0,025
HRAD;UNIDADE INTERNAÇÃO - CIRURGIA GERAL;2021,0;4,0;1,0;1,0;24,0;0,041666666666666664;0,041666666666666664
HRAD;UNIDADE INTERNAÇÃO - CIRURGIA GERAL;2021,0;5,0;2,0;2,0;20,0;0,1;0,1
HRAD;UNIDADE INTERNAÇÃO - CIRURGIA GERAL;2021,0;6,0;0,0;0,0;32,0;0,0;0,0
HRAD;UNIDADE INTERNAÇÃO - CIRURGIA GERAL;2021,0;7,0;0,0;0,0;32,0;0,0;0,0
HRAD;UNIDADE INTERNAÇÃO - CIRURGIA GERAL;2021,0;8,0;2,0;2,0;35,0;0,05714285714285714;0,05714285714285714
HRAD;UNIDADE INTERNAÇÃO - CIRURGIA GERAL;2021,0;9,0;0,0;0,0;37,0;0,0;0,0
HRAD;UNIDADE INTERNAÇÃO - CIRURGIA GERAL;2021,0;10,0;1,0;1,0;19,0;0,05263157894736842;0,05263157894736842
HRAD;UNIDADE INTERNAÇÃO - CIRURGIA GERAL;2021,0;11,0;1,0;1,0;68,0;0,014705882352941176;0,014705882352941176
HRAD;UNIDADE INTERNAÇÃO - CIRURGIA GERAL;2021,0;12,0;2,0;2,0;86,0;0,023255813953488372;0,023255813953488372
HRAD;UNIDADE INTERNAÇÃO - CIRURGIA GERAL;2022,0;1,0;1,0;1,0;89,0;0,011235955056179775;0,011235955056179775
HRAD;UNIDADE INTERNAÇÃO - CIRURGIA GERAL;2022,0;2,0;1,0;1,0;94,0;0,010638297872340425;0,010638297872340425
HRAD;UNIDADE INTERNAÇÃO - CIRURGIA GERAL;2022,0;3,0;3,0;3,0;69,0;0,043478260869565216;0,043478260869565216
HRAD;UNIDADE INTERNAÇÃO - CIRURGIA GERAL;2022,0;4,0;0,0;0,0;95,0;0,0;0,0
HRAD;UNIDADE INTERNAÇÃO - CIRURGIA GERAL;2022,0;5,0;3,0;3,0;85,0;0,03529411764705882;0,03529411764705882
HRAD;UNIDADE INTERNAÇÃO - CIRURGIA GERAL;2022,0;6,0;0,0;0,0;86,0;0,0;0,0
HRAD;UNIDADE INTERNAÇÃO - CIRURGIA GERAL;2022,0;7,0;1,0;0,0;63,0;0,015873015873015872;0,0
HRAD;UNIDADE INTERNAÇÃO - CIRURGIA GERAL;2022,0;8,0;2,0;2,0;79,0;0,02531645569620253;0,02531645569620253
HRAD;UNIDADE INTERNAÇÃO - CIRURGIA GERAL;2022,0;9,0;0,0;0,0;61,0;0,0;0,0
HRAD;UNIDADE INTERNAÇÃO - CIRURGIA GERAL;2022,0;10,0;0,0;0,0;1,0;0,0;0,0
HRAD;UNIDADE INTERNAÇÃO - CLINICA CIRURGICA;2022,0;9,0;0,0;0,0;9,0;0,0;0,0
HRAD;UNIDADE INTERNAÇÃO - CLINICA CIRURGICA;2022,0;10,0;1,0;1,0;76,0;0,013157894736842105;0,013157894736842105
HRAD;UNIDADE INTERNAÇÃO - CLINICA CIRURGICA;2022,0;11,0;1,0;1,0;81,0;0,012345679012345678;0,012345679012345678
HRAD;UNIDADE INTERNAÇÃO - CLINICA CIRURGICA;2022,0;12,0;2,0;2,0;84,0;0,023809523809523808;0,023809523809523808
HRAD;UNIDADE INTERNAÇÃO - CLINICA CIRURGICA;2023,0;1,0;2,0;2,0;78,0;0,02564102564102564;0,02564102564102564
HRAD;UNIDADE INTERNAÇÃO - CLINICA CIRURGICA;2023,0;2,0;1,0;1,0;87,0;0,011494252873563218;0,011494252873563218
HRAD;UNIDADE INTERNAÇÃO - CLINICA CIRURGICA;2023,0;3,0;0,0;0,0;98,0;0,0;0,0
HRAD;UNIDADE INTERNAÇÃO - CLINICA CIRURGICA;2023,0;4,0;0,0;0,0;99,0;0,0;0,0
HRAD;UNIDADE INTERNAÇÃO - CLINICA CIRURGICA;2023,0;5,0;2,0;2,0;112,0;0,017857142857142856;0,017857142857142856
HRAD;UNIDADE INTERNAÇÃO - CLINICA CIRURGICA;2023,0;6,0;0,0;0,0;103,0;0,0;0,0
HRAD;UNIDADE INTERNAÇÃO - CLINICA CIRURGICA;2023,0;7,0;2,0;2,0;98,0;0,02040816326530612;0,02040816326530612
HRAD;UNIDADE INTERNAÇÃO - CLINICA CIRURGICA;2023,0;8,0;2,0;2,0;86,0;0,023255813953488372;0,023255813953488372
HRAD;UNIDADE INTERNAÇÃO - CLINICA CIRURGICA;2023,0;9,0;2,0;2,0;114,0;0,017543859649122806;0,017543859649122806
HRAD;UNIDADE INTERNAÇÃO - CLINICA CIRURGICA;2023,0;10,0;0,0;0,0;90,0;0,0;0,0
HRAD;UNIDADE INTERNAÇÃO - CLINICA CIRURGICA;2023,0;11,0;2,0;2,0;103,0;0,019417475728155338;0,019417475728155338
HRAD;UNIDADE INTERNAÇÃO - CLINICA CIRURGICA;2023,0;12,0;1,0;0,0;118,0;0,00847457627118644;0,0
HRAD;UNIDADE INTERNAÇÃO - CLINICA CIRURGICA;2024,0;1,0;0,0;0,0;101,0;0,0;0,0
HRAD;UNIDADE INTERNAÇÃO - CLINICA CIRURGICA;2024,0;2,0;4,0;4,0;103,0;0,038834951456310676;0,038834951456310676
HRAD;UNIDADE INTERNAÇÃO - CLINICA CIRURGICA;2024,0;3,0;0,0;0,0;98,0;0,0;0,0
HRAD;UNIDADE INTERNAÇÃO - CLINICA CIRURGICA;2024,0;4,0;4,0;4,0;105,0;0,0380952380952381;0,0380952380952381
HRAD;UNIDADE INTERNAÇÃO - CLINICA CIRURGICA;2024,0;5,0;1,0;1,0;89,0;0,011235955056179775;0,011235955056179775
HRAD;UNIDADE INTERNAÇÃO - CLINICA CIRURGICA;2024,0;6,0;4,0;3,0;76,0;0,05263157894736842;0,039473684210526314
HRAD;UNIDADE INTERNAÇÃO - CLINICA CIRURGICA;2024,0;7,0;1,0;1,0;98,0;0,01020408163265306;0,01020408163265306
HRAD;UNIDADE INTERNAÇÃO - CLINICA CIRURGICA;2024,0;8,0;1,0;1,0;118,0;0,00847457627118644;0,00847457627118644
HRAD;UNIDADE INTERNAÇÃO - CLINICA CIRURGICA;2024,0;9,0;2,0;2,0;108,0;0,018518518518518517;0,018518518518518517
HRAD;UNIDADE INTERNAÇÃO - CLINICA CIRURGICA;2024,0;10,0;1,0;1,0;118,0;0,00847457627118644;0,00847457627118644
HRAD;UNIDADE INTERNAÇÃO - CLINICA CIRURGICA;2024,0;11,0;1,0;1,0;96,0;0,010416666666666666;0,010416666666666666
HRAD;UNIDADE INTERNAÇÃO - CLINICA CIRURGICA;2024,0;12,0;4,0;4,0;105,0;0,0380952380952381;0,0380952380952381
HRAD;UNIDADE INTERNAÇÃO - CLINICA CIRURGICA;2025,0;1,0;6,0;6,0;113,0;0,05309734513274336;0,05309734513274336
HRAD;UNIDADE INTERNAÇÃO - CLINICA CIRURGICA;2025,0;2,0;3,0;3,0;93,0;0,03225806451612903;0,03225806451612903
HRAD;UNIDADE INTERNAÇÃO - CLINICA CIRURGICA;2025,0;3,0;2,0;2,0;115,0;0,017391304347826087;0,017391304347826087
HRAD;UNIDADE INTERNAÇÃO - CLINICA CIRURGICA;2025,0;4,0;2,0;1,0;128,0;0,015625;0,0078125
HRAD;UNIDADE INTERNAÇÃO - CLINICA CIRURGICA;2025,0;5,0;1,0;1,0;110,0;0,00909090909090909;0,00909090909090909
HRAD;UNIDADE INTERNAÇÃO - CLINICA CIRURGICA;2025,0;6,0;2,0;1,0;97,0;0,020618556701030927;0,010309278350515464
HRAD;UNIDADE INTERNAÇÃO - CLINICA CIRURGICA;2025,0;7,0;1,0;1,0;125,0;0,008;0,008
HRAD;UNIDADE INTERNAÇÃO - CLINICA CIRURGICA;2025,0;8,0;1,0;1,0;103,0;0,009708737864077669;0,009708737864077669
HRAD;UNIDADE INTERNAÇÃO - CLINICA CIRURGICA;2025,0;9,0;3,0;2,0;113,0;0,02654867256637168;0,017699115044247787
HRAD;UNIDADE INTERNAÇÃO - CLINICA CIRURGICA;2025,0;10,0;2,0;2,0;127,0;0,015748031496062992;0,015748031496062992
HRAD;UNIDADE INTERNAÇÃO - CLINICA CIRURGICA;2025,0;11,0;1,0;1,0;123,0;0,008130081300813009;0,008130081300813009
HRAD;UNIDADE INTERNAÇÃO - CLINICA CIRURGICA;2025,0;12,0;2,0;2,0;114,0;0,017543859649122806;0,017543859649122806
HRAD;UNIDADE INTERNAÇÃO - CLINICA CIRURGICA;2026,0;1,0;5,0;5,0;119,0;0,04201680672268908;0,04201680672268908
HRAD;UNIDADE INTERNAÇÃO - CLINICA CIRURGICA;2026,0;2,0;3,0;3,0;110,0;0,02727272727272727;0,02727272727272727
HRAD;UNIDADE INTERNAÇÃO - CLINICA CIRURGICA;2026,0;3,0;0,0;0,0;114,0;0,0;0,0
HRAD;UNIDADE INTERNAÇÃO - CLINICA CIRURGICA;2026,0;4,0;1,0;1,0;130,0;0,007692307692307693;0,007692307692307693
HRAD;UNIDADE INTERNAÇÃO - CLINICA CIRURGICA;2026,0;5,0;1,0;1,0;113,0;0,008849557522123894;0,008849557522123894
HRAD;UNIDADE INTERNAÇÃO - CLINICA CIRURGICA;2026,0;6,0;0,0;0,0;51,0;0,0;0,0
HRAD;UNIDADE INTERNAÇÃO - CLINICA MÉDICA;2019,0;1,0;7,0;7,0;59,0;0,11864406779661017;0,11864406779661017
HRAD;UNIDADE INTERNAÇÃO - CLINICA MÉDICA;2019,0;2,0;6,0;6,0;75,0;0,08;0,08
HRAD;UNIDADE INTERNAÇÃO - CLINICA MÉDICA;2019,0;3,0;7,0;7,0;75,0;0,09333333333333334;0,09333333333333334
HRAD;UNIDADE INTERNAÇÃO - CLINICA MÉDICA;2019,0;4,0;8,0;8,0;66,0;0,12121212121212122;0,12121212121212122
HRAD;UNIDADE INTERNAÇÃO - CLINICA MÉDICA;2019,0;5,0;4,0;4,0;72,0;0,05555555555555555;0,05555555555555555
HRAD;UNIDADE INTERNAÇÃO - CLINICA MÉDICA;2019,0;6,0;2,0;2,0;61,0;0,03278688524590164;0,03278688524590164
HRAD;UNIDADE INTERNAÇÃO - CLINICA MÉDICA;2019,0;7,0;11,0;10,0;71,0;0,15492957746478872;0,14084507042253522
HRAD;UNIDADE INTERNAÇÃO - CLINICA MÉDICA;2019,0;8,0;11,0;11,0;67,0;0,16417910447761194;0,16417910447761194
HRAD;UNIDADE INTERNAÇÃO - CLINICA MÉDICA;2019,0;9,0;9,0;9,0;63,0;0,14285714285714285;0,14285714285714285
HRAD;UNIDADE INTERNAÇÃO - CLINICA MÉDICA;2019,0;10,0;1,0;1,0;48,0;0,020833333333333332;0,020833333333333332
HRAD;UNIDADE INTERNAÇÃO - CLINICA MÉDICA;2019,0;11,0;5,0;5,0;61,0;0,08196721311475409;0,08196721311475409
HRAD;UNIDADE INTERNAÇÃO - CLINICA MÉDICA;2019,0;12,0;6,0;5,0;53,0;0,11320754716981132;0,09433962264150944
HRAD;UNIDADE INTERNAÇÃO - CLINICA MÉDICA;2020,0;1,0;5,0;5,0;59,0;0,0847457627118644;0,0847457627118644
HRAD;UNIDADE INTERNAÇÃO - CLINICA MÉDICA;2020,0;2,0;6,0;6,0;74,0;0,08108108108108109;0,08108108108108109
HRAD;UNIDADE INTERNAÇÃO - CLINICA MÉDICA;2020,0;3,0;7,0;7,0;58,0;0,1206896551724138;0,1206896551724138
HRAD;UNIDADE INTERNAÇÃO - CLINICA MÉDICA;2020,0;4,0;4,0;3,0;7,0;0,5714285714285714;0,42857142857142855
HRAD;UNIDADE INTERNAÇÃO - CLINICA MÉDICA;2020,0;5,0;6,0;5,0;64,0;0,09375;0,078125
HRAD;UNIDADE INTERNAÇÃO - CLINICA MÉDICA;2020,0;6,0;11,0;10,0;60,0;0,18333333333333332;0,16666666666666666
HRAD;UNIDADE INTERNAÇÃO - CLINICA MÉDICA;2020,0;7,0;3,0;3,0;63,0;0,047619047619047616;0,047619047619047616
HRAD;UNIDADE INTERNAÇÃO - CLINICA MÉDICA;2020,0;8,0;11,0;10,0;62,0;0,1774193548387097;0,16129032258064516
HRAD;UNIDADE INTERNAÇÃO - CLINICA MÉDICA;2020,0;9,0;4,0;3,0;67,0;0,05970149253731343;0,04477611940298507
HRAD;UNIDADE INTERNAÇÃO - CLINICA MÉDICA;2020,0;10,0;7,0;7,0;70,0;0,1;0,1
HRAD;UNIDADE INTERNAÇÃO - CLINICA MÉDICA;2020,0;11,0;8,0;8,0;64,0;0,125;0,125
HRAD;UNIDADE INTERNAÇÃO - CLINICA MÉDICA;2020,0;12,0;3,0;3,0;48,0;0,0625;0,0625
HRAD;UNIDADE INTERNAÇÃO - CLINICA MÉDICA;2021,0;1,0;13,0;13,0;74,0;0,17567567567567569;0,17567567567567569
HRAD;UNIDADE INTERNAÇÃO - CLINICA MÉDICA;2021,0;2,0;7,0;7,0;57,0;0,12280701754385964;0,12280701754385964
HRAD;UNIDADE INTERNAÇÃO - CLINICA MÉDICA;2021,0;3,0;5,0;5,0;60,0;0,08333333333333333;0,08333333333333333
HRAD;UNIDADE INTERNAÇÃO - CLINICA MÉDICA;2021,0;4,0;4,0;4,0;53,0;0,07547169811320754;0,07547169811320754
HRAD;UNIDADE INTERNAÇÃO - CLINICA MÉDICA;2021,0;5,0;5,0;5,0;40,0;0,125;0,125
HRAD;UNIDADE INTERNAÇÃO - CLINICA MÉDICA;2021,0;6,0;5,0;5,0;41,0;0,12195121951219512;0,12195121951219512
HRAD;UNIDADE INTERNAÇÃO - CLINICA MÉDICA;2021,0;7,0;10,0;9,0;60,0;0,16666666666666666;0,15
HRAD;UNIDADE INTERNAÇÃO - CLINICA MÉDICA;2021,0;8,0;4,0;4,0;54,0;0,07407407407407407;0,07407407407407407
HRAD;UNIDADE INTERNAÇÃO - CLINICA MÉDICA;2021,0;9,0;11,0;11,0;61,0;0,18032786885245902;0,18032786885245902
HRAD;UNIDADE INTERNAÇÃO - CLINICA MÉDICA;2021,0;10,0;6,0;6,0;48,0;0,125;0,125
HRAD;UNIDADE INTERNAÇÃO - CLINICA MÉDICA;2021,0;11,0;7,0;7,0;43,0;0,16279069767441862;0,16279069767441862
HRAD;UNIDADE INTERNAÇÃO - CLINICA MÉDICA;2021,0;12,0;7,0;7,0;37,0;0,1891891891891892;0,1891891891891892
HRAD;UNIDADE INTERNAÇÃO - CLINICA MÉDICA;2022,0;1,0;4,0;4,0;47,0;0,0851063829787234;0,0851063829787234
HRAD;UNIDADE INTERNAÇÃO - CLINICA MÉDICA;2022,0;2,0;12,0;11,0;67,0;0,1791044776119403;0,16417910447761194
HRAD;UNIDADE INTERNAÇÃO - CLINICA MÉDICA;2022,0;3,0;6,0;6,0;54,0;0,1111111111111111;0,1111111111111111
HRAD;UNIDADE INTERNAÇÃO - CLINICA MÉDICA;2022,0;4,0;5,0;5,0;53,0;0,09433962264150944;0,09433962264150944
HRAD;UNIDADE INTERNAÇÃO - CLINICA MÉDICA;2022,0;5,0;2,0;2,0;47,0;0,0425531914893617;0,0425531914893617
HRAD;UNIDADE INTERNAÇÃO - CLINICA MÉDICA;2022,0;6,0;2,0;2,0;42,0;0,047619047619047616;0,047619047619047616
HRAD;UNIDADE INTERNAÇÃO - CLINICA MÉDICA;2022,0;7,0;8,0;8,0;43,0;0,18604651162790697;0,18604651162790697
HRAD;UNIDADE INTERNAÇÃO - CLINICA MÉDICA;2022,0;8,0;1,0;1,0;26,0;0,038461538461538464;0,038461538461538464
HRAD;UNIDADE INTERNAÇÃO - CLINICA MÉDICA;2022,0;9,0;5,0;5,0;56,0;0,08928571428571429;0,08928571428571429
HRAD;UNIDADE INTERNAÇÃO - CLINICA MÉDICA;2022,0;10,0;8,0;8,0;41,0;0,1951219512195122;0,1951219512195122
HRAD;UNIDADE INTERNAÇÃO - CLINICA MÉDICA;2022,0;11,0;6,0;6,0;42,0;0,14285714285714285;0,14285714285714285
HRAD;UNIDADE INTERNAÇÃO - CLINICA MÉDICA;2022,0;12,0;4,0;4,0;57,0;0,07017543859649122;0,07017543859649122
HRAD;UNIDADE INTERNAÇÃO - CLINICA MÉDICA;2023,0;1,0;8,0;8,0;62,0;0,12903225806451613;0,12903225806451613
HRAD;UNIDADE INTERNAÇÃO - CLINICA MÉDICA;2023,0;2,0;5,0;5,0;51,0;0,09803921568627451;0,09803921568627451
HRAD;UNIDADE INTERNAÇÃO - CLINICA MÉDICA;2023,0;3,0;2,0;2,0;46,0;0,043478260869565216;0,043478260869565216
HRAD;UNIDADE INTERNAÇÃO - CLINICA MÉDICA;2023,0;4,0;5,0;5,0;45,0;0,1111111111111111;0,1111111111111111
HRAD;UNIDADE INTERNAÇÃO - CLINICA MÉDICA;2023,0;5,0;4,0;4,0;50,0;0,08;0,08
HRAD;UNIDADE INTERNAÇÃO - CLINICA MÉDICA;2023,0;6,0;4,0;4,0;51,0;0,0784313725490196;0,0784313725490196
HRAD;UNIDADE INTERNAÇÃO - CLINICA MÉDICA;2023,0;7,0;7,0;7,0;56,0;0,125;0,125
HRAD;UNIDADE INTERNAÇÃO - CLINICA MÉDICA;2023,0;8,0;4,0;4,0;51,0;0,0784313725490196;0,0784313725490196
HRAD;UNIDADE INTERNAÇÃO - CLINICA MÉDICA;2023,0;9,0;6,0;4,0;58,0;0,10344827586206896;0,06896551724137931
HRAD;UNIDADE INTERNAÇÃO - CLINICA MÉDICA;2023,0;10,0;5,0;5,0;53,0;0,09433962264150944;0,09433962264150944
HRAD;UNIDADE INTERNAÇÃO - CLINICA MÉDICA;2023,0;11,0;8,0;8,0;55,0;0,14545454545454545;0,14545454545454545
HRAD;UNIDADE INTERNAÇÃO - CLINICA MÉDICA;2023,0;12,0;8,0;8,0;61,0;0,13114754098360656;0,13114754098360656
HRAD;UNIDADE INTERNAÇÃO - CLINICA MÉDICA;2024,0;1,0;4,0;4,0;78,0;0,05128205128205128;0,05128205128205128
HRAD;UNIDADE INTERNAÇÃO - CLINICA MÉDICA;2024,0;2,0;7,0;7,0;42,0;0,16666666666666666;0,16666666666666666
HRAD;UNIDADE INTERNAÇÃO - CLINICA MÉDICA;2024,0;3,0;6,0;6,0;60,0;0,1;0,1
HRAD;UNIDADE INTERNAÇÃO - CLINICA MÉDICA;2024,0;4,0;9,0;9,0;66,0;0,13636363636363635;0,13636363636363635
HRAD;UNIDADE INTERNAÇÃO - CLINICA MÉDICA;2024,0;5,0;7,0;6,0;57,0;0,12280701754385964;0,10526315789473684
HRAD;UNIDADE INTERNAÇÃO - CLINICA MÉDICA;2024,0;6,0;8,0;8,0;64,0;0,125;0,125
HRAD;UNIDADE INTERNAÇÃO - CLINICA MÉDICA;2024,0;7,0;6,0;6,0;76,0;0,07894736842105263;0,07894736842105263
HRAD;UNIDADE INTERNAÇÃO - CLINICA MÉDICA;2024,0;8,0;5,0;4,0;89,0;0,056179775280898875;0,0449438202247191
HRAD;UNIDADE INTERNAÇÃO - CLINICA MÉDICA;2024,0;9,0;11,0;11,0;85,0;0,12941176470588237;0,12941176470588237
HRAD;UNIDADE INTERNAÇÃO - CLINICA MÉDICA;2024,0;10,0;8,0;8,0;97,0;0,08247422680412371;0,08247422680412371
HRAD;UNIDADE INTERNAÇÃO - CLINICA MÉDICA;2024,0;11,0;9,0;9,0;91,0;0,0989010989010989;0,0989010989010989
HRAD;UNIDADE INTERNAÇÃO - CLINICA MÉDICA;2024,0;12,0;13,0;13,0;81,0;0,16049382716049382;0,16049382716049382
HRAD;UNIDADE INTERNAÇÃO - CLINICA MÉDICA;2025,0;1,0;6,0;6,0;78,0;0,07692307692307693;0,07692307692307693
HRAD;UNIDADE INTERNAÇÃO - CLINICA MÉDICA;2025,0;2,0;4,0;4,0;60,0;0,06666666666666667;0,06666666666666667
HRAD;UNIDADE INTERNAÇÃO - CLINICA MÉDICA;2025,0;3,0;3,0;3,0;89,0;0,033707865168539325;0,033707865168539325
HRAD;UNIDADE INTERNAÇÃO - CLINICA MÉDICA;2025,0;4,0;11,0;11,0;93,0;0,11827956989247312;0,11827956989247312
HRAD;UNIDADE INTERNAÇÃO - CLINICA MÉDICA;2025,0;5,0;15,0;15,0;109,0;0,13761467889908258;0,13761467889908258
HRAD;UNIDADE INTERNAÇÃO - CLINICA MÉDICA;2025,0;6,0;15,0;15,0;84,0;0,17857142857142858;0,17857142857142858
HRAD;UNIDADE INTERNAÇÃO - CLINICA MÉDICA;2025,0;7,0;7,0;7,0;81,0;0,08641975308641975;0,08641975308641975
HRAD;UNIDADE INTERNAÇÃO - CLINICA MÉDICA;2025,0;8,0;7,0;7,0;87,0;0,08045977011494253;0,08045977011494253
HRAD;UNIDADE INTERNAÇÃO - CLINICA MÉDICA;2025,0;9,0;12,0;12,0;106,0;0,11320754716981132;0,11320754716981132
HRAD;UNIDADE INTERNAÇÃO - CLINICA MÉDICA;2025,0;10,0;8,0;8,0;115,0;0,06956521739130435;0,06956521739130435
HRAD;UNIDADE INTERNAÇÃO - CLINICA MÉDICA;2025,0;11,0;12,0;12,0;108,0;0,1111111111111111;0,1111111111111111
HRAD;UNIDADE INTERNAÇÃO - CLINICA MÉDICA;2025,0;12,0;8,0;8,0;119,0;0,06722689075630252;0,06722689075630252
HRAD;UNIDADE INTERNAÇÃO - CLINICA MÉDICA;2026,0;1,0;9,0;9,0;112,0;0,08035714285714286;0,08035714285714286
HRAD;UNIDADE INTERNAÇÃO - CLINICA MÉDICA;2026,0;2,0;7,0;7,0;89,0;0,07865168539325842;0,07865168539325842
HRAD;UNIDADE INTERNAÇÃO - CLINICA MÉDICA;2026,0;3,0;6,0;6,0;94,0;0,06382978723404255;0,06382978723404255
HRAD;UNIDADE INTERNAÇÃO - CLINICA MÉDICA;2026,0;4,0;11,0;10,0;96,0;0,11458333333333333;0,10416666666666667
HRAD;UNIDADE INTERNAÇÃO - CLINICA MÉDICA;2026,0;5,0;10,0;10,0;85,0;0,11764705882352941;0,11764705882352941
HRAD;UNIDADE INTERNAÇÃO - CLINICA MÉDICA;2026,0;6,0;6,0;6,0;42,0;0,14285714285714285;0,14285714285714285
HRAD;UNIDADE INTERNAÇÃO - CLINICA ORTOPÉDICA;2019,0;1,0;0,0;0,0;86,0;0,0;0,0
HRAD;UNIDADE INTERNAÇÃO - CLINICA ORTOPÉDICA;2019,0;2,0;0,0;0,0;79,0;0,0;0,0
HRAD;UNIDADE INTERNAÇÃO - CLINICA ORTOPÉDICA;2019,0;3,0;0,0;0,0;112,0;0,0;0,0
HRAD;UNIDADE INTERNAÇÃO - CLINICA ORTOPÉDICA;2019,0;4,0;0,0;0,0;72,0;0,0;0,0
HRAD;UNIDADE INTERNAÇÃO - CLINICA ORTOPÉDICA;2019,0;5,0;2,0;2,0;84,0;0,023809523809523808;0,023809523809523808
HRAD;UNIDADE INTERNAÇÃO - CLINICA ORTOPÉDICA;2019,0;6,0;0,0;0,0;91,0;0,0;0,0
HRAD;UNIDADE INTERNAÇÃO - CLINICA ORTOPÉDICA;2019,0;7,0;0,0;0,0;83,0;0,0;0,0
HRAD;UNIDADE INTERNAÇÃO - CLINICA ORTOPÉDICA;2019,0;8,0;1,0;1,0;96,0;0,010416666666666666;0,010416666666666666
HRAD;UNIDADE INTERNAÇÃO - CLINICA ORTOPÉDICA;2019,0;9,0;0,0;0,0;111,0;0,0;0,0
HRAD;UNIDADE INTERNAÇÃO - CLINICA ORTOPÉDICA;2019,0;10,0;2,0;2,0;106,0;0,018867924528301886;0,018867924528301886
HRAD;UNIDADE INTERNAÇÃO - CLINICA ORTOPÉDICA;2019,0;11,0;0,0;0,0;90,0;0,0;0,0
HRAD;UNIDADE INTERNAÇÃO - CLINICA ORTOPÉDICA;2019,0;12,0;0,0;0,0;109,0;0,0;0,0
HRAD;UNIDADE INTERNAÇÃO - CLINICA ORTOPÉDICA;2020,0;1,0;0,0;0,0;102,0;0,0;0,0
HRAD;UNIDADE INTERNAÇÃO - CLINICA ORTOPÉDICA;2020,0;2,0;0,0;0,0;95,0;0,0;0,0
HRAD;UNIDADE INTERNAÇÃO - CLINICA ORTOPÉDICA;2020,0;3,0;1,0;1,0;120,0;0,008333333333333333;0,008333333333333333
HRAD;UNIDADE INTERNAÇÃO - CLINICA ORTOPÉDICA;2020,0;4,0;1,0;1,0;121,0;0,008264462809917356;0,008264462809917356
HRAD;UNIDADE INTERNAÇÃO - CLINICA ORTOPÉDICA;2020,0;5,0;0,0;0,0;117,0;0,0;0,0
HRAD;UNIDADE INTERNAÇÃO - CLINICA ORTOPÉDICA;2020,0;6,0;1,0;1,0;124,0;0,008064516129032258;0,008064516129032258
HRAD;UNIDADE INTERNAÇÃO - CLINICA ORTOPÉDICA;2020,0;7,0;0,0;0,0;110,0;0,0;0,0
HRAD;UNIDADE INTERNAÇÃO - CLINICA ORTOPÉDICA;2020,0;8,0;1,0;1,0;117,0;0,008547008547008548;0,008547008547008548
HRAD;UNIDADE INTERNAÇÃO - CLINICA ORTOPÉDICA;2020,0;9,0;1,0;1,0;121,0;0,008264462809917356;0,008264462809917356
HRAD;UNIDADE INTERNAÇÃO - CLINICA ORTOPÉDICA;2020,0;10,0;0,0;0,0;99,0;0,0;0,0
HRAD;UNIDADE INTERNAÇÃO - CLINICA ORTOPÉDICA;2020,0;11,0;0,0;0,0;83,0;0,0;0,0
HRAD;UNIDADE INTERNAÇÃO - CLINICA ORTOPÉDICA;2020,0;12,0;0,0;0,0;106,0;0,0;0,0
HRAD;UNIDADE INTERNAÇÃO - CLINICA ORTOPÉDICA;2021,0;1,0;0,0;0,0;84,0;0,0;0,0
HRAD;UNIDADE INTERNAÇÃO - CLINICA ORTOPÉDICA;2021,0;2,0;1,0;1,0;72,0;0,013888888888888888;0,013888888888888888
HRAD;UNIDADE INTERNAÇÃO - CLINICA ORTOPÉDICA;2021,0;3,0;1,0;1,0;92,0;0,010869565217391304;0,010869565217391304
HRAD;UNIDADE INTERNAÇÃO - CLINICA ORTOPÉDICA;2021,0;4,0;0,0;0,0;121,0;0,0;0,0
HRAD;UNIDADE INTERNAÇÃO - CLINICA ORTOPÉDICA;2021,0;5,0;0,0;0,0;110,0;0,0;0,0
HRAD;UNIDADE INTERNAÇÃO - CLINICA ORTOPÉDICA;2021,0;6,0;0,0;0,0;102,0;0,0;0,0
HRAD;UNIDADE INTERNAÇÃO - CLINICA ORTOPÉDICA;2021,0;7,0;0,0;0,0;105,0;0,0;0,0
HRAD;UNIDADE INTERNAÇÃO - CLINICA ORTOPÉDICA;2021,0;8,0;2,0;2,0;116,0;0,017241379310344827;0,017241379310344827
HRAD;UNIDADE INTERNAÇÃO - CLINICA ORTOPÉDICA;2021,0;9,0;0,0;0,0;115,0;0,0;0,0
HRAD;UNIDADE INTERNAÇÃO - CLINICA ORTOPÉDICA;2021,0;10,0;0,0;0,0;91,0;0,0;0,0
HRAD;UNIDADE INTERNAÇÃO - CLINICA ORTOPÉDICA;2021,0;11,0;0,0;0,0;87,0;0,0;0,0
HRAD;UNIDADE INTERNAÇÃO - CLINICA ORTOPÉDICA;2021,0;12,0;1,0;1,0;104,0;0,009615384615384616;0,009615384615384616
HRAD;UNIDADE INTERNAÇÃO - CLINICA ORTOPÉDICA;2022,0;1,0;1,0;1,0;77,0;0,012987012987012988;0,012987012987012988
HRAD;UNIDADE INTERNAÇÃO - CLINICA ORTOPÉDICA;2022,0;2,0;3,0;3,0;75,0;0,04;0,04
HRAD;UNIDADE INTERNAÇÃO - CLINICA ORTOPÉDICA;2022,0;3,0;1,0;1,0;82,0;0,012195121951219513;0,012195121951219513
HRAD;UNIDADE INTERNAÇÃO - CLINICA ORTOPÉDICA;2022,0;4,0;1,0;0,0;103,0;0,009708737864077669;0,0
HRAD;UNIDADE INTERNAÇÃO - CLINICA ORTOPÉDICA;2022,0;5,0;0,0;0,0;117,0;0,0;0,0
HRAD;UNIDADE INTERNAÇÃO - CLINICA ORTOPÉDICA;2022,0;6,0;0,0;0,0;132,0;0,0;0,0
HRAD;UNIDADE INTERNAÇÃO - CLINICA ORTOPÉDICA;2022,0;7,0;0,0;0,0;91,0;0,0;0,0
HRAD;UNIDADE INTERNAÇÃO - CLINICA ORTOPÉDICA;2022,0;8,0;0,0;0,0;104,0;0,0;0,0
HRAD;UNIDADE INTERNAÇÃO - CLINICA ORTOPÉDICA;2022,0;9,0;0,0;0,0;79,0;0,0;0,0
HRAD;UNIDADE INTERNAÇÃO - CLINICA ORTOPÉDICA;2022,0;10,0;0,0;0,0;101,0;0,0;0,0
HRAD;UNIDADE INTERNAÇÃO - CLINICA ORTOPÉDICA;2022,0;11,0;1,0;1,0;95,0;0,010526315789473684;0,010526315789473684
HRAD;UNIDADE INTERNAÇÃO - CLINICA ORTOPÉDICA;2022,0;12,0;1,0;1,0;101,0;0,009900990099009901;0,009900990099009901
HRAD;UNIDADE INTERNAÇÃO - CLINICA ORTOPÉDICA;2023,0;1,0;0,0;0,0;113,0;0,0;0,0
HRAD;UNIDADE INTERNAÇÃO - CLINICA ORTOPÉDICA;2023,0;2,0;1,0;1,0;84,0;0,011904761904761904;0,011904761904761904
HRAD;UNIDADE INTERNAÇÃO - CLINICA ORTOPÉDICA;2023,0;3,0;0,0;0,0;129,0;0,0;0,0
HRAD;UNIDADE INTERNAÇÃO - CLINICA ORTOPÉDICA;2023,0;4,0;0,0;0,0;92,0;0,0;0,0
HRAD;UNIDADE INTERNAÇÃO - CLINICA ORTOPÉDICA;2023,0;5,0;1,0;0,0;114,0;0,008771929824561403;0,0
HRAD;UNIDADE INTERNAÇÃO - CLINICA ORTOPÉDICA;2023,0;6,0;0,0;0,0;105,0;0,0;0,0
HRAD;UNIDADE INTERNAÇÃO - CLINICA ORTOPÉDICA;2023,0;7,0;0,0;0,0;90,0;0,0;0,0
HRAD;UNIDADE INTERNAÇÃO - CLINICA ORTOPÉDICA;2023,0;8,0;0,0;0,0;109,0;0,0;0,0
HRAD;UNIDADE INTERNAÇÃO - CLINICA ORTOPÉDICA;2023,0;9,0;0,0;0,0;117,0;0,0;0,0
HRAD;UNIDADE INTERNAÇÃO - CLINICA ORTOPÉDICA;2023,0;10,0;0,0;0,0;118,0;0,0;0,0
HRAD;UNIDADE INTERNAÇÃO - CLINICA ORTOPÉDICA;2023,0;11,0;0,0;0,0;128,0;0,0;0,0
HRAD;UNIDADE INTERNAÇÃO - CLINICA ORTOPÉDICA;2023,0;12,0;0,0;0,0;129,0;0,0;0,0
HRAD;UNIDADE INTERNAÇÃO - CLINICA ORTOPÉDICA;2024,0;1,0;0,0;0,0;99,0;0,0;0,0
HRAD;UNIDADE INTERNAÇÃO - CLINICA ORTOPÉDICA;2024,0;2,0;0,0;0,0;114,0;0,0;0,0
HRAD;UNIDADE INTERNAÇÃO - CLINICA ORTOPÉDICA;2024,0;3,0;0,0;0,0;137,0;0,0;0,0
HRAD;UNIDADE INTERNAÇÃO - CLINICA ORTOPÉDICA;2024,0;4,0;0,0;0,0;104,0;0,0;0,0
HRAD;UNIDADE INTERNAÇÃO - CLINICA ORTOPÉDICA;2024,0;5,0;0,0;0,0;115,0;0,0;0,0
HRAD;UNIDADE INTERNAÇÃO - CLINICA ORTOPÉDICA;2024,0;6,0;0,0;0,0;113,0;0,0;0,0
HRAD;UNIDADE INTERNAÇÃO - CLINICA ORTOPÉDICA;2024,0;7,0;0,0;0,0;142,0;0,0;0,0
HRAD;UNIDADE INTERNAÇÃO - CLINICA ORTOPÉDICA;2024,0;8,0;0,0;0,0;153,0;0,0;0,0
HRAD;UNIDADE INTERNAÇÃO - CLINICA ORTOPÉDICA;2024,0;9,0;0,0;0,0;133,0;0,0;0,0
HRAD;UNIDADE INTERNAÇÃO - CLINICA ORTOPÉDICA;2024,0;10,0;0,0;0,0;143,0;0,0;0,0
HRAD;UNIDADE INTERNAÇÃO - CLINICA ORTOPÉDICA;2024,0;11,0;1,0;1,0;139,0;0,007194244604316547;0,007194244604316547
HRAD;UNIDADE INTERNAÇÃO - CLINICA ORTOPÉDICA;2024,0;12,0;0,0;0,0;135,0;0,0;0,0
HRAD;UNIDADE INTERNAÇÃO - CLINICA ORTOPÉDICA;2025,0;1,0;1,0;1,0;137,0;0,0072992700729927005;0,0072992700729927005
HRAD;UNIDADE INTERNAÇÃO - CLINICA ORTOPÉDICA;2025,0;2,0;0,0;0,0;125,0;0,0;0,0
HRAD;UNIDADE INTERNAÇÃO - CLINICA ORTOPÉDICA;2025,0;3,0;0,0;0,0;132,0;0,0;0,0
HRAD;UNIDADE INTERNAÇÃO - CLINICA ORTOPÉDICA;2025,0;4,0;2,0;0,0;118,0;0,01694915254237288;0,0
HRAD;UNIDADE INTERNAÇÃO - CLINICA ORTOPÉDICA;2025,0;5,0;0,0;0,0;89,0;0,0;0,0
HRAD;UNIDADE INTERNAÇÃO - CLINICA ORTOPÉDICA;2025,0;6,0;0,0;0,0;113,0;0,0;0,0
HRAD;UNIDADE INTERNAÇÃO - CLINICA ORTOPÉDICA;2025,0;7,0;0,0;0,0;109,0;0,0;0,0
HRAD;UNIDADE INTERNAÇÃO - CLINICA ORTOPÉDICA;2025,0;8,0;0,0;0,0;97,0;0,0;0,0
HRAD;UNIDADE INTERNAÇÃO - CLINICA ORTOPÉDICA;2025,0;9,0;0,0;0,0;139,0;0,0;0,0
HRAD;UNIDADE INTERNAÇÃO - CLINICA ORTOPÉDICA;2025,0;10,0;2,0;2,0;95,0;0,021052631578947368;0,021052631578947368
HRAD;UNIDADE INTERNAÇÃO - CLINICA ORTOPÉDICA;2025,0;11,0;0,0;0,0;125,0;0,0;0,0
HRAD;UNIDADE INTERNAÇÃO - CLINICA ORTOPÉDICA;2025,0;12,0;1,0;1,0;142,0;0,007042253521126761;0,007042253521126761
HRAD;UNIDADE INTERNAÇÃO - CLINICA ORTOPÉDICA;2026,0;1,0;0,0;0,0;145,0;0,0;0,0
HRAD;UNIDADE INTERNAÇÃO - CLINICA ORTOPÉDICA;2026,0;2,0;0,0;0,0;108,0;0,0;0,0
HRAD;UNIDADE INTERNAÇÃO - CLINICA ORTOPÉDICA;2026,0;3,0;0,0;0,0;141,0;0,0;0,0
HRAD;UNIDADE INTERNAÇÃO - CLINICA ORTOPÉDICA;2026,0;4,0;1,0;0,0;124,0;0,008064516129032258;0,0
HRAD;UNIDADE INTERNAÇÃO - CLINICA ORTOPÉDICA;2026,0;5,0;0,0;0,0;65,0;0,0;0,0
HRAD;UNIDADE INTERNAÇÃO - CLINICA ORTOPÉDICA;2026,0;6,0;0,0;0,0;43,0;0,0;0,0
HRAD;UNIDADE INTERNAÇÃO - CLINICA PEDIÁTRICA;2019,0;1,0;0,0;0,0;45,0;0,0;0,0
HRAD;UNIDADE INTERNAÇÃO - CLINICA PEDIÁTRICA;2019,0;2,0;0,0;0,0;46,0;0,0;0,0
HRAD;UNIDADE INTERNAÇÃO - CLINICA PEDIÁTRICA;2019,0;3,0;0,0;0,0;50,0;0,0;0,0
HRAD;UNIDADE INTERNAÇÃO - CLINICA PEDIÁTRICA;2019,0;4,0;0,0;0,0;41,0;0,0;0,0
HRAD;UNIDADE INTERNAÇÃO - CLINICA PEDIÁTRICA;2019,0;5,0;0,0;0,0;47,0;0,0;0,0
HRAD;UNIDADE INTERNAÇÃO - CLINICA PEDIÁTRICA;2019,0;6,0;1,0;1,0;47,0;0,02127659574468085;0,02127659574468085
HRAD;UNIDADE INTERNAÇÃO - CLINICA PEDIÁTRICA;2019,0;7,0;0,0;0,0;45,0;0,0;0,0
HRAD;UNIDADE INTERNAÇÃO - CLINICA PEDIÁTRICA;2019,0;8,0;0,0;0,0;46,0;0,0;0,0
HRAD;UNIDADE INTERNAÇÃO - CLINICA PEDIÁTRICA;2019,0;9,0;0,0;0,0;37,0;0,0;0,0
HRAD;UNIDADE INTERNAÇÃO - CLINICA PEDIÁTRICA;2019,0;10,0;0,0;0,0;41,0;0,0;0,0
HRAD;UNIDADE INTERNAÇÃO - CLINICA PEDIÁTRICA;2019,0;11,0;0,0;0,0;48,0;0,0;0,0
HRAD;UNIDADE INTERNAÇÃO - CLINICA PEDIÁTRICA;2019,0;12,0;0,0;0,0;46,0;0,0;0,0
HRAD;UNIDADE INTERNAÇÃO - CLINICA PEDIÁTRICA;2020,0;1,0;0,0;0,0;48,0;0,0;0,0
HRAD;UNIDADE INTERNAÇÃO - CLINICA PEDIÁTRICA;2020,0;2,0;1,0;1,0;32,0;0,03125;0,03125
HRAD;UNIDADE INTERNAÇÃO - CLINICA PEDIÁTRICA;2020,0;3,0;0,0;0,0;42,0;0,0;0,0
HRAD;UNIDADE INTERNAÇÃO - CLINICA PEDIÁTRICA;2020,0;4,0;0,0;0,0;46,0;0,0;0,0
HRAD;UNIDADE INTERNAÇÃO - CLINICA PEDIÁTRICA;2020,0;5,0;0,0;0,0;40,0;0,0;0,0
HRAD;UNIDADE INTERNAÇÃO - CLINICA PEDIÁTRICA;2020,0;6,0;0,0;0,0;33,0;0,0;0,0
HRAD;UNIDADE INTERNAÇÃO - CLINICA PEDIÁTRICA;2020,0;7,0;0,0;0,0;31,0;0,0;0,0
HRAD;UNIDADE INTERNAÇÃO - CLINICA PEDIÁTRICA;2020,0;8,0;0,0;0,0;41,0;0,0;0,0
HRAD;UNIDADE INTERNAÇÃO - CLINICA PEDIÁTRICA;2020,0;9,0;0,0;0,0;39,0;0,0;0,0
HRAD;UNIDADE INTERNAÇÃO - CLINICA PEDIÁTRICA;2020,0;10,0;0,0;0,0;41,0;0,0;0,0
HRAD;UNIDADE INTERNAÇÃO - CLINICA PEDIÁTRICA;2020,0;11,0;0,0;0,0;51,0;0,0;0,0
HRAD;UNIDADE INTERNAÇÃO - CLINICA PEDIÁTRICA;2020,0;12,0;0,0;0,0;46,0;0,0;0,0
HRAD;UNIDADE INTERNAÇÃO - CLINICA PEDIÁTRICA;2021,0;1,0;0,0;0,0;50,0;0,0;0,0
HRAD;UNIDADE INTERNAÇÃO - CLINICA PEDIÁTRICA;2021,0;2,0;0,0;0,0;47,0;0,0;0,0
HRAD;UNIDADE INTERNAÇÃO - CLINICA PEDIÁTRICA;2021,0;3,0;0,0;0,0;29,0;0,0;0,0
HRAD;UNIDADE INTERNAÇÃO - CLINICA PEDIÁTRICA;2021,0;4,0;0,0;0,0;48,0;0,0;0,0
HRAD;UNIDADE INTERNAÇÃO - CLINICA PEDIÁTRICA;2021,0;5,0;0,0;0,0;45,0;0,0;0,0
HRAD;UNIDADE INTERNAÇÃO - CLINICA PEDIÁTRICA;2021,0;6,0;0,0;0,0;40,0;0,0;0,0
HRAD;UNIDADE INTERNAÇÃO - CLINICA PEDIÁTRICA;2021,0;7,0;0,0;0,0;45,0;0,0;0,0
HRAD;UNIDADE INTERNAÇÃO - CLINICA PEDIÁTRICA;2021,0;8,0;0,0;0,0;51,0;0,0;0,0
HRAD;UNIDADE INTERNAÇÃO - CLINICA PEDIÁTRICA;2021,0;9,0;0,0;0,0;49,0;0,0;0,0
HRAD;UNIDADE INTERNAÇÃO - CLINICA PEDIÁTRICA;2021,0;10,0;0,0;0,0;52,0;0,0;0,0
HRAD;UNIDADE INTERNAÇÃO - CLINICA PEDIÁTRICA;2021,0;11,0;0,0;0,0;54,0;0,0;0,0
HRAD;UNIDADE INTERNAÇÃO - CLINICA PEDIÁTRICA;2021,0;12,0;0,0;0,0;52,0;0,0;0,0
HRAD;UNIDADE INTERNAÇÃO - CLINICA PEDIÁTRICA;2022,0;1,0;0,0;0,0;40,0;0,0;0,0
HRAD;UNIDADE INTERNAÇÃO - CLINICA PEDIÁTRICA;2022,0;2,0;0,0;0,0;33,0;0,0;0,0
HRAD;UNIDADE INTERNAÇÃO - CLINICA PEDIÁTRICA;2022,0;3,0;0,0;0,0;56,0;0,0;0,0
HRAD;UNIDADE INTERNAÇÃO - CLINICA PEDIÁTRICA;2022,0;4,0;0,0;0,0;47,0;0,0;0,0
HRAD;UNIDADE INTERNAÇÃO - CLINICA PEDIÁTRICA;2022,0;5,0;0,0;0,0;45,0;0,0;0,0
HRAD;UNIDADE INTERNAÇÃO - CLINICA PEDIÁTRICA;2022,0;6,0;0,0;0,0;44,0;0,0;0,0
HRAD;UNIDADE INTERNAÇÃO - CLINICA PEDIÁTRICA;2022,0;7,0;0,0;0,0;53,0;0,0;0,0
HRAD;UNIDADE INTERNAÇÃO - CLINICA PEDIÁTRICA;2022,0;8,0;0,0;0,0;50,0;0,0;0,0
HRAD;UNIDADE INTERNAÇÃO - CLINICA PEDIÁTRICA;2022,0;9,0;0,0;0,0;41,0;0,0;0,0
HRAD;UNIDADE INTERNAÇÃO - CLINICA PEDIÁTRICA;2022,0;10,0;0,0;0,0;37,0;0,0;0,0
HRAD;UNIDADE INTERNAÇÃO - CLINICA PEDIÁTRICA;2022,0;11,0;0,0;0,0;49,0;0,0;0,0
HRAD;UNIDADE INTERNAÇÃO - CLINICA PEDIÁTRICA;2022,0;12,0;0,0;0,0;56,0;0,0;0,0
HRAD;UNIDADE INTERNAÇÃO - CLINICA PEDIÁTRICA;2023,0;1,0;0,0;0,0;51,0;0,0;0,0
HRAD;UNIDADE INTERNAÇÃO - CLINICA PEDIÁTRICA;2023,0;2,0;1,0;1,0;38,0;0,02631578947368421;0,02631578947368421
HRAD;UNIDADE INTERNAÇÃO - CLINICA PEDIÁTRICA;2023,0;3,0;0,0;0,0;48,0;0,0;0,0
HRAD;UNIDADE INTERNAÇÃO - CLINICA PEDIÁTRICA;2023,0;4,0;0,0;0,0;50,0;0,0;0,0
HRAD;UNIDADE INTERNAÇÃO - CLINICA PEDIÁTRICA;2023,0;5,0;0,0;0,0;53,0;0,0;0,0
HRAD;UNIDADE INTERNAÇÃO - CLINICA PEDIÁTRICA;2023,0;6,0;0,0;0,0;40,0;0,0;0,0
HRAD;UNIDADE INTERNAÇÃO - CLINICA PEDIÁTRICA;2023,0;7,0;1,0;1,0;55,0;0,01818181818181818;0,01818181818181818
HRAD;UNIDADE INTERNAÇÃO - CLINICA PEDIÁTRICA;2023,0;8,0;0,0;0,0;50,0;0,0;0,0
HRAD;UNIDADE INTERNAÇÃO - CLINICA PEDIÁTRICA;2023,0;9,0;1,0;1,0;46,0;0,021739130434782608;0,021739130434782608
HRAD;UNIDADE INTERNAÇÃO - CLINICA PEDIÁTRICA;2023,0;10,0;1,0;1,0;53,0;0,018867924528301886;0,018867924528301886
HRAD;UNIDADE INTERNAÇÃO - CLINICA PEDIÁTRICA;2023,0;11,0;0,0;0,0;31,0;0,0;0,0
HRAD;UNIDADE INTERNAÇÃO - CLINICA PEDIÁTRICA;2023,0;12,0;0,0;0,0;55,0;0,0;0,0
HRAD;UNIDADE INTERNAÇÃO - CLINICA PEDIÁTRICA;2024,0;1,0;0,0;0,0;45,0;0,0;0,0
HRAD;UNIDADE INTERNAÇÃO - CLINICA PEDIÁTRICA;2024,0;2,0;1,0;1,0;44,0;0,022727272727272728;0,022727272727272728
HRAD;UNIDADE INTERNAÇÃO - CLINICA PEDIÁTRICA;2024,0;3,0;0,0;0,0;49,0;0,0;0,0
HRAD;UNIDADE INTERNAÇÃO - CLINICA PEDIÁTRICA;2024,0;4,0;0,0;0,0;42,0;0,0;0,0
HRAD;UNIDADE INTERNAÇÃO - CLINICA PEDIÁTRICA;2024,0;5,0;0,0;0,0;52,0;0,0;0,0
HRAD;UNIDADE INTERNAÇÃO - CLINICA PEDIÁTRICA;2024,0;6,0;0,0;0,0;41,0;0,0;0,0
HRAD;UNIDADE INTERNAÇÃO - CLINICA PEDIÁTRICA;2024,0;7,0;1,0;1,0;53,0;0,018867924528301886;0,018867924528301886
HRAD;UNIDADE INTERNAÇÃO - CLINICA PEDIÁTRICA;2024,0;8,0;0,0;0,0;53,0;0,0;0,0
HRAD;UNIDADE INTERNAÇÃO - CLINICA PEDIÁTRICA;2024,0;9,0;0,0;0,0;59,0;0,0;0,0
HRAD;UNIDADE INTERNAÇÃO - CLINICA PEDIÁTRICA;2024,0;10,0;0,0;0,0;70,0;0,0;0,0
HRAD;UNIDADE INTERNAÇÃO - CLINICA PEDIÁTRICA;2024,0;11,0;0,0;0,0;62,0;0,0;0,0
HRAD;UNIDADE INTERNAÇÃO - CLINICA PEDIÁTRICA;2024,0;12,0;0,0;0,0;64,0;0,0;0,0
HRAD;UNIDADE INTERNAÇÃO - CLINICA PEDIÁTRICA;2025,0;1,0;0,0;0,0;58,0;0,0;0,0
HRAD;UNIDADE INTERNAÇÃO - CLINICA PEDIÁTRICA;2025,0;2,0;0,0;0,0;53,0;0,0;0,0
HRAD;UNIDADE INTERNAÇÃO - CLINICA PEDIÁTRICA;2025,0;3,0;0,0;0,0;49,0;0,0;0,0
HRAD;UNIDADE INTERNAÇÃO - CLINICA PEDIÁTRICA;2025,0;4,0;0,0;0,0;50,0;0,0;0,0
HRAD;UNIDADE INTERNAÇÃO - CLINICA PEDIÁTRICA;2025,0;5,0;0,0;0,0;55,0;0,0;0,0
HRAD;UNIDADE INTERNAÇÃO - CLINICA PEDIÁTRICA;2025,0;6,0;0,0;0,0;46,0;0,0;0,0
HRAD;UNIDADE INTERNAÇÃO - CLINICA PEDIÁTRICA;2025,0;7,0;0,0;0,0;54,0;0,0;0,0
HRAD;UNIDADE INTERNAÇÃO - CLINICA PEDIÁTRICA;2025,0;8,0;1,0;1,0;50,0;0,02;0,02
HRAD;UNIDADE INTERNAÇÃO - CLINICA PEDIÁTRICA;2025,0;9,0;0,0;0,0;51,0;0,0;0,0
HRAD;UNIDADE INTERNAÇÃO - CLINICA PEDIÁTRICA;2025,0;10,0;0,0;0,0;49,0;0,0;0,0
HRAD;UNIDADE INTERNAÇÃO - CLINICA PEDIÁTRICA;2025,0;11,0;0,0;0,0;53,0;0,0;0,0
HRAD;UNIDADE INTERNAÇÃO - CLINICA PEDIÁTRICA;2025,0;12,0;0,0;0,0;46,0;0,0;0,0
HRAD;UNIDADE INTERNAÇÃO - CLINICA PEDIÁTRICA;2026,0;1,0;0,0;0,0;51,0;0,0;0,0
HRAD;UNIDADE INTERNAÇÃO - CLINICA PEDIÁTRICA;2026,0;2,0;0,0;0,0;54,0;0,0;0,0
HRAD;UNIDADE INTERNAÇÃO - CLINICA PEDIÁTRICA;2026,0;3,0;0,0;0,0;54,0;0,0;0,0
HRAD;UNIDADE INTERNAÇÃO - CLINICA PEDIÁTRICA;2026,0;4,0;0,0;0,0;47,0;0,0;0,0
HRAD;UNIDADE INTERNAÇÃO - CLINICA PEDIÁTRICA;2026,0;5,0;0,0;0,0;59,0;0,0;0,0
HRAD;UNIDADE INTERNAÇÃO - CLINICA PEDIÁTRICA;2026,0;6,0;0,0;0,0;22,0;0,0;0,0
HRAD;UTI;2019,0;1,0;14,0;13,0;18,0;0,7777777777777778;0,7222222222222222
HRAD;UTI;2019,0;2,0;12,0;10,0;15,0;0,8;0,6666666666666666
HRAD;UTI;2019,0;3,0;13,0;13,0;14,0;0,9285714285714286;0,9285714285714286
HRAD;UTI;2019,0;4,0;15,0;13,0;15,0;1,0;0,8666666666666667
HRAD;UTI;2019,0;5,0;21,0;17,0;22,0;0,9545454545454546;0,7727272727272727
HRAD;UTI;2019,0;6,0;9,0;9,0;9,0;1,0;1,0
HRAD;UTI;2019,0;7,0;9,0;9,0;11,0;0,8181818181818182;0,8181818181818182
HRAD;UTI;2019,0;8,0;10,0;8,0;10,0;1,0;0,8
HRAD;UTI;2019,0;9,0;17,0;14,0;18,0;0,9444444444444444;0,7777777777777778
HRAD;UTI;2019,0;10,0;12,0;11,0;12,0;1,0;0,9166666666666666
HRAD;UTI;2019,0;11,0;10,0;9,0;10,0;1,0;0,9
HRAD;UTI;2019,0;12,0;9,0;9,0;9,0;1,0;1,0
HRAD;UTI;2020,0;1,0;17,0;16,0;18,0;0,9444444444444444;0,8888888888888888
HRAD;UTI;2020,0;2,0;13,0;11,0;14,0;0,9285714285714286;0,7857142857142857
HRAD;UTI;2020,0;3,0;16,0;14,0;17,0;0,9411764705882353;0,8235294117647058
HRAD;UTI;2020,0;4,0;10,0;9,0;11,0;0,9090909090909091;0,8181818181818182
HRAD;UTI;2020,0;5,0;19,0;16,0;22,0;0,8636363636363636;0,7272727272727273
HRAD;UTI;2020,0;6,0;32,0;23,0;33,0;0,9696969696969697;0,696969696969697
HRAD;UTI;2020,0;7,0;26,0;20,0;27,0;0,9629629629629629;0,7407407407407407
HRAD;UTI;2020,0;8,0;25,0;24,0;26,0;0,9615384615384616;0,9230769230769231
HRAD;UTI;2020,0;9,0;47,0;42,0;50,0;0,94;0,84
HRAD;UTI;2020,0;10,0;29,0;25,0;34,0;0,8529411764705882;0,7352941176470589
HRAD;UTI;2020,0;11,0;23,0;20,0;24,0;0,9583333333333334;0,8333333333333334
HRAD;UTI;2020,0;12,0;10,0;9,0;11,0;0,9090909090909091;0,8181818181818182
HRAD;UTI;2021,0;1,0;21,0;21,0;23,0;0,9130434782608695;0,9130434782608695
HRAD;UTI;2021,0;2,0;37,0;34,0;37,0;1,0;0,918918918918919
HRAD;UTI;2021,0;3,0;35,0;33,0;35,0;1,0;0,9428571428571428
HRAD;UTI;2021,0;4,0;33,0;30,0;34,0;0,9705882352941176;0,8823529411764706
HRAD;UTI;2021,0;5,0;21,0;20,0;23,0;0,9130434782608695;0,8695652173913043
HRAD;UTI;2021,0;6,0;22,0;22,0;26,0;0,8461538461538461;0,8461538461538461
HRAD;UTI;2021,0;7,0;23,0;21,0;26,0;0,8846153846153846;0,8076923076923077
HRAD;UTI;2021,0;8,0;17,0;16,0;17,0;1,0;0,9411764705882353
HRAD;UTI;2021,0;9,0;20,0;18,0;20,0;1,0;0,9
HRAD;UTI;2021,0;10,0;12,0;12,0;17,0;0,7058823529411765;0,7058823529411765
HRAD;UTI;2021,0;11,0;9,0;9,0;9,0;1,0;1,0
HRAD;UTI;2021,0;12,0;9,0;8,0;12,0;0,75;0,6666666666666666
HRAD;UTI;2022,0;1,0;12,0;11,0;16,0;0,75;0,6875
HRAD;UTI;2022,0;2,0;11,0;11,0;14,0;0,7857142857142857;0,7857142857142857
HRAD;UTI;2022,0;3,0;10,0;9,0;11,0;0,9090909090909091;0,8181818181818182
HRAD;UTI;2022,0;4,0;16,0;14,0;20,0;0,8;0,7
HRAD;UTI;2022,0;5,0;11,0;10,0;12,0;0,9166666666666666;0,8333333333333334
HRAD;UTI;2022,0;6,0;2,0;2,0;2,0;1,0;1,0
HRAD;UTI;2022,0;7,0;6,0;4,0;6,0;1,0;0,6666666666666666
HRAD;UTI;2022,0;8,0;12,0;10,0;12,0;1,0;0,8333333333333334
HRAD;UTI;2022,0;9,0;12,0;12,0;13,0;0,9230769230769231;0,9230769230769231
HRAD;UTI - ADULTO;2022,0;10,0;11,0;11,0;11,0;1,0;1,0
HRAD;UTI - ADULTO;2022,0;11,0;10,0;10,0;13,0;0,7692307692307693;0,7692307692307693
HRAD;UTI - ADULTO;2022,0;12,0;15,0;14,0;16,0;0,9375;0,875
HRAD;UTI - ADULTO;2023,0;1,0;13,0;11,0;15,0;0,8666666666666667;0,7333333333333333
HRAD;UTI - ADULTO;2023,0;2,0;11,0;11,0;12,0;0,9166666666666666;0,9166666666666666
HRAD;UTI - ADULTO;2023,0;3,0;16,0;16,0;17,0;0,9411764705882353;0,9411764705882353
HRAD;UTI - ADULTO;2023,0;4,0;17,0;16,0;18,0;0,9444444444444444;0,8888888888888888
HRAD;UTI - ADULTO;2023,0;5,0;10,0;10,0;12,0;0,8333333333333334;0,8333333333333334
HRAD;UTI - ADULTO;2023,0;6,0;8,0;8,0;10,0;0,8;0,8
HRAD;UTI - ADULTO;2023,0;7,0;6,0;6,0;6,0;1,0;1,0
HRAD;UTI - ADULTO;2023,0;8,0;12,0;12,0;13,0;0,9230769230769231;0,9230769230769231
HRAD;UTI - ADULTO;2023,0;9,0;7,0;7,0;9,0;0,7777777777777778;0,7777777777777778
HRAD;UTI - ADULTO;2023,0;10,0;12,0;11,0;17,0;0,7058823529411765;0,6470588235294118
HRAD;UTI - ADULTO;2023,0;11,0;16,0;15,0;16,0;1,0;0,9375
HRAD;UTI - ADULTO;2023,0;12,0;14,0;14,0;16,0;0,875;0,875
HRAD;UTI - ADULTO;2024,0;1,0;10,0;10,0;12,0;0,8333333333333334;0,8333333333333334
HRAD;UTI - ADULTO;2024,0;2,0;5,0;4,0;6,0;0,8333333333333334;0,6666666666666666
HRAD;UTI - ADULTO;2024,0;3,0;10,0;10,0;11,0;0,9090909090909091;0,9090909090909091
HRAD;UTI - ADULTO;2024,0;4,0;14,0;13,0;15,0;0,9333333333333333;0,8666666666666667
HRAD;UTI - ADULTO;2024,0;5,0;5,0;5,0;5,0;1,0;1,0
HRAD;UTI - ADULTO;2024,0;6,0;11,0;11,0;12,0;0,9166666666666666;0,9166666666666666
HRAD;UTI - ADULTO;2024,0;7,0;18,0;16,0;18,0;1,0;0,8888888888888888
HRAD;UTI - ADULTO;2024,0;8,0;15,0;15,0;17,0;0,8823529411764706;0,8823529411764706
HRAD;UTI - ADULTO;2024,0;9,0;8,0;7,0;11,0;0,7272727272727273;0,6363636363636364
HRAD;UTI - ADULTO;2024,0;10,0;13,0;11,0;15,0;0,8666666666666667;0,7333333333333333
HRAD;UTI - ADULTO;2024,0;11,0;10,0;9,0;10,0;1,0;0,9
HRAD;UTI - ADULTO;2024,0;12,0;9,0;8,0;9,0;1,0;0,8888888888888888
HRAD;UTI - ADULTO;2025,0;1,0;5,0;4,0;5,0;1,0;0,8
HRAD;UTI - ADULTO;2025,0;2,0;14,0;13,0;15,0;0,9333333333333333;0,8666666666666667
HRAD;UTI - ADULTO;2025,0;3,0;7,0;6,0;8,0;0,875;0,75
HRAD;UTI - ADULTO;2025,0;4,0;11,0;10,0;13,0;0,8461538461538461;0,7692307692307693
HRAD;UTI - ADULTO;2025,0;5,0;9,0;9,0;9,0;1,0;1,0
HRAD;UTI - ADULTO;2025,0;6,0;12,0;12,0;13,0;0,9230769230769231;0,9230769230769231
HRAD;UTI - ADULTO;2025,0;7,0;10,0;10,0;10,0;1,0;1,0
HRAD;UTI - ADULTO;2025,0;8,0;6,0;6,0;6,0;1,0;1,0
HRAD;UTI - ADULTO;2025,0;9,0;9,0;8,0;11,0;0,8181818181818182;0,7272727272727273
HRAD;UTI - ADULTO;2025,0;10,0;11,0;10,0;11,0;1,0;0,9090909090909091
HRAD;UTI - ADULTO;2025,0;11,0;16,0;15,0;18,0;0,8888888888888888;0,8333333333333334
HRAD;UTI - ADULTO;2025,0;12,0;6,0;6,0;8,0;0,75;0,75
HRAD;UTI - ADULTO;2026,0;1,0;10,0;10,0;12,0;0,8333333333333334;0,8333333333333334
HRAD;UTI - ADULTO;2026,0;2,0;6,0;6,0;7,0;0,8571428571428571;0,8571428571428571
HRAD;UTI - ADULTO;2026,0;3,0;8,0;8,0;10,0;0,8;0,8
HRAD;UTI - ADULTO;2026,0;4,0;12,0;11,0;13,0;0,9230769230769231;0,8461538461538461
HRAD;UTI - ADULTO;2026,0;5,0;10,0;9,0;10,0;1,0;0,9
HRAD;UTI - ADULTO;2026,0;6,0;8,0;8,0;10,0;0,8;0,8
HRAD;UTI - ADULTO;2026,0;7,0;9,0;9,0;9,0;1,0;1,0
HRAD;UTI - ADULTO;2026,0;8,0;13,0;13,0;14,0;0,9285714285714286;0,9285714285714286
HRAD;UTI - NEONATAL;2019,0;1,0;1,0;1,0;2,0;0,5;0,5
HRAD;UTI - NEONATAL;2019,0;2,0;1,0;1,0;1,0;1,0;1,0
HRAD;UTI - NEONATAL;2019,0;3,0;1,0;1,0;1,0;1,0;1,0
HRAD;UTI - NEONATAL;2019,0;4,0;2,0;2,0;3,0;0,6666666666666666;0,6666666666666666
HRAD;UTI - NEONATAL;2019,0;5,0;2,0;2,0;2,0;1,0;1,0
HRAD;UTI - NEONATAL;2019,0;6,0;2,0;2,0;3,0;0,6666666666666666;0,6666666666666666
HRAD;UTI - NEONATAL;2019,0;7,0;1,0;1,0;4,0;0,25;0,25
HRAD;UTI - NEONATAL;2019,0;8,0;1,0;1,0;2,0;0,5;0,5
HRAD;UTI - NEONATAL;2019,0;10,0;0,0;0,0;1,0;0,0;0,0
HRAD;UTI - NEONATAL;2019,0;11,0;3,0;3,0;5,0;0,6;0,6
HRAD;UTI - NEONATAL;2019,0;12,0;2,0;2,0;2,0;1,0;1,0
HRAD;UTI - NEONATAL;2020,0;1,0;1,0;1,0;1,0;1,0;1,0
HRAD;UTI - NEONATAL;2020,0;2,0;1,0;1,0;1,0;1,0;1,0
HRAD;UTI - NEONATAL;2020,0;3,0;3,0;1,0;4,0;0,75;0,25
HRAD;UTI - NEONATAL;2020,0;4,0;0,0;0,0;1,0;0,0;0,0
HRAD;UTI - NEONATAL;2020,0;5,0;2,0;2,0;2,0;1,0;1,0
HRAD;UTI - NEONATAL;2020,0;6,0;1,0;1,0;2,0;0,5;0,5
HRAD;UTI - NEONATAL;2020,0;7,0;1,0;1,0;1,0;1,0;1,0
HRAD;UTI - NEONATAL;2020,0;8,0;3,0;3,0;5,0;0,6;0,6
HRAD;UTI - NEONATAL;2020,0;9,0;3,0;2,0;3,0;1,0;0,6666666666666666
HRAD;UTI - NEONATAL;2020,0;10,0;3,0;3,0;4,0;0,75;0,75
HRAD;UTI - NEONATAL;2020,0;11,0;1,0;1,0;1,0;1,0;1,0
HRAD;UTI - NEONATAL;2020,0;12,0;1,0;1,0;3,0;0,3333333333333333;0,3333333333333333
HRAD;UTI - NEONATAL;2021,0;1,0;2,0;2,0;2,0;1,0;1,0
HRAD;UTI - NEONATAL;2021,0;2,0;2,0;2,0;2,0;1,0;1,0
HRAD;UTI - NEONATAL;2021,0;3,0;3,0;2,0;7,0;0,42857142857142855;0,2857142857142857
HRAD;UTI - NEONATAL;2021,0;4,0;0,0;0,0;3,0;0,0;0,0
HRAD;UTI - NEONATAL;2021,0;6,0;0,0;0,0;4,0;0,0;0,0
HRAD;UTI - NEONATAL;2021,0;7,0;1,0;0,0;2,0;0,5;0,0
HRAD;UTI - NEONATAL;2021,0;8,0;1,0;1,0;1,0;1,0;1,0
HRAD;UTI - NEONATAL;2021,0;10,0;1,0;1,0;2,0;0,5;0,5
HRAD;UTI - NEONATAL;2021,0;11,0;1,0;1,0;2,0;0,5;0,5
HRAD;UTI - NEONATAL;2021,0;12,0;1,0;1,0;1,0;1,0;1,0
HRAD;UTI - NEONATAL;2022,0;1,0;2,0;2,0;5,0;0,4;0,4
HRAD;UTI - NEONATAL;2022,0;2,0;0,0;0,0;2,0;0,0;0,0
HRAD;UTI - NEONATAL;2022,0;3,0;3,0;3,0;5,0;0,6;0,6
HRAD;UTI - NEONATAL;2022,0;4,0;1,0;0,0;2,0;0,5;0,0
HRAD;UTI - NEONATAL;2022,0;5,0;2,0;2,0;3,0;0,6666666666666666;0,6666666666666666
HRAD;UTI - NEONATAL;2022,0;6,0;3,0;3,0;4,0;0,75;0,75
HRAD;UTI - NEONATAL;2022,0;8,0;1,0;1,0;8,0;0,125;0,125
HRAD;UTI - NEONATAL;2022,0;9,0;2,0;2,0;2,0;1,0;1,0
HRAD;UTI - NEONATAL;2022,0;10,0;1,0;0,0;2,0;0,5;0,0
HRAD;UTI - NEONATAL;2022,0;11,0;2,0;2,0;5,0;0,4;0,4
HRAD;UTI - NEONATAL;2022,0;12,0;2,0;2,0;6,0;0,3333333333333333;0,3333333333333333
HRAD;UTI - NEONATAL;2023,0;1,0;4,0;3,0;4,0;1,0;0,75
HRAD;UTI - NEONATAL;2023,0;2,0;0,0;0,0;1,0;0,0;0,0
HRAD;UTI - NEONATAL;2023,0;3,0;2,0;2,0;2,0;1,0;1,0
HRAD;UTI - NEONATAL;2023,0;4,0;1,0;0,0;1,0;1,0;0,0
HRAD;UTI - NEONATAL;2023,0;5,0;3,0;3,0;3,0;1,0;1,0
HRAD;UTI - NEONATAL;2023,0;6,0;2,0;2,0;3,0;0,6666666666666666;0,6666666666666666
HRAD;UTI - NEONATAL;2023,0;7,0;1,0;1,0;1,0;1,0;1,0
HRAD;UTI - NEONATAL;2023,0;8,0;2,0;2,0;3,0;0,6666666666666666;0,6666666666666666
HRAD;UTI - NEONATAL;2023,0;9,0;1,0;1,0;3,0;0,3333333333333333;0,3333333333333333
HRAD;UTI - NEONATAL;2023,0;10,0;1,0;1,0;3,0;0,3333333333333333;0,3333333333333333
HRAD;UTI - NEONATAL;2023,0;12,0;2,0;2,0;3,0;0,6666666666666666;0,6666666666666666
HRAD;UTI - NEONATAL;2024,0;1,0;2,0;2,0;3,0;0,6666666666666666;0,6666666666666666
HRAD;UTI - NEONATAL;2024,0;2,0;2,0;2,0;3,0;0,6666666666666666;0,6666666666666666
HRAD;UTI - NEONATAL;2024,0;3,0;0,0;0,0;1,0;0,0;0,0
HRAD;UTI - NEONATAL;2024,0;4,0;1,0;1,0;1,0;1,0;1,0
HRAD;UTI - NEONATAL;2024,0;5,0;2,0;2,0;3,0;0,6666666666666666;0,6666666666666666
HRAD;UTI - NEONATAL;2024,0;6,0;2,0;2,0;2,0;1,0;1,0
HRAD;UTI - NEONATAL;2024,0;7,0;2,0;1,0;2,0;1,0;0,5
HRAD;UTI - NEONATAL;2024,0;8,0;1,0;1,0;1,0;1,0;1,0
HRAD;UTI - NEONATAL;2024,0;9,0;2,0;2,0;5,0;0,4;0,4
HRAD;UTI - NEONATAL;2024,0;10,0;3,0;3,0;3,0;1,0;1,0
HRAD;UTI - NEONATAL;2024,0;11,0;4,0;2,0;4,0;1,0;0,5
HRAD;UTI - NEONATAL;2024,0;12,0;5,0;3,0;5,0;1,0;0,6
HRAD;UTI - NEONATAL;2025,0;1,0;3,0;3,0;3,0;1,0;1,0
HRAD;UTI - NEONATAL;2025,0;2,0;1,0;1,0;1,0;1,0;1,0
HRAD;UTI - NEONATAL;2025,0;4,0;2,0;2,0;2,0;1,0;1,0
HRAD;UTI - NEONATAL;2025,0;5,0;1,0;0,0;1,0;1,0;0,0
HRAD;UTI - NEONATAL;2025,0;6,0;2,0;1,0;3,0;0,6666666666666666;0,3333333333333333
HRAD;UTI - NEONATAL;2025,0;7,0;5,0;5,0;5,0;1,0;1,0
HRAD;UTI - NEONATAL;2025,0;8,0;1,0;1,0;1,0;1,0;1,0
HRAD;UTI - NEONATAL;2025,0;9,0;0,0;0,0;2,0;0,0;0,0
HRAD;UTI - NEONATAL;2025,0;11,0;3,0;3,0;3,0;1,0;1,0
HRAD;UTI - NEONATAL;2025,0;12,0;3,0;2,0;3,0;1,0;0,6666666666666666
HRAD;UTI - NEONATAL;2026,0;1,0;0,0;0,0;1,0;0,0;0,0
HRAD;UTI - NEONATAL;2026,0;2,0;4,0;4,0;4,0;1,0;1,0
HRAD;UTI - NEONATAL;2026,0;3,0;3,0;2,0;3,0;1,0;0,6666666666666666
HRAD;UTI - NEONATAL;2026,0;4,0;3,0;3,0;3,0;1,0;1,0
HRAD;UTI - NEONATAL;2026,0;5,0;3,0;3,0;3,0;1,0;1,0
HRAD;UTI - NEONATAL;2026,0;6,0;2,0;2,0;2,0;1,0;1,0
HRAD;UTIN;2026,0;6,0;1,0;1,0;2,0;0,5;0,5
HRAD;UTIN;2026,0;7,0;3,0;2,0;5,0;0,6;0,4
HRAD;UTIN;2026,0;8,0;1,0;0,0;3,0;0,3333333333333333;0,0
HRBJA;BOARDING/HRB/CHB;2026,0;3,0;1,0;1,0;3,0;0,3333333333333333;0,3333333333333333
HRBJA;BOARDING/HRB/CHB;2026,0;4,0;0,0;0,0;1,0;0,0;0,0
HRBJA;BOARDING/HRB/CHB;2026,0;5,0;0,0;0,0;4,0;0,0;0,0
HRBJA;BOARDING/HRB/CHB;2026,0;6,0;0,0;0,0;1,0;0,0;0,0
HRBJA;BOARDING/HRB/CHB;2026,0;7,0;0,0;0,0;2,0;0,0;0,0
HRBJA;BOARDING/HRB/CHB;2026,0;8,0;1,0;1,0;4,0;0,25;0,25
HRBJA;CLINICA CIRURGICA/HRB/CHB;2024,0;6,0;0,0;0,0;20,0;0,0;0,0
HRBJA;CLINICA CIRURGICA/HRB/CHB;2024,0;7,0;1,0;1,0;80,0;0,0125;0,0125
HRBJA;CLINICA CIRURGICA/HRB/CHB;2024,0;8,0;2,0;2,0;100,0;0,02;0,02
HRBJA;CLINICA CIRURGICA/HRB/CHB;2024,0;9,0;1,0;1,0;81,0;0,012345679012345678;0,012345679012345678
HRBJA;CLINICA CIRURGICA/HRB/CHB;2024,0;10,0;1,0;1,0;101,0;0,009900990099009901;0,009900990099009901
HRBJA;CLINICA CIRURGICA/HRB/CHB;2024,0;11,0;0,0;0,0;101,0;0,0;0,0
HRBJA;CLINICA CIRURGICA/HRB/CHB;2024,0;12,0;1,0;1,0;119,0;0,008403361344537815;0,008403361344537815
HRBJA;CLINICA CIRURGICA/HRB/CHB;2025,0;1,0;0,0;0,0;114,0;0,0;0,0
HRBJA;CLINICA CIRURGICA/HRB/CHB;2025,0;2,0;1,0;1,0;93,0;0,010752688172043012;0,010752688172043012
HRBJA;CLINICA CIRURGICA/HRB/CHB;2025,0;3,0;2,0;2,0;93,0;0,021505376344086023;0,021505376344086023
HRBJA;CLINICA CIRURGICA/HRB/CHB;2025,0;4,0;1,0;1,0;107,0;0,009345794392523364;0,009345794392523364
HRBJA;CLINICA CIRURGICA/HRB/CHB;2025,0;5,0;1,0;1,0;115,0;0,008695652173913044;0,008695652173913044
HRBJA;CLINICA CIRURGICA/HRB/CHB;2025,0;6,0;1,0;1,0;104,0;0,009615384615384616;0,009615384615384616
HRBJA;CLINICA CIRURGICA/HRB/CHB;2025,0;7,0;1,0;1,0;108,0;0,009259259259259259;0,009259259259259259
HRBJA;CLINICA CIRURGICA/HRB/CHB;2025,0;8,0;1,0;1,0;117,0;0,008547008547008548;0,008547008547008548
HRBJA;CLINICA CIRURGICA/HRB/CHB;2025,0;9,0;3,0;3,0;96,0;0,03125;0,03125
HRBJA;CLINICA CIRURGICA/HRB/CHB;2025,0;10,0;4,0;4,0;91,0;0,04395604395604396;0,04395604395604396
HRBJA;CLINICA CIRURGICA/HRB/CHB;2025,0;11,0;0,0;0,0;91,0;0,0;0,0
HRBJA;CLINICA CIRURGICA/HRB/CHB;2025,0;12,0;1,0;1,0;113,0;0,008849557522123894;0,008849557522123894
HRBJA;CLINICA CIRURGICA/HRB/CHB;2026,0;1,0;3,0;3,0;117,0;0,02564102564102564;0,02564102564102564
HRBJA;CLINICA CIRURGICA/HRB/CHB;2026,0;2,0;1,0;1,0;137,0;0,0072992700729927005;0,0072992700729927005
HRBJA;CLINICA CIRURGICA/HRB/CHB;2026,0;3,0;4,0;4,0;180,0;0,022222222222222223;0,022222222222222223
HRBJA;CLINICA CIRURGICA/HRB/CHB;2026,0;4,0;0,0;0,0;158,0;0,0;0,0
HRBJA;CLINICA CIRURGICA/HRB/CHB;2026,0;5,0;4,0;4,0;165,0;0,024242424242424242;0,024242424242424242
HRBJA;CLINICA CIRURGICA/HRB/CHB;2026,0;6,0;5,0;5,0;154,0;0,032467532467532464;0,032467532467532464
HRBJA;CLINICA CIRURGICA/HRB/CHB;2026,0;7,0;5,0;5,0;175,0;0,02857142857142857;0,02857142857142857
HRBJA;CLINICA CIRURGICA/HRB/CHB;2026,0;8,0;4,0;4,0;129,0;0,031007751937984496;0,031007751937984496
HRBJA;CLINICA MEDICA/HRB/CHB;2024,0;6,0;1,0;1,0;10,0;0,1;0,1
HRBJA;CLINICA MEDICA/HRB/CHB;2024,0;7,0;14,0;14,0;75,0;0,18666666666666668;0,18666666666666668
HRBJA;CLINICA MEDICA/HRB/CHB;2024,0;8,0;13,0;13,0;80,0;0,1625;0,1625
HRBJA;CLINICA MEDICA/HRB/CHB;2024,0;9,0;13,0;13,0;83,0;0,1566265060240964;0,1566265060240964
HRBJA;CLINICA MEDICA/HRB/CHB;2024,0;10,0;5,0;4,0;57,0;0,08771929824561403;0,07017543859649122
HRBJA;CLINICA MEDICA/HRB/CHB;2024,0;11,0;7,0;7,0;94,0;0,07446808510638298;0,07446808510638298
HRBJA;CLINICA MEDICA/HRB/CHB;2024,0;12,0;5,0;5,0;114,0;0,043859649122807015;0,043859649122807015
HRBJA;CLINICA MEDICA/HRB/CHB;2025,0;1,0;15,0;14,0;111,0;0,13513513513513514;0,12612612612612611
HRBJA;CLINICA MEDICA/HRB/CHB;2025,0;2,0;12,0;12,0;88,0;0,13636363636363635;0,13636363636363635
HRBJA;CLINICA MEDICA/HRB/CHB;2025,0;3,0;4,0;4,0;99,0;0,04040404040404041;0,04040404040404041
HRBJA;CLINICA MEDICA/HRB/CHB;2025,0;4,0;9,0;9,0;103,0;0,08737864077669903;0,08737864077669903
HRBJA;CLINICA MEDICA/HRB/CHB;2025,0;5,0;11,0;10,0;106,0;0,10377358490566038;0,09433962264150944
HRBJA;CLINICA MEDICA/HRB/CHB;2025,0;6,0;9,0;9,0;110,0;0,08181818181818182;0,08181818181818182
HRBJA;CLINICA MEDICA/HRB/CHB;2025,0;7,0;9,0;9,0;111,0;0,08108108108108109;0,08108108108108109
HRBJA;CLINICA MEDICA/HRB/CHB;2025,0;8,0;9,0;9,0;88,0;0,10227272727272728;0,10227272727272728
HRBJA;CLINICA MEDICA/HRB/CHB;2025,0;9,0;7,0;7,0;81,0;0,08641975308641975;0,08641975308641975
HRBJA;CLINICA MEDICA/HRB/CHB;2025,0;10,0;13,0;13,0;84,0;0,15476190476190477;0,15476190476190477
HRBJA;CLINICA MEDICA/HRB/CHB;2025,0;11,0;12,0;12,0;93,0;0,12903225806451613;0,12903225806451613
HRBJA;CLINICA MEDICA/HRB/CHB;2025,0;12,0;6,0;6,0;79,0;0,0759493670886076;0,0759493670886076
HRBJA;CLINICA MEDICA/HRB/CHB;2026,0;1,0;4,0;4,0;86,0;0,046511627906976744;0,046511627906976744
HRBJA;CLINICA MEDICA/HRB/CHB;2026,0;2,0;7,0;7,0;92,0;0,07608695652173914;0,07608695652173914
HRBJA;CLINICA MEDICA/HRB/CHB;2026,0;3,0;5,0;5,0;60,0;0,08333333333333333;0,08333333333333333
HRBJA;CLINICA MEDICA/HRB/CHB;2026,0;4,0;7,0;7,0;40,0;0,175;0,175
HRBJA;CLINICA MEDICA/HRB/CHB;2026,0;5,0;4,0;4,0;39,0;0,10256410256410256;0,10256410256410256
HRBJA;CLINICA MEDICA/HRB/CHB;2026,0;6,0;5,0;5,0;66,0;0,07575757575757576;0,07575757575757576
HRBJA;CLINICA MEDICA/HRB/CHB;2026,0;7,0;3,0;3,0;41,0;0,07317073170731707;0,07317073170731707
HRBJA;CLINICA MEDICA/HRB/CHB;2026,0;8,0;3,0;3,0;43,0;0,06976744186046512;0,06976744186046512
HRBJA;PRONTO ATENDIMENTO;2020,0;6,0;2,0;1,0;6,0;0,3333333333333333;0,16666666666666666
HRBJA;TRAUMATO-ORTOPEDIA CIRURGICA/CHPB/CHB;2024,0;6,0;0,0;0,0;3,0;0,0;0,0
HRBJA;TRAUMATO-ORTOPEDIA CIRURGICA/CHPB/CHB;2024,0;7,0;0,0;0,0;9,0;0,0;0,0
HRBJA;TRAUMATO-ORTOPEDIA CIRURGICA/CHPB/CHB;2024,0;8,0;0,0;0,0;10,0;0,0;0,0
HRBJA;TRAUMATO-ORTOPEDIA CIRURGICA/CHPB/CHB;2024,0;9,0;0,0;0,0;9,0;0,0;0,0
HRBJA;TRAUMATO-ORTOPEDIA CIRURGICA/CHPB/CHB;2024,0;10,0;0,0;0,0;9,0;0,0;0,0
HRBJA;TRAUMATO-ORTOPEDIA CIRURGICA/CHPB/CHB;2024,0;11,0;1,0;1,0;13,0;0,07692307692307693;0,07692307692307693
HRBJA;TRAUMATO-ORTOPEDIA CIRURGICA/CHPB/CHB;2024,0;12,0;0,0;0,0;13,0;0,0;0,0
HRBJA;TRAUMATO-ORTOPEDIA CIRURGICA/CHPB/CHB;2025,0;1,0;0,0;0,0;15,0;0,0;0,0
HRBJA;TRAUMATO-ORTOPEDIA CIRURGICA/CHPB/CHB;2025,0;2,0;0,0;0,0;7,0;0,0;0,0
HRBJA;TRAUMATO-ORTOPEDIA CIRURGICA/CHPB/CHB;2025,0;3,0;0,0;0,0;11,0;0,0;0,0
HRBJA;TRAUMATO-ORTOPEDIA CIRURGICA/CHPB/CHB;2025,0;4,0;0,0;0,0;3,0;0,0;0,0
HRBJA;TRAUMATO-ORTOPEDIA CIRURGICA/CHPB/CHB;2025,0;5,0;0,0;0,0;9,0;0,0;0,0
HRBJA;TRAUMATO-ORTOPEDIA CIRURGICA/CHPB/CHB;2025,0;6,0;0,0;0,0;9,0;0,0;0,0
HRBJA;TRAUMATO-ORTOPEDIA CIRURGICA/CHPB/CHB;2025,0;7,0;0,0;0,0;10,0;0,0;0,0
HRBJA;TRAUMATO-ORTOPEDIA CIRURGICA/CHPB/CHB;2025,0;8,0;0,0;0,0;17,0;0,0;0,0
HRBJA;TRAUMATO-ORTOPEDIA CIRURGICA/CHPB/CHB;2025,0;9,0;0,0;0,0;10,0;0,0;0,0
HRBJA;TRAUMATO-ORTOPEDIA CIRURGICA/CHPB/CHB;2025,0;10,0;0,0;0,0;4,0;0,0;0,0
HRBJA;TRAUMATO-ORTOPEDIA CIRURGICA/CHPB/CHB;2025,0;11,0;0,0;0,0;5,0;0,0;0,0
HRBJA;TRAUMATO-ORTOPEDIA CIRURGICA/CHPB/CHB;2025,0;12,0;0,0;0,0;9,0;0,0;0,0
HRBJA;TRAUMATO-ORTOPEDIA CIRURGICA/CHPB/CHB;2026,0;1,0;1,0;1,0;8,0;0,125;0,125
HRBJA;TRAUMATO-ORTOPEDIA CIRURGICA/CHPB/CHB;2026,0;2,0;0,0;0,0;9,0;0,0;0,0
HRBJA;TRAUMATO-ORTOPEDIA CIRURGICA/CHPB/CHB;2026,0;3,0;0,0;0,0;30,0;0,0;0,0
HRBJA;TRAUMATO-ORTOPEDIA CIRURGICA/CHPB/CHB;2026,0;4,0;0,0;0,0;19,0;0,0;0,0
HRBJA;TRAUMATO-ORTOPEDIA CIRURGICA/CHPB/CHB;2026,0;5,0;0,0;0,0;21,0;0,0;0,0
HRBJA;TRAUMATO-ORTOPEDIA CIRURGICA/CHPB/CHB;2026,0;6,0;0,0;0,0;34,0;0,0;0,0
HRBJA;TRAUMATO-ORTOPEDIA CIRURGICA/CHPB/CHB;2026,0;7,0;0,0;0,0;25,0;0,0;0,0
HRBJA;TRAUMATO-ORTOPEDIA CIRURGICA/CHPB/CHB;2026,0;8,0;0,0;0,0;28,0;0,0;0,0
HRBJA;UAVC-AGUDO/HRB/CHB;2026,0;3,0;0,0;0,0;9,0;0,0;0,0
HRBJA;UAVC-AGUDO/HRB/CHB;2026,0;4,0;0,0;0,0;12,0;0,0;0,0
HRBJA;UAVC-AGUDO/HRB/CHB;2026,0;5,0;1,0;0,0;13,0;0,07692307692307693;0,0
HRBJA;UAVC-AGUDO/HRB/CHB;2026,0;6,0;0,0;0,0;13,0;0,0;0,0
HRBJA;UAVC-AGUDO/HRB/CHB;2026,0;7,0;0,0;0,0;10,0;0,0;0,0
HRBJA;UAVC-AGUDO/HRB/CHB;2026,0;8,0;2,0;2,0;14,0;0,14285714285714285;0,14285714285714285
HRBJA;UCR-CIRURGICA/HRB/CHB;2026,0;2,0;0,0;0,0;1,0;0,0;0,0
HRBJA;UCR-CIRURGICA/HRB/CHB;2026,0;3,0;0,0;0,0;25,0;0,0;0,0
HRBJA;UCR-CIRURGICA/HRB/CHB;2026,0;4,0;0,0;0,0;28,0;0,0;0,0
HRBJA;UCR-CIRURGICA/HRB/CHB;2026,0;5,0;0,0;0,0;30,0;0,0;0,0
HRBJA;UCR-CIRURGICA/HRB/CHB;2026,0;6,0;0,0;0,0;23,0;0,0;0,0
HRBJA;UCR-CIRURGICA/HRB/CHB;2026,0;7,0;0,0;0,0;20,0;0,0;0,0
HRBJA;UCR-CIRURGICA/HRB/CHB;2026,0;8,0;0,0;0,0;32,0;0,0;0,0
HRBJA;UNIDADE INTERNAÇÃO - CLINICA CIRURGICA;2019,0;1,0;2,0;2,0;69,0;0,028985507246376812;0,028985507246376812
HRBJA;UNIDADE INTERNAÇÃO - CLINICA CIRURGICA;2019,0;2,0;2,0;1,0;66,0;0,030303030303030304;0,015151515151515152
HRBJA;UNIDADE INTERNAÇÃO - CLINICA CIRURGICA;2019,0;3,0;0,0;0,0;76,0;0,0;0,0
HRBJA;UNIDADE INTERNAÇÃO - CLINICA CIRURGICA;2019,0;4,0;5,0;5,0;84,0;0,05952380952380952;0,05952380952380952
HRBJA;UNIDADE INTERNAÇÃO - CLINICA CIRURGICA;2019,0;5,0;4,0;4,0;77,0;0,05194805194805195;0,05194805194805195
HRBJA;UNIDADE INTERNAÇÃO - CLINICA CIRURGICA;2019,0;6,0;0,0;0,0;65,0;0,0;0,0
HRBJA;UNIDADE INTERNAÇÃO - CLINICA CIRURGICA;2019,0;7,0;0,0;0,0;69,0;0,0;0,0
HRBJA;UNIDADE INTERNAÇÃO - CLINICA CIRURGICA;2019,0;8,0;1,0;1,0;69,0;0,014492753623188406;0,014492753623188406
HRBJA;UNIDADE INTERNAÇÃO - CLINICA CIRURGICA;2019,0;9,0;0,0;0,0;57,0;0,0;0,0
HRBJA;UNIDADE INTERNAÇÃO - CLINICA CIRURGICA;2019,0;10,0;1,0;1,0;83,0;0,012048192771084338;0,012048192771084338
HRBJA;UNIDADE INTERNAÇÃO - CLINICA CIRURGICA;2019,0;11,0;1,0;1,0;82,0;0,012195121951219513;0,012195121951219513
HRBJA;UNIDADE INTERNAÇÃO - CLINICA CIRURGICA;2019,0;12,0;0,0;0,0;62,0;0,0;0,0
HRBJA;UNIDADE INTERNAÇÃO - CLINICA CIRURGICA;2020,0;1,0;4,0;4,0;85,0;0,047058823529411764;0,047058823529411764
HRBJA;UNIDADE INTERNAÇÃO - CLINICA CIRURGICA;2020,0;2,0;2,0;2,0;51,0;0,0392156862745098;0,0392156862745098
HRBJA;UNIDADE INTERNAÇÃO - CLINICA CIRURGICA;2020,0;3,0;1,0;1,0;65,0;0,015384615384615385;0,015384615384615385
HRBJA;UNIDADE INTERNAÇÃO - CLINICA CIRURGICA;2020,0;4,0;1,0;1,0;63,0;0,015873015873015872;0,015873015873015872
HRBJA;UNIDADE INTERNAÇÃO - CLINICA CIRURGICA;2020,0;5,0;0,0;0,0;68,0;0,0;0,0
HRBJA;UNIDADE INTERNAÇÃO - CLINICA CIRURGICA;2020,0;6,0;0,0;0,0;75,0;0,0;0,0
HRBJA;UNIDADE INTERNAÇÃO - CLINICA CIRURGICA;2020,0;7,0;1,0;1,0;92,0;0,010869565217391304;0,010869565217391304
HRBJA;UNIDADE INTERNAÇÃO - CLINICA CIRURGICA;2020,0;8,0;2,0;2,0;91,0;0,02197802197802198;0,02197802197802198
HRBJA;UNIDADE INTERNAÇÃO - CLINICA CIRURGICA;2020,0;9,0;1,0;1,0;90,0;0,011111111111111112;0,011111111111111112
HRBJA;UNIDADE INTERNAÇÃO - CLINICA CIRURGICA;2020,0;10,0;0,0;0,0;81,0;0,0;0,0
HRBJA;UNIDADE INTERNAÇÃO - CLINICA CIRURGICA;2020,0;11,0;1,0;1,0;62,0;0,016129032258064516;0,016129032258064516
HRBJA;UNIDADE INTERNAÇÃO - CLINICA CIRURGICA;2020,0;12,0;0,0;0,0;65,0;0,0;0,0
HRBJA;UNIDADE INTERNAÇÃO - CLINICA CIRURGICA;2021,0;1,0;0,0;0,0;48,0;0,0;0,0
HRBJA;UNIDADE INTERNAÇÃO - CLINICA CIRURGICA;2021,0;2,0;0,0;0,0;57,0;0,0;0,0
HRBJA;UNIDADE INTERNAÇÃO - CLINICA CIRURGICA;2021,0;3,0;0,0;0,0;64,0;0,0;0,0
HRBJA;UNIDADE INTERNAÇÃO - CLINICA CIRURGICA;2021,0;4,0;2,0;2,0;64,0;0,03125;0,03125
HRBJA;UNIDADE INTERNAÇÃO - CLINICA CIRURGICA;2021,0;5,0;1,0;1,0;86,0;0,011627906976744186;0,011627906976744186
HRBJA;UNIDADE INTERNAÇÃO - CLINICA CIRURGICA;2021,0;6,0;1,0;1,0;64,0;0,015625;0,015625
HRBJA;UNIDADE INTERNAÇÃO - CLINICA CIRURGICA;2021,0;7,0;4,0;4,0;74,0;0,05405405405405406;0,05405405405405406
HRBJA;UNIDADE INTERNAÇÃO - CLINICA CIRURGICA;2021,0;8,0;1,0;0,0;72,0;0,013888888888888888;0,0
HRBJA;UNIDADE INTERNAÇÃO - CLINICA CIRURGICA;2021,0;9,0;1,0;1,0;58,0;0,017241379310344827;0,017241379310344827
HRBJA;UNIDADE INTERNAÇÃO - CLINICA CIRURGICA;2021,0;10,0;3,0;3,0;62,0;0,04838709677419355;0,04838709677419355
HRBJA;UNIDADE INTERNAÇÃO - CLINICA CIRURGICA;2021,0;11,0;1,0;1,0;66,0;0,015151515151515152;0,015151515151515152
HRBJA;UNIDADE INTERNAÇÃO - CLINICA CIRURGICA;2021,0;12,0;0,0;0,0;74,0;0,0;0,0
HRBJA;UNIDADE INTERNAÇÃO - CLINICA CIRURGICA;2022,0;1,0;1,0;1,0;51,0;0,0196078431372549;0,0196078431372549
HRBJA;UNIDADE INTERNAÇÃO - CLINICA CIRURGICA;2022,0;2,0;3,0;3,0;65,0;0,046153846153846156;0,046153846153846156
HRBJA;UNIDADE INTERNAÇÃO - CLINICA CIRURGICA;2022,0;3,0;1,0;1,0;71,0;0,014084507042253521;0,014084507042253521
HRBJA;UNIDADE INTERNAÇÃO - CLINICA CIRURGICA;2022,0;4,0;2,0;2,0;57,0;0,03508771929824561;0,03508771929824561
HRBJA;UNIDADE INTERNAÇÃO - CLINICA CIRURGICA;2022,0;5,0;1,0;1,0;64,0;0,015625;0,015625
HRBJA;UNIDADE INTERNAÇÃO - CLINICA CIRURGICA;2022,0;6,0;2,0;2,0;55,0;0,03636363636363636;0,03636363636363636
HRBJA;UNIDADE INTERNAÇÃO - CLINICA CIRURGICA;2022,0;7,0;2,0;2,0;76,0;0,02631578947368421;0,02631578947368421
HRBJA;UNIDADE INTERNAÇÃO - CLINICA CIRURGICA;2022,0;8,0;0,0;0,0;60,0;0,0;0,0
HRBJA;UNIDADE INTERNAÇÃO - CLINICA CIRURGICA;2022,0;9,0;4,0;4,0;75,0;0,05333333333333334;0,05333333333333334
HRBJA;UNIDADE INTERNAÇÃO - CLINICA CIRURGICA;2022,0;10,0;0,0;0,0;71,0;0,0;0,0
HRBJA;UNIDADE INTERNAÇÃO - CLINICA CIRURGICA;2022,0;11,0;1,0;1,0;56,0;0,017857142857142856;0,017857142857142856
HRBJA;UNIDADE INTERNAÇÃO - CLINICA CIRURGICA;2022,0;12,0;0,0;0,0;66,0;0,0;0,0
HRBJA;UNIDADE INTERNAÇÃO - CLINICA CIRURGICA;2023,0;1,0;1,0;1,0;63,0;0,015873015873015872;0,015873015873015872
HRBJA;UNIDADE INTERNAÇÃO - CLINICA CIRURGICA;2023,0;2,0;0,0;0,0;49,0;0,0;0,0
HRBJA;UNIDADE INTERNAÇÃO - CLINICA CIRURGICA;2023,0;3,0;0,0;0,0;58,0;0,0;0,0
HRBJA;UNIDADE INTERNAÇÃO - CLINICA CIRURGICA;2023,0;4,0;0,0;0,0;65,0;0,0;0,0
HRBJA;UNIDADE INTERNAÇÃO - CLINICA CIRURGICA;2023,0;5,0;0,0;0,0;46,0;0,0;0,0
HRBJA;UNIDADE INTERNAÇÃO - CLINICA CIRURGICA;2023,0;6,0;0,0;0,0;64,0;0,0;0,0
HRBJA;UNIDADE INTERNAÇÃO - CLINICA CIRURGICA;2023,0;7,0;0,0;0,0;56,0;0,0;0,0
HRBJA;UNIDADE INTERNAÇÃO - CLINICA CIRURGICA;2023,0;8,0;1,0;1,0;64,0;0,015625;0,015625
HRBJA;UNIDADE INTERNAÇÃO - CLINICA CIRURGICA;2023,0;9,0;0,0;0,0;68,0;0,0;0,0
HRBJA;UNIDADE INTERNAÇÃO - CLINICA CIRURGICA;2023,0;10,0;0,0;0,0;54,0;0,0;0,0
HRBJA;UNIDADE INTERNAÇÃO - CLINICA CIRURGICA;2023,0;11,0;1,0;1,0;89,0;0,011235955056179775;0,011235955056179775
HRBJA;UNIDADE INTERNAÇÃO - CLINICA CIRURGICA;2023,0;12,0;1,0;1,0;81,0;0,012345679012345678;0,012345679012345678
HRBJA;UNIDADE INTERNAÇÃO - CLINICA CIRURGICA;2024,0;1,0;1,0;1,0;74,0;0,013513513513513514;0,013513513513513514
HRBJA;UNIDADE INTERNAÇÃO - CLINICA CIRURGICA;2024,0;2,0;0,0;0,0;52,0;0,0;0,0
HRBJA;UNIDADE INTERNAÇÃO - CLINICA CIRURGICA;2024,0;3,0;3,0;3,0;65,0;0,046153846153846156;0,046153846153846156
HRBJA;UNIDADE INTERNAÇÃO - CLINICA CIRURGICA;2024,0;4,0;1,0;1,0;62,0;0,016129032258064516;0,016129032258064516
HRBJA;UNIDADE INTERNAÇÃO - CLINICA CIRURGICA;2024,0;5,0;0,0;0,0;97,0;0,0;0,0
HRBJA;UNIDADE INTERNAÇÃO - CLINICA CIRURGICA;2024,0;6,0;0,0;0,0;63,0;0,0;0,0
HRBJA;UNIDADE INTERNAÇÃO - CLINICA MÉDICA;2019,0;1,0;17,0;17,0;110,0;0,15454545454545454;0,15454545454545454
HRBJA;UNIDADE INTERNAÇÃO - CLINICA MÉDICA;2019,0;2,0;9,0;8,0;103,0;0,08737864077669903;0,07766990291262135
HRBJA;UNIDADE INTERNAÇÃO - CLINICA MÉDICA;2019,0;3,0;6,0;6,0;101,0;0,0594059405940594;0,0594059405940594
HRBJA;UNIDADE INTERNAÇÃO - CLINICA MÉDICA;2019,0;4,0;15,0;15,0;109,0;0,13761467889908258;0,13761467889908258
HRBJA;UNIDADE INTERNAÇÃO - CLINICA MÉDICA;2019,0;5,0;9,0;9,0;110,0;0,08181818181818182;0,08181818181818182
HRBJA;UNIDADE INTERNAÇÃO - CLINICA MÉDICA;2019,0;6,0;17,0;17,0;92,0;0,18478260869565216;0,18478260869565216
HRBJA;UNIDADE INTERNAÇÃO - CLINICA MÉDICA;2019,0;7,0;15,0;15,0;107,0;0,14018691588785046;0,14018691588785046
HRBJA;UNIDADE INTERNAÇÃO - CLINICA MÉDICA;2019,0;8,0;24,0;22,0;112,0;0,21428571428571427;0,19642857142857142
HRBJA;UNIDADE INTERNAÇÃO - CLINICA MÉDICA;2019,0;9,0;15,0;14,0;105,0;0,14285714285714285;0,13333333333333333
HRBJA;UNIDADE INTERNAÇÃO - CLINICA MÉDICA;2019,0;10,0;13,0;12,0;116,0;0,11206896551724138;0,10344827586206896
HRBJA;UNIDADE INTERNAÇÃO - CLINICA MÉDICA;2019,0;11,0;8,0;7,0;95,0;0,08421052631578947;0,07368421052631578
HRBJA;UNIDADE INTERNAÇÃO - CLINICA MÉDICA;2019,0;12,0;17,0;16,0;99,0;0,1717171717171717;0,16161616161616163
HRBJA;UNIDADE INTERNAÇÃO - CLINICA MÉDICA;2020,0;1,0;23,0;23,0;101,0;0,22772277227722773;0,22772277227722773
HRBJA;UNIDADE INTERNAÇÃO - CLINICA MÉDICA;2020,0;2,0;16,0;16,0;101,0;0,15841584158415842;0,15841584158415842
HRBJA;UNIDADE INTERNAÇÃO - CLINICA MÉDICA;2020,0;3,0;9,0;9,0;104,0;0,08653846153846154;0,08653846153846154
HRBJA;UNIDADE INTERNAÇÃO - CLINICA MÉDICA;2020,0;4,0;10,0;9,0;91,0;0,10989010989010989;0,0989010989010989
HRBJA;UNIDADE INTERNAÇÃO - CLINICA MÉDICA;2020,0;5,0;14,0;14,0;108,0;0,12962962962962962;0,12962962962962962
HRBJA;UNIDADE INTERNAÇÃO - CLINICA MÉDICA;2020,0;6,0;14,0;13,0;113,0;0,12389380530973451;0,11504424778761062
HRBJA;UNIDADE INTERNAÇÃO - CLINICA MÉDICA;2020,0;7,0;19,0;19,0;124,0;0,1532258064516129;0,1532258064516129
HRBJA;UNIDADE INTERNAÇÃO - CLINICA MÉDICA;2020,0;8,0;15,0;15,0;118,0;0,1271186440677966;0,1271186440677966
HRBJA;UNIDADE INTERNAÇÃO - CLINICA MÉDICA;2020,0;9,0;17,0;16,0;107,0;0,1588785046728972;0,14953271028037382
HRBJA;UNIDADE INTERNAÇÃO - CLINICA MÉDICA;2020,0;10,0;18,0;18,0;113,0;0,1592920353982301;0,1592920353982301
HRBJA;UNIDADE INTERNAÇÃO - CLINICA MÉDICA;2020,0;11,0;15,0;15,0;117,0;0,1282051282051282;0,1282051282051282
HRBJA;UNIDADE INTERNAÇÃO - CLINICA MÉDICA;2020,0;12,0;10,0;9,0;109,0;0,09174311926605505;0,08256880733944955
HRBJA;UNIDADE INTERNAÇÃO - CLINICA MÉDICA;2021,0;1,0;11,0;11,0;109,0;0,10091743119266056;0,10091743119266056
HRBJA;UNIDADE INTERNAÇÃO - CLINICA MÉDICA;2021,0;2,0;6,0;6,0;99,0;0,06060606060606061;0,06060606060606061
HRBJA;UNIDADE INTERNAÇÃO - CLINICA MÉDICA;2021,0;3,0;7,0;6,0;118,0;0,059322033898305086;0,05084745762711865
HRBJA;UNIDADE INTERNAÇÃO - CLINICA MÉDICA;2021,0;4,0;11,0;9,0;129,0;0,08527131782945736;0,06976744186046512
HRBJA;UNIDADE INTERNAÇÃO - CLINICA MÉDICA;2021,0;5,0;11,0;11,0;111,0;0,0990990990990991;0,0990990990990991
HRBJA;UNIDADE INTERNAÇÃO - CLINICA MÉDICA;2021,0;6,0;7,0;7,0;125,0;0,056;0,056
HRBJA;UNIDADE INTERNAÇÃO - CLINICA MÉDICA;2021,0;7,0;7,0;7,0;131,0;0,05343511450381679;0,05343511450381679
HRBJA;UNIDADE INTERNAÇÃO - CLINICA MÉDICA;2021,0;8,0;11,0;11,0;118,0;0,09322033898305085;0,09322033898305085
HRBJA;UNIDADE INTERNAÇÃO - CLINICA MÉDICA;2021,0;9,0;14,0;14,0;118,0;0,11864406779661017;0,11864406779661017
HRBJA;UNIDADE INTERNAÇÃO - CLINICA MÉDICA;2021,0;10,0;9,0;9,0;116,0;0,07758620689655173;0,07758620689655173
HRBJA;UNIDADE INTERNAÇÃO - CLINICA MÉDICA;2021,0;11,0;14,0;13,0;106,0;0,1320754716981132;0,12264150943396226
HRBJA;UNIDADE INTERNAÇÃO - CLINICA MÉDICA;2021,0;12,0;11,0;11,0;112,0;0,09821428571428571;0,09821428571428571
HRBJA;UNIDADE INTERNAÇÃO - CLINICA MÉDICA;2022,0;1,0;15,0;15,0;119,0;0,12605042016806722;0,12605042016806722
HRBJA;UNIDADE INTERNAÇÃO - CLINICA MÉDICA;2022,0;2,0;8,0;7,0;84,0;0,09523809523809523;0,08333333333333333
HRBJA;UNIDADE INTERNAÇÃO - CLINICA MÉDICA;2022,0;3,0;17,0;16,0;119,0;0,14285714285714285;0,13445378151260504
HRBJA;UNIDADE INTERNAÇÃO - CLINICA MÉDICA;2022,0;4,0;11,0;10,0;100,0;0,11;0,1
HRBJA;UNIDADE INTERNAÇÃO - CLINICA MÉDICA;2022,0;5,0;17,0;17,0;117,0;0,1452991452991453;0,1452991452991453
HRBJA;UNIDADE INTERNAÇÃO - CLINICA MÉDICA;2022,0;6,0;9,0;9,0;107,0;0,08411214953271028;0,08411214953271028
HRBJA;UNIDADE INTERNAÇÃO - CLINICA MÉDICA;2022,0;7,0;22,0;22,0;144,0;0,1527777777777778;0,1527777777777778
HRBJA;UNIDADE INTERNAÇÃO - CLINICA MÉDICA;2022,0;8,0;15,0;14,0;143,0;0,1048951048951049;0,0979020979020979
HRBJA;UNIDADE INTERNAÇÃO - CLINICA MÉDICA;2022,0;9,0;14,0;11,0;122,0;0,11475409836065574;0,09016393442622951
HRBJA;UNIDADE INTERNAÇÃO - CLINICA MÉDICA;2022,0;10,0;12,0;12,0;109,0;0,11009174311926606;0,11009174311926606
HRBJA;UNIDADE INTERNAÇÃO - CLINICA MÉDICA;2022,0;11,0;11,0;11,0;105,0;0,10476190476190476;0,10476190476190476
HRBJA;UNIDADE INTERNAÇÃO - CLINICA MÉDICA;2022,0;12,0;18,0;18,0;129,0;0,13953488372093023;0,13953488372093023
HRBJA;UNIDADE INTERNAÇÃO - CLINICA MÉDICA;2023,0;1,0;6,0;6,0;121,0;0,049586776859504134;0,049586776859504134
HRBJA;UNIDADE INTERNAÇÃO - CLINICA MÉDICA;2023,0;2,0;4,0;4,0;107,0;0,037383177570093455;0,037383177570093455
HRBJA;UNIDADE INTERNAÇÃO - CLINICA MÉDICA;2023,0;3,0;15,0;15,0;118,0;0,1271186440677966;0,1271186440677966
HRBJA;UNIDADE INTERNAÇÃO - CLINICA MÉDICA;2023,0;4,0;25,0;23,0;135,0;0,18518518518518517;0,17037037037037037
HRBJA;UNIDADE INTERNAÇÃO - CLINICA MÉDICA;2023,0;5,0;19,0;18,0;136,0;0,13970588235294118;0,1323529411764706
HRBJA;UNIDADE INTERNAÇÃO - CLINICA MÉDICA;2023,0;6,0;15,0;12,0;136,0;0,11029411764705882;0,08823529411764706
HRBJA;UNIDADE INTERNAÇÃO - CLINICA MÉDICA;2023,0;7,0;17,0;17,0;129,0;0,13178294573643412;0,13178294573643412
HRBJA;UNIDADE INTERNAÇÃO - CLINICA MÉDICA;2023,0;8,0;19,0;18,0;140,0;0,1357142857142857;0,12857142857142856
HRBJA;UNIDADE INTERNAÇÃO - CLINICA MÉDICA;2023,0;9,0;20,0;20,0;129,0;0,15503875968992248;0,15503875968992248
HRBJA;UNIDADE INTERNAÇÃO - CLINICA MÉDICA;2023,0;10,0;13,0;12,0;121,0;0,10743801652892562;0,09917355371900827
HRBJA;UNIDADE INTERNAÇÃO - CLINICA MÉDICA;2023,0;11,0;15,0;15,0;136,0;0,11029411764705882;0,11029411764705882
HRBJA;UNIDADE INTERNAÇÃO - CLINICA MÉDICA;2023,0;12,0;18,0;18,0;141,0;0,1276595744680851;0,1276595744680851
HRBJA;UNIDADE INTERNAÇÃO - CLINICA MÉDICA;2024,0;1,0;19,0;18,0;169,0;0,11242603550295859;0,10650887573964497
HRBJA;UNIDADE INTERNAÇÃO - CLINICA MÉDICA;2024,0;2,0;8,0;8,0;151,0;0,052980132450331126;0,052980132450331126
HRBJA;UNIDADE INTERNAÇÃO - CLINICA MÉDICA;2024,0;3,0;13,0;12,0;144,0;0,09027777777777778;0,08333333333333333
HRBJA;UNIDADE INTERNAÇÃO - CLINICA MÉDICA;2024,0;4,0;11,0;11,0;142,0;0,07746478873239436;0,07746478873239436
HRBJA;UNIDADE INTERNAÇÃO - CLINICA MÉDICA;2024,0;5,0;15,0;15,0;121,0;0,12396694214876033;0,12396694214876033
HRBJA;UNIDADE INTERNAÇÃO - CLINICA MÉDICA;2024,0;6,0;8,0;8,0;84,0;0,09523809523809523;0,09523809523809523
HRBJA;UNIDADE INTERNAÇÃO - CLINICA MÉDICA COVID-19;2020,0;7,0;0,0;0,0;20,0;0,0;0,0
HRBJA;UNIDADE INTERNAÇÃO - CLINICA MÉDICA COVID-19;2020,0;8,0;0,0;0,0;10,0;0,0;0,0
HRBJA;UNIDADE INTERNAÇÃO - CLINICA MÉDICA COVID-19;2020,0;9,0;0,0;0,0;15,0;0,0;0,0
HRBJA;UNIDADE INTERNAÇÃO - CLINICA MÉDICA COVID-19;2020,0;10,0;0,0;0,0;1,0;0,0;0,0
HRBJA;UTI;2019,0;1,0;6,0;6,0;6,0;1,0;1,0
HRBJA;UTI;2019,0;2,0;2,0;2,0;2,0;1,0;1,0
HRBJA;UTI;2019,0;3,0;5,0;5,0;6,0;0,8333333333333334;0,8333333333333334
HRBJA;UTI;2019,0;4,0;4,0;4,0;5,0;0,8;0,8
HRBJA;UTI;2019,0;5,0;6,0;6,0;7,0;0,8571428571428571;0,8571428571428571
HRBJA;UTI;2019,0;6,0;3,0;3,0;4,0;0,75;0,75
HRBJA;UTI;2019,0;7,0;7,0;7,0;8,0;0,875;0,875
HRBJA;UTI;2019,0;8,0;7,0;7,0;7,0;1,0;1,0
HRBJA;UTI;2019,0;9,0;4,0;4,0;5,0;0,8;0,8
HRBJA;UTI;2019,0;10,0;7,0;7,0;8,0;0,875;0,875
HRBJA;UTI;2019,0;11,0;5,0;5,0;6,0;0,8333333333333334;0,8333333333333334
HRBJA;UTI;2019,0;12,0;4,0;4,0;5,0;0,8;0,8
HRBJA;UTI;2020,0;1,0;7,0;6,0;8,0;0,875;0,75
HRBJA;UTI;2020,0;2,0;7,0;6,0;7,0;1,0;0,8571428571428571
HRBJA;UTI;2020,0;3,0;12,0;12,0;15,0;0,8;0,8
HRBJA;UTI;2020,0;4,0;11,0;11,0;11,0;1,0;1,0
HRBJA;UTI;2020,0;5,0;16,0;16,0;17,0;0,9411764705882353;0,9411764705882353
HRBJA;UTI;2020,0;6,0;11,0;10,0;12,0;0,9166666666666666;0,8333333333333334
HRBJA;UTI;2020,0;7,0;10,0;10,0;10,0;1,0;1,0
HRBJA;UTI;2020,0;8,0;10,0;10,0;10,0;1,0;1,0
HRBJA;UTI;2020,0;9,0;2,0;2,0;2,0;1,0;1,0
HRBJA;UTI;2020,0;10,0;7,0;7,0;8,0;0,875;0,875
HRBJA;UTI;2020,0;11,0;9,0;9,0;9,0;1,0;1,0
HRBJA;UTI;2020,0;12,0;11,0;11,0;15,0;0,7333333333333333;0,7333333333333333
HRBJA;UTI;2021,0;1,0;6,0;6,0;8,0;0,75;0,75
HRBJA;UTI;2021,0;2,0;6,0;6,0;10,0;0,6;0,6
HRBJA;UTI;2021,0;3,0;5,0;5,0;8,0;0,625;0,625
HRBJA;UTI;2021,0;4,0;11,0;11,0;11,0;1,0;1,0
HRBJA;UTI;2021,0;5,0;3,0;3,0;4,0;0,75;0,75
HRBJA;UTI - ADULTO;2021,0;5,0;1,0;1,0;1,0;1,0;1,0
HRBJA;UTI - ADULTO;2021,0;6,0;9,0;9,0;10,0;0,9;0,9
HRBJA;UTI - ADULTO;2021,0;7,0;6,0;6,0;7,0;0,8571428571428571;0,8571428571428571
HRBJA;UTI - ADULTO;2021,0;8,0;6,0;6,0;6,0;1,0;1,0
HRBJA;UTI - ADULTO;2021,0;9,0;4,0;4,0;4,0;1,0;1,0
HRBJA;UTI - ADULTO;2021,0;10,0;10,0;9,0;10,0;1,0;0,9
HRBJA;UTI - ADULTO;2021,0;11,0;9,0;9,0;9,0;1,0;1,0
HRBJA;UTI - ADULTO;2021,0;12,0;8,0;8,0;8,0;1,0;1,0
HRBJA;UTI - ADULTO;2022,0;1,0;9,0;9,0;11,0;0,8181818181818182;0,8181818181818182
HRBJA;UTI - ADULTO;2022,0;2,0;6,0;6,0;6,0;1,0;1,0
HRBJA;UTI - ADULTO;2022,0;3,0;6,0;6,0;6,0;1,0;1,0
HRBJA;UTI - ADULTO;2022,0;4,0;6,0;6,0;7,0;0,8571428571428571;0,8571428571428571
HRBJA;UTI - ADULTO;2022,0;5,0;9,0;8,0;9,0;1,0;0,8888888888888888
HRBJA;UTI - ADULTO;2022,0;6,0;4,0;4,0;4,0;1,0;1,0
HRBJA;UTI - ADULTO;2022,0;7,0;6,0;6,0;6,0;1,0;1,0
HRBJA;UTI - ADULTO;2022,0;8,0;8,0;8,0;8,0;1,0;1,0
HRBJA;UTI - ADULTO;2022,0;9,0;7,0;7,0;8,0;0,875;0,875
HRBJA;UTI - ADULTO;2022,0;10,0;6,0;5,0;6,0;1,0;0,8333333333333334
HRBJA;UTI - ADULTO;2022,0;11,0;2,0;2,0;2,0;1,0;1,0
HRBJA;UTI - ADULTO;2022,0;12,0;7,0;7,0;7,0;1,0;1,0
HRBJA;UTI - ADULTO;2023,0;1,0;8,0;7,0;8,0;1,0;0,875
HRBJA;UTI - ADULTO;2023,0;2,0;8,0;8,0;8,0;1,0;1,0
HRBJA;UTI - ADULTO;2023,0;3,0;8,0;8,0;9,0;0,8888888888888888;0,8888888888888888
HRBJA;UTI - ADULTO;2023,0;4,0;2,0;2,0;3,0;0,6666666666666666;0,6666666666666666
HRBJA;UTI - ADULTO;2023,0;5,0;4,0;4,0;4,0;1,0;1,0
HRBJA;UTI - ADULTO;2023,0;6,0;12,0;12,0;12,0;1,0;1,0
HRBJA;UTI - ADULTO;2023,0;7,0;5,0;5,0;6,0;0,8333333333333334;0,8333333333333334
HRBJA;UTI - ADULTO;2023,0;8,0;7,0;7,0;7,0;1,0;1,0
HRBJA;UTI - ADULTO;2023,0;9,0;6,0;6,0;6,0;1,0;1,0
HRBJA;UTI - ADULTO;2023,0;10,0;5,0;5,0;6,0;0,8333333333333334;0,8333333333333334
HRBJA;UTI - ADULTO;2023,0;11,0;9,0;9,0;9,0;1,0;1,0
HRBJA;UTI - ADULTO;2023,0;12,0;8,0;8,0;9,0;0,8888888888888888;0,8888888888888888
HRBJA;UTI - ADULTO;2024,0;1,0;9,0;9,0;9,0;1,0;1,0
HRBJA;UTI - ADULTO;2024,0;2,0;6,0;6,0;6,0;1,0;1,0
HRBJA;UTI - ADULTO;2024,0;3,0;5,0;5,0;5,0;1,0;1,0
HRBJA;UTI - ADULTO;2024,0;4,0;8,0;8,0;8,0;1,0;1,0
HRBJA;UTI - ADULTO;2024,0;5,0;5,0;5,0;6,0;0,8333333333333334;0,8333333333333334
HRBJA;UTI - ADULTO;2024,0;6,0;8,0;8,0;8,0;1,0;1,0
HRBJA;UTI ADULTO/HRB/CHB;2024,0;6,0;2,0;2,0;2,0;1,0;1,0
HRBJA;UTI ADULTO/HRB/CHB;2024,0;7,0;14,0;13,0;15,0;0,9333333333333333;0,8666666666666667
HRBJA;UTI ADULTO/HRB/CHB;2024,0;8,0;12,0;12,0;13,0;0,9230769230769231;0,9230769230769231
HRBJA;UTI ADULTO/HRB/CHB;2024,0;9,0;8,0;8,0;9,0;0,8888888888888888;0,8888888888888888
HRBJA;UTI ADULTO/HRB/CHB;2024,0;10,0;13,0;13,0;14,0;0,9285714285714286;0,9285714285714286
HRBJA;UTI ADULTO/HRB/CHB;2024,0;11,0;10,0;10,0;11,0;0,9090909090909091;0,9090909090909091
HRBJA;UTI ADULTO/HRB/CHB;2024,0;12,0;14,0;14,0;15,0;0,9333333333333333;0,9333333333333333
HRBJA;UTI ADULTO/HRB/CHB;2025,0;1,0;23,0;22,0;26,0;0,8846153846153846;0,8461538461538461
HRBJA;UTI ADULTO/HRB/CHB;2025,0;2,0;15,0;15,0;16,0;0,9375;0,9375
HRBJA;UTI ADULTO/HRB/CHB;2025,0;3,0;24,0;24,0;26,0;0,9230769230769231;0,9230769230769231
HRBJA;UTI ADULTO/HRB/CHB;2025,0;4,0;14,0;14,0;15,0;0,9333333333333333;0,9333333333333333
HRBJA;UTI ADULTO/HRB/CHB;2025,0;5,0;27,0;26,0;27,0;1,0;0,9629629629629629
HRBJA;UTI ADULTO/HRB/CHB;2025,0;6,0;22,0;21,0;25,0;0,88;0,84
HRBJA;UTI ADULTO/HRB/CHB;2025,0;7,0;19,0;18,0;22,0;0,8636363636363636;0,8181818181818182
HRBJA;UTI ADULTO/HRB/CHB;2025,0;8,0;21,0;21,0;23,0;0,9130434782608695;0,9130434782608695
HRBJA;UTI ADULTO/HRB/CHB;2025,0;9,0;15,0;15,0;18,0;0,8333333333333334;0,8333333333333334
HRBJA;UTI ADULTO/HRB/CHB;2025,0;10,0;19,0;19,0;22,0;0,8636363636363636;0,8636363636363636
HRBJA;UTI ADULTO/HRB/CHB;2025,0;11,0;14,0;14,0;17,0;0,8235294117647058;0,8235294117647058
HRBJA;UTI ADULTO/HRB/CHB;2025,0;12,0;17,0;17,0;20,0;0,85;0,85
HRBJA;UTI ADULTO/HRB/CHB;2026,0;1,0;17,0;17,0;19,0;0,8947368421052632;0,8947368421052632
HRBJA;UTI ADULTO/HRB/CHB;2026,0;2,0;18,0;18,0;22,0;0,8181818181818182;0,8181818181818182
HRBJA;UTI ADULTO/HRB/CHB;2026,0;3,0;20,0;19,0;22,0;0,9090909090909091;0,8636363636363636
HRBJA;UTI ADULTO/HRB/CHB;2026,0;4,0;20,0;20,0;24,0;0,8333333333333334;0,8333333333333334
HRBJA;UTI ADULTO/HRB/CHB;2026,0;5,0;20,0;20,0;24,0;0,8333333333333334;0,8333333333333334
HRBJA;UTI ADULTO/HRB/CHB;2026,0;6,0;14,0;14,0;15,0;0,9333333333333333;0,9333333333333333
HRBJA;UTI ADULTO/HRB/CHB;2026,0;7,0;18,0;17,0;20,0;0,9;0,85
HRBJA;UTI ADULTO/HRB/CHB;2026,0;8,0;25,0;25,0;26,0;0,9615384615384616;0,9615384615384616
HRBJA;UTI COVID-19;2020,0;7,0;0,0;0,0;4,0;0,0;0,0
HRBJA;UTI COVID-19;2020,0;8,0;0,0;0,0;5,0;0,0;0,0
HRBJA;UTI COVID-19;2020,0;9,0;1,0;1,0;4,0;0,25;0,25
HRBJA;UTI COVID-19;2020,0;10,0;1,0;1,0;1,0;1,0;1,0
HRBJA;UUE/INTERNAÇÃO/HRB/CHB;2024,0;6,0;2,0;2,0;9,0;0,2222222222222222;0,2222222222222222
HRBJA;UUE/INTERNAÇÃO/HRB/CHB;2024,0;7,0;12,0;11,0;128,0;0,09375;0,0859375
HRBJA;UUE/INTERNAÇÃO/HRB/CHB;2024,0;8,0;14,0;14,0;176,0;0,07954545454545454;0,07954545454545454
HRBJA;UUE/INTERNAÇÃO/HRB/CHB;2024,0;9,0;9,0;9,0;171,0;0,05263157894736842;0,05263157894736842
HRBJA;UUE/INTERNAÇÃO/HRB/CHB;2024,0;10,0;9,0;7,0;63,0;0,14285714285714285;0,1111111111111111
HRBJA;UUE/INTERNAÇÃO/HRB/CHB;2024,0;11,0;1,0;1,0;12,0;0,08333333333333333;0,08333333333333333
HRBJA;UUE/INTERNAÇÃO/HRB/CHB;2024,0;12,0;0,0;0,0;12,0;0,0;0,0
HRBJA;UUE/INTERNAÇÃO/HRB/CHB;2025,0;1,0;1,0;1,0;22,0;0,045454545454545456;0,045454545454545456
HRBJA;UUE/INTERNAÇÃO/HRB/CHB;2025,0;2,0;1,0;1,0;37,0;0,02702702702702703;0,02702702702702703
HRBJA;UUE/INTERNAÇÃO/HRB/CHB;2025,0;3,0;2,0;2,0;42,0;0,047619047619047616;0,047619047619047616
HRBJA;UUE/INTERNAÇÃO/HRB/CHB;2025,0;4,0;1,0;1,0;39,0;0,02564102564102564;0,02564102564102564
HRBJA;UUE/INTERNAÇÃO/HRB/CHB;2025,0;5,0;0,0;0,0;27,0;0,0;0,0
HRBJA;UUE/INTERNAÇÃO/HRB/CHB;2025,0;6,0;0,0;0,0;24,0;0,0;0,0
HRBJA;UUE/INTERNAÇÃO/HRB/CHB;2025,0;7,0;0,0;0,0;41,0;0,0;0,0
HRBJA;UUE/INTERNAÇÃO/HRB/CHB;2025,0;8,0;1,0;1,0;30,0;0,03333333333333333;0,03333333333333333
HRBJA;UUE/INTERNAÇÃO/HRB/CHB;2025,0;9,0;0,0;0,0;42,0;0,0;0,0
HRBJA;UUE/INTERNAÇÃO/HRB/CHB;2025,0;10,0;1,0;1,0;42,0;0,023809523809523808;0,023809523809523808
HRBJA;UUE/INTERNAÇÃO/HRB/CHB;2025,0;11,0;1,0;1,0;41,0;0,024390243902439025;0,024390243902439025
HRBJA;UUE/INTERNAÇÃO/HRB/CHB;2025,0;12,0;0,0;0,0;39,0;0,0;0,0
HRBJA;UUE/INTERNAÇÃO/HRB/CHB;2026,0;1,0;0,0;0,0;49,0;0,0;0,0
HRBJA;UUE/INTERNAÇÃO/HRB/CHB;2026,0;2,0;2,0;2,0;47,0;0,0425531914893617;0,0425531914893617
HRBJA;UUE/INTERNAÇÃO/HRB/CHB;2026,0;3,0;0,0;0,0;5,0;0,0;0,0
HRJP;ALOJAMENTO CONJUNTO;2021,0;3,0;0,0;0,0;61,0;0,0;0,0
HRJP;ALOJAMENTO CONJUNTO;2021,0;4,0;0,0;0,0;138,0;0,0;0,0
HRJP;ALOJAMENTO CONJUNTO;2021,0;5,0;0,0;0,0;147,0;0,0;0,0
HRJP;ALOJAMENTO CONJUNTO;2021,0;6,0;0,0;0,0;119,0;0,0;0,0
HRJP;ALOJAMENTO CONJUNTO;2021,0;7,0;1,0;0,0;127,0;0,007874015748031496;0,0
HRJP;ALOJAMENTO CONJUNTO;2021,0;8,0;0,0;0,0;144,0;0,0;0,0
HRJP;ALOJAMENTO CONJUNTO;2021,0;9,0;0,0;0,0;144,0;0,0;0,0
HRJP;ALOJAMENTO CONJUNTO;2021,0;10,0;0,0;0,0;123,0;0,0;0,0
HRJP;ALOJAMENTO CONJUNTO;2021,0;11,0;0,0;0,0;130,0;0,0;0,0
HRJP;ALOJAMENTO CONJUNTO;2021,0;12,0;0,0;0,0;127,0;0,0;0,0
HRJP;ALOJAMENTO CONJUNTO;2022,0;1,0;0,0;0,0;140,0;0,0;0,0
HRJP;ALOJAMENTO CONJUNTO;2022,0;2,0;0,0;0,0;136,0;0,0;0,0
HRJP;ALOJAMENTO CONJUNTO;2022,0;3,0;0,0;0,0;135,0;0,0;0,0
HRJP;ALOJAMENTO CONJUNTO;2022,0;4,0;0,0;0,0;152,0;0,0;0,0
HRJP;ALOJAMENTO CONJUNTO;2022,0;5,0;0,0;0,0;142,0;0,0;0,0
HRJP;ALOJAMENTO CONJUNTO;2022,0;6,0;0,0;0,0;119,0;0,0;0,0
HRJP;ALOJAMENTO CONJUNTO;2022,0;7,0;0,0;0,0;137,0;0,0;0,0
HRJP;ALOJAMENTO CONJUNTO;2022,0;8,0;0,0;0,0;120,0;0,0;0,0
HRJP;ALOJAMENTO CONJUNTO;2022,0;9,0;0,0;0,0;115,0;0,0;0,0
HRJP;ALOJAMENTO CONJUNTO;2022,0;10,0;0,0;0,0;102,0;0,0;0,0
HRJP;ALOJAMENTO CONJUNTO;2022,0;11,0;0,0;0,0;110,0;0,0;0,0
HRJP;ALOJAMENTO CONJUNTO;2022,0;12,0;0,0;0,0;125,0;0,0;0,0
HRJP;ALOJAMENTO CONJUNTO;2023,0;1,0;0,0;0,0;128,0;0,0;0,0
HRJP;ALOJAMENTO CONJUNTO;2023,0;2,0;0,0;0,0;123,0;0,0;0,0
HRJP;ALOJAMENTO CONJUNTO;2023,0;3,0;0,0;0,0;126,0;0,0;0,0
HRJP;ALOJAMENTO CONJUNTO;2023,0;4,0;1,0;0,0;140,0;0,007142857142857143;0,0
HRJP;ALOJAMENTO CONJUNTO;2023,0;5,0;0,0;0,0;152,0;0,0;0,0
HRJP;ALOJAMENTO CONJUNTO;2023,0;6,0;0,0;0,0;129,0;0,0;0,0
HRJP;ALOJAMENTO CONJUNTO;2023,0;7,0;0,0;0,0;139,0;0,0;0,0
HRJP;ALOJAMENTO CONJUNTO;2023,0;8,0;0,0;0,0;122,0;0,0;0,0
HRJP;ALOJAMENTO CONJUNTO;2023,0;9,0;0,0;0,0;124,0;0,0;0,0
HRJP;ALOJAMENTO CONJUNTO;2023,0;10,0;0,0;0,0;136,0;0,0;0,0
HRJP;ALOJAMENTO CONJUNTO;2023,0;11,0;0,0;0,0;134,0;0,0;0,0
HRJP;ALOJAMENTO CONJUNTO;2023,0;12,0;0,0;0,0;123,0;0,0;0,0
HRJP;ALOJAMENTO CONJUNTO;2024,0;1,0;0,0;0,0;143,0;0,0;0,0
HRJP;ALOJAMENTO CONJUNTO;2024,0;2,0;0,0;0,0;126,0;0,0;0,0
HRJP;ALOJAMENTO CONJUNTO;2024,0;3,0;0,0;0,0;131,0;0,0;0,0
HRJP;ALOJAMENTO CONJUNTO;2024,0;4,0;0,0;0,0;127,0;0,0;0,0
HRJP;ALOJAMENTO CONJUNTO;2024,0;5,0;0,0;0,0;138,0;0,0;0,0
HRJP;ALOJAMENTO CONJUNTO;2024,0;6,0;0,0;0,0;142,0;0,0;0,0
HRJP;ALOJAMENTO CONJUNTO;2024,0;7,0;0,0;0,0;124,0;0,0;0,0
HRJP;ALOJAMENTO CONJUNTO;2024,0;8,0;0,0;0,0;128,0;0,0;0,0
HRJP;ALOJAMENTO CONJUNTO;2024,0;9,0;0,0;0,0;149,0;0,0;0,0
HRJP;ALOJAMENTO CONJUNTO;2024,0;10,0;0,0;0,0;139,0;0,0;0,0
HRJP;ALOJAMENTO CONJUNTO;2024,0;11,0;0,0;0,0;19,0;0,0;0,0
HRJP;ALOJAMENTO CONJUNTO /UNIDADE DE INTERNAÇÃO;2024,0;11,0;0,0;0,0;112,0;0,0;0,0
HRJP;ALOJAMENTO CONJUNTO /UNIDADE DE INTERNAÇÃO;2024,0;12,0;0,0;0,0;122,0;0,0;0,0
HRJP;ALOJAMENTO CONJUNTO /UNIDADE DE INTERNAÇÃO;2025,0;1,0;0,0;0,0;134,0;0,0;0,0
HRJP;ALOJAMENTO CONJUNTO /UNIDADE DE INTERNAÇÃO;2025,0;2,0;0,0;0,0;119,0;0,0;0,0
HRJP;ALOJAMENTO CONJUNTO /UNIDADE DE INTERNAÇÃO;2025,0;3,0;0,0;0,0;173,0;0,0;0,0
HRJP;ALOJAMENTO CONJUNTO /UNIDADE DE INTERNAÇÃO;2025,0;4,0;0,0;0,0;156,0;0,0;0,0
HRJP;ALOJAMENTO CONJUNTO /UNIDADE DE INTERNAÇÃO;2025,0;5,0;0,0;0,0;162,0;0,0;0,0
HRJP;ALOJAMENTO CONJUNTO /UNIDADE DE INTERNAÇÃO;2025,0;6,0;0,0;0,0;157,0;0,0;0,0
HRJP;ALOJAMENTO CONJUNTO /UNIDADE DE INTERNAÇÃO;2025,0;7,0;0,0;0,0;156,0;0,0;0,0
HRJP;ALOJAMENTO CONJUNTO /UNIDADE DE INTERNAÇÃO;2025,0;8,0;0,0;0,0;161,0;0,0;0,0
HRJP;ALOJAMENTO CONJUNTO /UNIDADE DE INTERNAÇÃO;2025,0;9,0;0,0;0,0;140,0;0,0;0,0
HRJP;ALOJAMENTO CONJUNTO /UNIDADE DE INTERNAÇÃO;2025,0;10,0;0,0;0,0;161,0;0,0;0,0
HRJP;ALOJAMENTO CONJUNTO /UNIDADE DE INTERNAÇÃO;2025,0;11,0;0,0;0,0;157,0;0,0;0,0
HRJP;ALOJAMENTO CONJUNTO /UNIDADE DE INTERNAÇÃO;2025,0;12,0;0,0;0,0;149,0;0,0;0,0
HRJP;ALOJAMENTO CONJUNTO /UNIDADE DE INTERNAÇÃO;2026,0;1,0;0,0;0,0;170,0;0,0;0,0
HRJP;ALOJAMENTO CONJUNTO /UNIDADE DE INTERNAÇÃO;2026,0;2,0;0,0;0,0;156,0;0,0;0,0
HRJP;ALOJAMENTO CONJUNTO /UNIDADE DE INTERNAÇÃO;2026,0;3,0;0,0;0,0;156,0;0,0;0,0
HRJP;ALOJAMENTO CONJUNTO /UNIDADE DE INTERNAÇÃO;2026,0;4,0;0,0;0,0;180,0;0,0;0,0
HRJP;ALOJAMENTO CONJUNTO /UNIDADE DE INTERNAÇÃO;2026,0;5,0;0,0;0,0;166,0;0,0;0,0
HRJP;ALOJAMENTO CONJUNTO /UNIDADE DE INTERNAÇÃO;2026,0;6,0;0,0;0,0;141,0;0,0;0,0
HRJP;ALOJAMENTO CONJUNTO /UNIDADE DE INTERNAÇÃO;2026,0;7,0;0,0;0,0;153,0;0,0;0,0
HRJP;ALOJAMENTO CONJUNTO /UNIDADE DE INTERNAÇÃO;2026,0;8,0;3,0;3,0;171,0;0,017543859649122806;0,017543859649122806
HRJP;BLOCO CIRURGICO;2019,0;1,0;0,0;0,0;2,0;0,0;0,0
HRJP;BLOCO CIRURGICO;2019,0;5,0;0,0;0,0;1,0;0,0;0,0
HRJP;BLOCO CIRURGICO;2019,0;9,0;0,0;0,0;1,0;0,0;0,0
HRJP;BLOCO CIRURGICO;2020,0;11,0;0,0;0,0;1,0;0,0;0,0
HRJP;BLOCO CIRURGICO;2020,0;12,0;0,0;0,0;3,0;0,0;0,0
HRJP;BLOCO CIRURGICO;2021,0;2,0;0,0;0,0;1,0;0,0;0,0
HRJP;BLOCO CIRURGICO;2021,0;3,0;0,0;0,0;1,0;0,0;0,0
HRJP;BLOCO CIRURGICO;2021,0;4,0;0,0;0,0;3,0;0,0;0,0
HRJP;BLOCO CIRURGICO;2021,0;5,0;0,0;0,0;3,0;0,0;0,0
HRJP;BLOCO CIRURGICO;2021,0;6,0;0,0;0,0;1,0;0,0;0,0
HRJP;BLOCO CIRURGICO;2021,0;7,0;0,0;0,0;1,0;0,0;0,0
HRJP;BLOCO CIRURGICO;2021,0;8,0;0,0;0,0;2,0;0,0;0,0
HRJP;BLOCO CIRURGICO;2021,0;9,0;0,0;0,0;6,0;0,0;0,0
HRJP;BLOCO CIRURGICO;2021,0;10,0;0,0;0,0;10,0;0,0;0,0
HRJP;BLOCO CIRURGICO;2021,0;11,0;0,0;0,0;6,0;0,0;0,0
HRJP;BLOCO CIRURGICO;2021,0;12,0;1,0;1,0;7,0;0,14285714285714285;0,14285714285714285
HRJP;BLOCO CIRURGICO;2022,0;1,0;0,0;0,0;3,0;0,0;0,0
HRJP;BLOCO CIRURGICO;2022,0;2,0;0,0;0,0;3,0;0,0;0,0
HRJP;BLOCO CIRURGICO;2022,0;3,0;0,0;0,0;3,0;0,0;0,0
HRJP;BLOCO CIRURGICO;2022,0;4,0;0,0;0,0;4,0;0,0;0,0
HRJP;BLOCO CIRURGICO;2022,0;5,0;0,0;0,0;9,0;0,0;0,0
HRJP;BLOCO CIRURGICO;2022,0;6,0;0,0;0,0;6,0;0,0;0,0
HRJP;BLOCO CIRURGICO;2022,0;7,0;0,0;0,0;11,0;0,0;0,0
HRJP;BLOCO CIRURGICO;2022,0;8,0;0,0;0,0;13,0;0,0;0,0
HRJP;BLOCO CIRURGICO;2022,0;9,0;0,0;0,0;6,0;0,0;0,0
HRJP;BLOCO CIRURGICO;2022,0;10,0;0,0;0,0;7,0;0,0;0,0
HRJP;BLOCO CIRURGICO;2022,0;11,0;0,0;0,0;15,0;0,0;0,0
HRJP;BLOCO CIRURGICO;2022,0;12,0;0,0;0,0;22,0;0,0;0,0
HRJP;BLOCO CIRURGICO;2023,0;1,0;0,0;0,0;9,0;0,0;0,0
HRJP;BLOCO CIRURGICO;2023,0;2,0;0,0;0,0;11,0;0,0;0,0
HRJP;BLOCO CIRURGICO;2023,0;3,0;0,0;0,0;18,0;0,0;0,0
HRJP;BLOCO CIRURGICO;2023,0;4,0;0,0;0,0;10,0;0,0;0,0
HRJP;BLOCO CIRURGICO;2023,0;5,0;0,0;0,0;22,0;0,0;0,0
HRJP;BLOCO CIRURGICO;2023,0;6,0;0,0;0,0;15,0;0,0;0,0
HRJP;BLOCO CIRURGICO;2023,0;7,0;0,0;0,0;12,0;0,0;0,0
HRJP;BLOCO CIRURGICO;2023,0;8,0;0,0;0,0;15,0;0,0;0,0
HRJP;BLOCO CIRURGICO;2023,0;9,0;0,0;0,0;13,0;0,0;0,0
HRJP;BLOCO CIRURGICO;2023,0;10,0;0,0;0,0;14,0;0,0;0,0
HRJP;BLOCO CIRURGICO;2023,0;11,0;0,0;0,0;14,0;0,0;0,0
HRJP;BLOCO CIRURGICO;2023,0;12,0;0,0;0,0;19,0;0,0;0,0
HRJP;BLOCO CIRURGICO;2024,0;1,0;0,0;0,0;11,0;0,0;0,0
HRJP;BLOCO CIRURGICO;2024,0;2,0;1,0;1,0;14,0;0,07142857142857142;0,07142857142857142
HRJP;BLOCO CIRURGICO;2024,0;3,0;0,0;0,0;14,0;0,0;0,0
HRJP;BLOCO CIRURGICO;2024,0;4,0;0,0;0,0;10,0;0,0;0,0
HRJP;BLOCO CIRURGICO;2024,0;5,0;0,0;0,0;9,0;0,0;0,0
HRJP;BLOCO CIRURGICO;2024,0;6,0;0,0;0,0;18,0;0,0;0,0
HRJP;BLOCO CIRURGICO;2024,0;7,0;0,0;0,0;14,0;0,0;0,0
HRJP;BLOCO CIRURGICO;2024,0;8,0;0,0;0,0;10,0;0,0;0,0
HRJP;BLOCO CIRURGICO;2024,0;9,0;0,0;0,0;9,0;0,0;0,0
HRJP;BLOCO CIRURGICO;2024,0;10,0;0,0;0,0;16,0;0,0;0,0
HRJP;BLOCO CIRURGICO;2024,0;11,0;0,0;0,0;2,0;0,0;0,0
HRJP;BLOCO OBSTÉTRICO;2019,0;1,0;0,0;0,0;3,0;0,0;0,0
HRJP;BLOCO OBSTÉTRICO;2019,0;2,0;0,0;0,0;4,0;0,0;0,0
HRJP;BLOCO OBSTÉTRICO;2019,0;3,0;0,0;0,0;1,0;0,0;0,0
HRJP;BLOCO OBSTÉTRICO;2019,0;4,0;0,0;0,0;2,0;0,0;0,0
HRJP;BLOCO OBSTÉTRICO;2019,0;6,0;0,0;0,0;4,0;0,0;0,0
HRJP;BLOCO OBSTÉTRICO;2019,0;8,0;0,0;0,0;2,0;0,0;0,0
HRJP;BLOCO OBSTÉTRICO;2019,0;9,0;0,0;0,0;1,0;0,0;0,0
HRJP;BLOCO OBSTÉTRICO;2019,0;10,0;0,0;0,0;1,0;0,0;0,0
HRJP;BLOCO OBSTÉTRICO;2020,0;1,0;0,0;0,0;1,0;0,0;0,0
HRJP;BLOCO OBSTÉTRICO;2020,0;5,0;0,0;0,0;1,0;0,0;0,0
HRJP;BLOCO OBSTÉTRICO;2020,0;6,0;0,0;0,0;1,0;0,0;0,0
HRJP;BLOCO OBSTÉTRICO;2020,0;7,0;0,0;0,0;1,0;0,0;0,0
HRJP;BLOCO OBSTÉTRICO;2020,0;10,0;0,0;0,0;1,0;0,0;0,0
HRJP;BLOCO OBSTÉTRICO;2020,0;11,0;0,0;0,0;1,0;0,0;0,0
HRJP;BLOCO OBSTÉTRICO;2021,0;1,0;0,0;0,0;1,0;0,0;0,0
HRJP;BLOCO OBSTÉTRICO;2021,0;2,0;0,0;0,0;1,0;0,0;0,0
HRJP;BLOCO OBSTÉTRICO;2021,0;4,0;0,0;0,0;1,0;0,0;0,0
HRJP;BLOCO OBSTÉTRICO;2021,0;5,0;0,0;0,0;2,0;0,0;0,0
HRJP;BLOCO OBSTÉTRICO;2021,0;11,0;0,0;0,0;1,0;0,0;0,0
HRJP;BLOCO OBSTÉTRICO;2022,0;1,0;0,0;0,0;1,0;0,0;0,0
HRJP;BLOCO OBSTÉTRICO;2022,0;2,0;0,0;0,0;1,0;0,0;0,0
HRJP;BLOCO OBSTÉTRICO;2022,0;3,0;0,0;0,0;1,0;0,0;0,0
HRJP;BLOCO OBSTÉTRICO;2022,0;4,0;0,0;0,0;2,0;0,0;0,0
HRJP;BLOCO OBSTÉTRICO;2022,0;5,0;0,0;0,0;2,0;0,0;0,0
HRJP;BLOCO OBSTÉTRICO;2022,0;6,0;0,0;0,0;2,0;0,0;0,0
HRJP;BLOCO OBSTÉTRICO;2022,0;8,0;0,0;0,0;1,0;0,0;0,0
HRJP;BLOCO OBSTÉTRICO;2022,0;10,0;0,0;0,0;2,0;0,0;0,0
HRJP;BLOCO OBSTÉTRICO;2022,0;12,0;0,0;0,0;1,0;0,0;0,0
HRJP;BLOCO OBSTÉTRICO;2023,0;1,0;0,0;0,0;1,0;0,0;0,0
HRJP;BLOCO OBSTÉTRICO;2023,0;2,0;0,0;0,0;2,0;0,0;0,0
HRJP;BLOCO OBSTÉTRICO;2023,0;4,0;0,0;0,0;2,0;0,0;0,0
HRJP;BLOCO OBSTÉTRICO;2023,0;5,0;0,0;0,0;1,0;0,0;0,0
HRJP;BLOCO OBSTÉTRICO;2023,0;6,0;0,0;0,0;1,0;0,0;0,0
HRJP;BLOCO OBSTÉTRICO;2023,0;8,0;0,0;0,0;1,0;0,0;0,0
HRJP;BLOCO OBSTÉTRICO;2023,0;9,0;0,0;0,0;1,0;0,0;0,0
HRJP;BLOCO OBSTÉTRICO;2023,0;10,0;0,0;0,0;1,0;0,0;0,0
HRJP;BLOCO OBSTÉTRICO;2023,0;11,0;0,0;0,0;3,0;0,0;0,0
HRJP;BLOCO OBSTÉTRICO;2023,0;12,0;0,0;0,0;2,0;0,0;0,0
HRJP;BLOCO OBSTÉTRICO;2024,0;1,0;0,0;0,0;4,0;0,0;0,0
HRJP;BLOCO OBSTÉTRICO;2024,0;5,0;0,0;0,0;1,0;0,0;0,0
HRJP;BLOCO OBSTÉTRICO;2024,0;6,0;0,0;0,0;1,0;0,0;0,0
HRJP;BLOCO OBSTÉTRICO;2024,0;9,0;0,0;0,0;1,0;0,0;0,0
HRJP;BLOCO OBSTÉTRICO;2024,0;10,0;0,0;0,0;2,0;0,0;0,0
HRJP;PRÉ-PARTO;2025,0;2,0;0,0;0,0;1,0;0,0;0,0
HRJP;PRÉ-PARTO;2025,0;12,0;0,0;0,0;1,0;0,0;0,0
HRJP;PRÉ-PARTO;2026,0;3,0;0,0;0,0;1,0;0,0;0,0
HRJP;PRÉ-PARTO;2026,0;4,0;0,0;0,0;3,0;0,0;0,0
HRJP;PRÉ-PARTO;2026,0;5,0;0,0;0,0;2,0;0,0;0,0
HRJP;PRÉ-PARTO;2026,0;6,0;0,0;0,0;2,0;0,0;0,0
HRJP;PRÉ-PARTO;2026,0;7,0;0,0;0,0;4,0;0,0;0,0
HRJP;REABILITACAO;2019,0;1,0;0,0;0,0;1,0;0,0;0,0
HRJP;UNIDADE DE INTERNAÇÃO - CLÍNICA DIP ALA B;2026,0;6,0;0,0;0,0;1,0;0,0;0,0
HRJP;UNIDADE DE INTERNAÇÃO - CLÍNICA DIP ALA C;2024,0;11,0;0,0;0,0;16,0;0,0;0,0
HRJP;UNIDADE DE INTERNAÇÃO - CLÍNICA DIP ALA C;2024,0;12,0;0,0;0,0;14,0;0,0;0,0
HRJP;UNIDADE DE INTERNAÇÃO - CLÍNICA DIP ALA C;2025,0;1,0;0,0;0,0;6,0;0,0;0,0
HRJP;UNIDADE DE INTERNAÇÃO - CLÍNICA DIP ALA C;2025,0;2,0;0,0;0,0;8,0;0,0;0,0
HRJP;UNIDADE DE INTERNAÇÃO - CLÍNICA DIP ALA C;2025,0;3,0;0,0;0,0;15,0;0,0;0,0
HRJP;UNIDADE DE INTERNAÇÃO - CLÍNICA DIP ALA C;2025,0;4,0;0,0;0,0;17,0;0,0;0,0
HRJP;UNIDADE DE INTERNAÇÃO - CLÍNICA DIP ALA C;2025,0;5,0;0,0;0,0;14,0;0,0;0,0
HRJP;UNIDADE DE INTERNAÇÃO - CLÍNICA DIP ALA C;2025,0;6,0;1,0;1,0;15,0;0,06666666666666667;0,06666666666666667
HRJP;UNIDADE DE INTERNAÇÃO - CLÍNICA DIP ALA C;2025,0;7,0;0,0;0,0;17,0;0,0;0,0
HRJP;UNIDADE DE INTERNAÇÃO - CLÍNICA DIP ALA C;2025,0;8,0;0,0;0,0;16,0;0,0;0,0
HRJP;UNIDADE DE INTERNAÇÃO - CLÍNICA DIP ALA C;2025,0;9,0;0,0;0,0;19,0;0,0;0,0
HRJP;UNIDADE DE INTERNAÇÃO - CLÍNICA DIP ALA C;2025,0;10,0;0,0;0,0;16,0;0,0;0,0
HRJP;UNIDADE DE INTERNAÇÃO - CLÍNICA DIP ALA C;2025,0;11,0;1,0;1,0;27,0;0,037037037037037035;0,037037037037037035
HRJP;UNIDADE DE INTERNAÇÃO - CLÍNICA DIP ALA C;2025,0;12,0;0,0;0,0;20,0;0,0;0,0
HRJP;UNIDADE DE INTERNAÇÃO - CLÍNICA DIP ALA C;2026,0;5,0;0,0;0,0;15,0;0,0;0,0
HRJP;UNIDADE DE INTERNAÇÃO - CLÍNICA DIP ALA C;2026,0;6,0;0,0;0,0;22,0;0,0;0,0
HRJP;UNIDADE DE INTERNAÇÃO - CLÍNICA DIP ALA C;2026,0;7,0;0,0;0,0;19,0;0,0;0,0
HRJP;UNIDADE DE INTERNAÇÃO - CLÍNICA DIP ALA C;2026,0;8,0;0,0;0,0;32,0;0,0;0,0
HRJP;UNIDADE INTERNAÇÃO - ALTO RISCO OBSTETRICO (MATERNIDADE);2019,0;1,0;0,0;0,0;140,0;0,0;0,0
HRJP;UNIDADE INTERNAÇÃO - ALTO RISCO OBSTETRICO (MATERNIDADE);2019,0;2,0;0,0;0,0;140,0;0,0;0,0
HRJP;UNIDADE INTERNAÇÃO - ALTO RISCO OBSTETRICO (MATERNIDADE);2019,0;3,0;0,0;0,0;144,0;0,0;0,0
HRJP;UNIDADE INTERNAÇÃO - ALTO RISCO OBSTETRICO (MATERNIDADE);2019,0;4,0;1,0;0,0;147,0;0,006802721088435374;0,0
HRJP;UNIDADE INTERNAÇÃO - ALTO RISCO OBSTETRICO (MATERNIDADE);2019,0;5,0;0,0;0,0;140,0;0,0;0,0
HRJP;UNIDADE INTERNAÇÃO - ALTO RISCO OBSTETRICO (MATERNIDADE);2019,0;6,0;0,0;0,0;135,0;0,0;0,0
HRJP;UNIDADE INTERNAÇÃO - ALTO RISCO OBSTETRICO (MATERNIDADE);2019,0;7,0;0,0;0,0;143,0;0,0;0,0
HRJP;UNIDADE INTERNAÇÃO - ALTO RISCO OBSTETRICO (MATERNIDADE);2019,0;8,0;0,0;0,0;120,0;0,0;0,0
HRJP;UNIDADE INTERNAÇÃO - ALTO RISCO OBSTETRICO (MATERNIDADE);2019,0;9,0;0,0;0,0;142,0;0,0;0,0
HRJP;UNIDADE INTERNAÇÃO - ALTO RISCO OBSTETRICO (MATERNIDADE);2019,0;10,0;0,0;0,0;127,0;0,0;0,0
HRJP;UNIDADE INTERNAÇÃO - ALTO RISCO OBSTETRICO (MATERNIDADE);2019,0;11,0;0,0;0,0;112,0;0,0;0,0
HRJP;UNIDADE INTERNAÇÃO - ALTO RISCO OBSTETRICO (MATERNIDADE);2019,0;12,0;0,0;0,0;136,0;0,0;0,0
HRJP;UNIDADE INTERNAÇÃO - ALTO RISCO OBSTETRICO (MATERNIDADE);2020,0;1,0;0,0;0,0;129,0;0,0;0,0
HRJP;UNIDADE INTERNAÇÃO - ALTO RISCO OBSTETRICO (MATERNIDADE);2020,0;2,0;0,0;0,0;134,0;0,0;0,0
HRJP;UNIDADE INTERNAÇÃO - ALTO RISCO OBSTETRICO (MATERNIDADE);2020,0;3,0;0,0;0,0;136,0;0,0;0,0
HRJP;UNIDADE INTERNAÇÃO - ALTO RISCO OBSTETRICO (MATERNIDADE);2020,0;4,0;0,0;0,0;100,0;0,0;0,0
HRJP;UNIDADE INTERNAÇÃO - ALTO RISCO OBSTETRICO (MATERNIDADE);2020,0;5,0;1,0;1,0;127,0;0,007874015748031496;0,007874015748031496
HRJP;UNIDADE INTERNAÇÃO - ALTO RISCO OBSTETRICO (MATERNIDADE);2020,0;6,0;0,0;0,0;134,0;0,0;0,0
HRJP;UNIDADE INTERNAÇÃO - ALTO RISCO OBSTETRICO (MATERNIDADE);2020,0;7,0;0,0;0,0;126,0;0,0;0,0
HRJP;UNIDADE INTERNAÇÃO - ALTO RISCO OBSTETRICO (MATERNIDADE);2020,0;8,0;0,0;0,0;135,0;0,0;0,0
HRJP;UNIDADE INTERNAÇÃO - ALTO RISCO OBSTETRICO (MATERNIDADE);2020,0;9,0;0,0;0,0;125,0;0,0;0,0
HRJP;UNIDADE INTERNAÇÃO - ALTO RISCO OBSTETRICO (MATERNIDADE);2020,0;10,0;0,0;0,0;110,0;0,0;0,0
HRJP;UNIDADE INTERNAÇÃO - ALTO RISCO OBSTETRICO (MATERNIDADE);2020,0;11,0;0,0;0,0;135,0;0,0;0,0
HRJP;UNIDADE INTERNAÇÃO - ALTO RISCO OBSTETRICO (MATERNIDADE);2020,0;12,0;0,0;0,0;117,0;0,0;0,0
HRJP;UNIDADE INTERNAÇÃO - ALTO RISCO OBSTETRICO (MATERNIDADE);2021,0;1,0;0,0;0,0;137,0;0,0;0,0
HRJP;UNIDADE INTERNAÇÃO - ALTO RISCO OBSTETRICO (MATERNIDADE);2021,0;2,0;0,0;0,0;114,0;0,0;0,0
HRJP;UNIDADE INTERNAÇÃO - ALTO RISCO OBSTETRICO (MATERNIDADE);2021,0;3,0;0,0;0,0;80,0;0,0;0,0
HRJP;UNIDADE INTERNAÇÃO - CLINICA CIRURGICA ALA A;2022,0;6,0;1,0;1,0;17,0;0,058823529411764705;0,058823529411764705
HRJP;UNIDADE INTERNAÇÃO - CLINICA CIRURGICA ALA A;2022,0;7,0;0,0;0,0;32,0;0,0;0,0
HRJP;UNIDADE INTERNAÇÃO - CLINICA CIRURGICA ALA A;2022,0;8,0;0,0;0,0;25,0;0,0;0,0
HRJP;UNIDADE INTERNAÇÃO - CLINICA CIRURGICA ALA A;2022,0;9,0;1,0;1,0;24,0;0,041666666666666664;0,041666666666666664
HRJP;UNIDADE INTERNAÇÃO - CLINICA CIRURGICA ALA A;2022,0;10,0;0,0;0,0;29,0;0,0;0,0
HRJP;UNIDADE INTERNAÇÃO - CLINICA CIRURGICA ALA A;2022,0;11,0;0,0;0,0;27,0;0,0;0,0
HRJP;UNIDADE INTERNAÇÃO - CLINICA CIRURGICA ALA A;2022,0;12,0;0,0;0,0;38,0;0,0;0,0
HRJP;UNIDADE INTERNAÇÃO - CLINICA CIRURGICA ALA A;2023,0;1,0;1,0;1,0;30,0;0,03333333333333333;0,03333333333333333
HRJP;UNIDADE INTERNAÇÃO - CLINICA CIRURGICA ALA A;2023,0;2,0;1,0;1,0;26,0;0,038461538461538464;0,038461538461538464
HRJP;UNIDADE INTERNAÇÃO - CLINICA CIRURGICA ALA A;2023,0;3,0;0,0;0,0;37,0;0,0;0,0
HRJP;UNIDADE INTERNAÇÃO - CLINICA CIRURGICA ALA A;2023,0;4,0;0,0;0,0;35,0;0,0;0,0
HRJP;UNIDADE INTERNAÇÃO - CLINICA CIRURGICA ALA A;2023,0;5,0;1,0;1,0;37,0;0,02702702702702703;0,02702702702702703
HRJP;UNIDADE INTERNAÇÃO - CLINICA CIRURGICA ALA A;2023,0;6,0;0,0;0,0;26,0;0,0;0,0
HRJP;UNIDADE INTERNAÇÃO - CLINICA CIRURGICA ALA A;2023,0;7,0;0,0;0,0;27,0;0,0;0,0
HRJP;UNIDADE INTERNAÇÃO - CLINICA CIRURGICA ALA A;2023,0;8,0;0,0;0,0;36,0;0,0;0,0
HRJP;UNIDADE INTERNAÇÃO - CLINICA CIRURGICA ALA A;2023,0;9,0;1,0;1,0;32,0;0,03125;0,03125
HRJP;UNIDADE INTERNAÇÃO - CLINICA CIRURGICA ALA A;2023,0;10,0;1,0;1,0;34,0;0,029411764705882353;0,029411764705882353
HRJP;UNIDADE INTERNAÇÃO - CLINICA CIRURGICA ALA A;2023,0;11,0;1,0;0,0;28,0;0,03571428571428571;0,0
HRJP;UNIDADE INTERNAÇÃO - CLINICA CIRURGICA ALA A;2023,0;12,0;0,0;0,0;19,0;0,0;0,0
HRJP;UNIDADE INTERNAÇÃO - CLINICA CIRURGICA ALA A;2024,0;1,0;0,0;0,0;9,0;0,0;0,0
HRJP;UNIDADE INTERNAÇÃO - CLINICA CIRURGICA ALA A;2024,0;2,0;0,0;0,0;17,0;0,0;0,0
HRJP;UNIDADE INTERNAÇÃO - CLINICA CIRURGICA ALA A;2024,0;3,0;0,0;0,0;14,0;0,0;0,0
HRJP;UNIDADE INTERNAÇÃO - CLINICA CIRURGICA ALA A;2024,0;4,0;0,0;0,0;14,0;0,0;0,0
HRJP;UNIDADE INTERNAÇÃO - CLINICA CIRURGICA ALA A;2024,0;5,0;0,0;0,0;6,0;0,0;0,0
HRJP;UNIDADE INTERNAÇÃO - CLINICA CIRURGICA ALA A;2024,0;6,0;0,0;0,0;17,0;0,0;0,0
HRJP;UNIDADE INTERNAÇÃO - CLINICA CIRURGICA ALA A;2024,0;7,0;0,0;0,0;12,0;0,0;0,0
HRJP;UNIDADE INTERNAÇÃO - CLINICA CIRURGICA ALA A;2024,0;8,0;0,0;0,0;5,0;0,0;0,0
HRJP;UNIDADE INTERNAÇÃO - CLINICA CIRURGICA ALA A;2024,0;9,0;1,0;1,0;13,0;0,07692307692307693;0,07692307692307693
HRJP;UNIDADE INTERNAÇÃO - CLINICA CIRURGICA ALA A;2024,0;10,0;0,0;0,0;25,0;0,0;0,0
HRJP;UNIDADE INTERNAÇÃO - CLINICA CIRURGICA ALA A;2024,0;11,0;0,0;0,0;2,0;0,0;0,0
HRJP;UNIDADE INTERNAÇÃO - CLÍNICA CIRÚRGICA ALA A;2024,0;11,0;0,0;0,0;19,0;0,0;0,0
HRJP;UNIDADE INTERNAÇÃO - CLÍNICA CIRÚRGICA ALA A;2024,0;12,0;0,0;0,0;17,0;0,0;0,0
HRJP;UNIDADE INTERNAÇÃO - CLÍNICA CIRÚRGICA ALA A;2025,0;1,0;0,0;0,0;18,0;0,0;0,0
HRJP;UNIDADE INTERNAÇÃO - CLÍNICA CIRÚRGICA ALA A;2025,0;2,0;0,0;0,0;17,0;0,0;0,0
HRJP;UNIDADE INTERNAÇÃO - CLÍNICA CIRÚRGICA ALA A;2025,0;3,0;0,0;0,0;15,0;0,0;0,0
HRJP;UNIDADE INTERNAÇÃO - CLÍNICA CIRÚRGICA ALA A;2025,0;4,0;0,0;0,0;16,0;0,0;0,0
HRJP;UNIDADE INTERNAÇÃO - CLÍNICA CIRÚRGICA ALA A;2025,0;5,0;0,0;0,0;20,0;0,0;0,0
HRJP;UNIDADE INTERNAÇÃO - CLÍNICA CIRÚRGICA ALA A;2025,0;6,0;0,0;0,0;19,0;0,0;0,0
HRJP;UNIDADE INTERNAÇÃO - CLÍNICA CIRÚRGICA ALA A;2025,0;7,0;0,0;0,0;15,0;0,0;0,0
HRJP;UNIDADE INTERNAÇÃO - CLÍNICA CIRÚRGICA ALA A;2025,0;8,0;0,0;0,0;19,0;0,0;0,0
HRJP;UNIDADE INTERNAÇÃO - CLÍNICA CIRÚRGICA ALA A;2025,0;9,0;1,0;1,0;15,0;0,06666666666666667;0,06666666666666667
HRJP;UNIDADE INTERNAÇÃO - CLÍNICA CIRÚRGICA ALA A;2025,0;10,0;0,0;0,0;19,0;0,0;0,0
HRJP;UNIDADE INTERNAÇÃO - CLÍNICA CIRÚRGICA ALA A;2025,0;11,0;0,0;0,0;12,0;0,0;0,0
HRJP;UNIDADE INTERNAÇÃO - CLÍNICA CIRÚRGICA ALA A;2025,0;12,0;0,0;0,0;12,0;0,0;0,0
HRJP;UNIDADE INTERNAÇÃO - CLÍNICA CIRÚRGICA ALA A;2026,0;1,0;0,0;0,0;14,0;0,0;0,0
HRJP;UNIDADE INTERNAÇÃO - CLÍNICA CIRÚRGICA ALA A;2026,0;2,0;0,0;0,0;21,0;0,0;0,0
HRJP;UNIDADE INTERNAÇÃO - CLÍNICA CIRÚRGICA ALA A;2026,0;3,0;0,0;0,0;29,0;0,0;0,0
HRJP;UNIDADE INTERNAÇÃO - CLÍNICA CIRÚRGICA ALA A;2026,0;4,0;1,0;1,0;35,0;0,02857142857142857;0,02857142857142857
HRJP;UNIDADE INTERNAÇÃO - CLÍNICA CIRÚRGICA ALA A;2026,0;5,0;0,0;0,0;17,0;0,0;0,0
HRJP;UNIDADE INTERNAÇÃO - CLÍNICA CIRÚRGICA ALA A;2026,0;6,0;0,0;0,0;1,0;0,0;0,0
HRJP;UNIDADE INTERNAÇÃO - CLÍNICA CIRÚRGICA ALA A;2026,0;7,0;1,0;1,0;6,0;0,16666666666666666;0,16666666666666666
HRJP;UNIDADE INTERNAÇÃO - CLÍNICA CIRÚRGICA ALA A;2026,0;8,0;0,0;0,0;2,0;0,0;0,0
HRJP;UNIDADE INTERNAÇÃO - CLINICA CIRURGICA ALA B;2022,0;6,0;0,0;0,0;16,0;0,0;0,0
HRJP;UNIDADE INTERNAÇÃO - CLINICA CIRURGICA ALA B;2022,0;7,0;0,0;0,0;18,0;0,0;0,0
HRJP;UNIDADE INTERNAÇÃO - CLINICA CIRURGICA ALA B;2022,0;8,0;1,0;1,0;35,0;0,02857142857142857;0,02857142857142857
HRJP;UNIDADE INTERNAÇÃO - CLINICA CIRURGICA ALA B;2022,0;9,0;1,0;1,0;29,0;0,034482758620689655;0,034482758620689655
HRJP;UNIDADE INTERNAÇÃO - CLINICA CIRURGICA ALA B;2022,0;10,0;0,0;0,0;33,0;0,0;0,0
HRJP;UNIDADE INTERNAÇÃO - CLINICA CIRURGICA ALA B;2022,0;11,0;2,0;2,0;18,0;0,1111111111111111;0,1111111111111111
HRJP;UNIDADE INTERNAÇÃO - CLINICA CIRURGICA ALA B;2022,0;12,0;0,0;0,0;26,0;0,0;0,0
HRJP;UNIDADE INTERNAÇÃO - CLINICA CIRURGICA ALA B;2023,0;1,0;0,0;0,0;31,0;0,0;0,0
HRJP;UNIDADE INTERNAÇÃO - CLINICA CIRURGICA ALA B;2023,0;2,0;2,0;2,0;22,0;0,09090909090909091;0,09090909090909091
HRJP;UNIDADE INTERNAÇÃO - CLINICA CIRURGICA ALA B;2023,0;3,0;1,0;1,0;8,0;0,125;0,125
HRJP;UNIDADE INTERNAÇÃO - CLINICA CIRURGICA ALA B;2023,0;4,0;1,0;1,0;20,0;0,05;0,05
HRJP;UNIDADE INTERNAÇÃO - CLINICA CIRURGICA ALA B;2023,0;5,0;0,0;0,0;22,0;0,0;0,0
HRJP;UNIDADE INTERNAÇÃO - CLINICA CIRURGICA ALA B;2023,0;6,0;1,0;1,0;20,0;0,05;0,05
HRJP;UNIDADE INTERNAÇÃO - CLINICA CIRURGICA ALA B;2023,0;7,0;1,0;1,0;20,0;0,05;0,05
HRJP;UNIDADE INTERNAÇÃO - CLINICA CIRURGICA ALA B;2023,0;8,0;0,0;0,0;15,0;0,0;0,0
HRJP;UNIDADE INTERNAÇÃO - CLINICA CIRURGICA ALA B;2023,0;9,0;1,0;1,0;18,0;0,05555555555555555;0,05555555555555555
HRJP;UNIDADE INTERNAÇÃO - CLINICA CIRURGICA ALA B;2023,0;10,0;0,0;0,0;14,0;0,0;0,0
HRJP;UNIDADE INTERNAÇÃO - CLINICA CIRURGICA ALA B;2023,0;11,0;2,0;2,0;11,0;0,18181818181818182;0,18181818181818182
HRJP;UNIDADE INTERNAÇÃO - CLINICA CIRURGICA ALA B;2023,0;12,0;0,0;0,0;9,0;0,0;0,0
HRJP;UNIDADE INTERNAÇÃO - CLINICA CIRURGICA ALA B;2024,0;1,0;0,0;0,0;7,0;0,0;0,0
HRJP;UNIDADE INTERNAÇÃO - CLINICA CIRURGICA ALA B;2024,0;2,0;0,0;0,0;23,0;0,0;0,0
HRJP;UNIDADE INTERNAÇÃO - CLINICA CIRURGICA ALA B;2024,0;3,0;0,0;0,0;20,0;0,0;0,0
HRJP;UNIDADE INTERNAÇÃO - CLINICA CIRURGICA ALA B;2024,0;4,0;0,0;0,0;15,0;0,0;0,0
HRJP;UNIDADE INTERNAÇÃO - CLINICA CIRURGICA ALA B;2024,0;5,0;0,0;0,0;6,0;0,0;0,0
HRJP;UNIDADE INTERNAÇÃO - CLINICA CIRURGICA ALA B;2024,0;6,0;0,0;0,0;5,0;0,0;0,0
HRJP;UNIDADE INTERNAÇÃO - CLINICA CIRURGICA ALA B;2024,0;7,0;2,0;2,0;9,0;0,2222222222222222;0,2222222222222222
HRJP;UNIDADE INTERNAÇÃO - CLINICA CIRURGICA ALA B;2024,0;8,0;0,0;0,0;2,0;0,0;0,0
HRJP;UNIDADE INTERNAÇÃO - CLINICA CIRURGICA ALA B;2024,0;9,0;0,0;0,0;9,0;0,0;0,0
HRJP;UNIDADE INTERNAÇÃO - CLINICA CIRURGICA ALA B;2024,0;10,0;0,0;0,0;7,0;0,0;0,0
HRJP;UNIDADE INTERNAÇÃO - CLÍNICA CIRÚRGICA ALA B;2024,0;11,0;0,0;0,0;7,0;0,0;0,0
HRJP;UNIDADE INTERNAÇÃO - CLÍNICA CIRÚRGICA ALA B;2024,0;12,0;0,0;0,0;3,0;0,0;0,0
HRJP;UNIDADE INTERNAÇÃO - CLÍNICA CIRÚRGICA ALA B;2025,0;1,0;0,0;0,0;2,0;0,0;0,0
HRJP;UNIDADE INTERNAÇÃO - CLÍNICA CIRÚRGICA ALA B;2025,0;2,0;0,0;0,0;5,0;0,0;0,0
HRJP;UNIDADE INTERNAÇÃO - CLÍNICA CIRÚRGICA ALA B;2025,0;3,0;0,0;0,0;6,0;0,0;0,0
HRJP;UNIDADE INTERNAÇÃO - CLÍNICA CIRÚRGICA ALA B;2025,0;4,0;1,0;1,0;14,0;0,07142857142857142;0,07142857142857142
HRJP;UNIDADE INTERNAÇÃO - CLÍNICA CIRÚRGICA ALA B;2025,0;5,0;0,0;0,0;18,0;0,0;0,0
HRJP;UNIDADE INTERNAÇÃO - CLÍNICA CIRÚRGICA ALA B;2025,0;6,0;1,0;1,0;16,0;0,0625;0,0625
HRJP;UNIDADE INTERNAÇÃO - CLÍNICA CIRÚRGICA ALA B;2025,0;7,0;0,0;0,0;2,0;0,0;0,0
HRJP;UNIDADE INTERNAÇÃO - CLÍNICA CIRÚRGICA ALA B;2025,0;8,0;0,0;0,0;9,0;0,0;0,0
HRJP;UNIDADE INTERNAÇÃO - CLÍNICA CIRÚRGICA ALA B;2025,0;9,0;1,0;1,0;16,0;0,0625;0,0625
HRJP;UNIDADE INTERNAÇÃO - CLÍNICA CIRÚRGICA ALA B;2025,0;10,0;0,0;0,0;10,0;0,0;0,0
HRJP;UNIDADE INTERNAÇÃO - CLÍNICA CIRÚRGICA ALA B;2025,0;11,0;0,0;0,0;3,0;0,0;0,0
HRJP;UNIDADE INTERNAÇÃO - CLÍNICA CIRÚRGICA ALA B;2025,0;12,0;0,0;0,0;21,0;0,0;0,0
HRJP;UNIDADE INTERNAÇÃO - CLÍNICA CIRÚRGICA ALA B;2026,0;1,0;0,0;0,0;10,0;0,0;0,0
HRJP;UNIDADE INTERNAÇÃO - CLÍNICA CIRÚRGICA ALA B;2026,0;2,0;0,0;0,0;10,0;0,0;0,0
HRJP;UNIDADE INTERNAÇÃO - CLÍNICA CIRÚRGICA ALA B;2026,0;3,0;0,0;0,0;43,0;0,0;0,0
HRJP;UNIDADE INTERNAÇÃO - CLÍNICA CIRÚRGICA ALA B;2026,0;4,0;1,0;1,0;36,0;0,027777777777777776;0,027777777777777776
HRJP;UNIDADE INTERNAÇÃO - CLÍNICA CIRÚRGICA ALA B;2026,0;5,0;0,0;0,0;29,0;0,0;0,0
HRJP;UNIDADE INTERNAÇÃO - CLÍNICA CIRÚRGICA ALA B;2026,0;6,0;0,0;0,0;26,0;0,0;0,0
HRJP;UNIDADE INTERNAÇÃO - CLÍNICA CIRÚRGICA ALA B;2026,0;7,0;0,0;0,0;25,0;0,0;0,0
HRJP;UNIDADE INTERNAÇÃO - CLÍNICA CIRÚRGICA ALA B;2026,0;8,0;0,0;0,0;16,0;0,0;0,0
HRJP;UNIDADE INTERNAÇÃO - CLINICA CIRURGICA ALA C;2024,0;5,0;0,0;0,0;28,0;0,0;0,0
HRJP;UNIDADE INTERNAÇÃO - CLINICA CIRURGICA ALA C;2024,0;6,0;0,0;0,0;27,0;0,0;0,0
HRJP;UNIDADE INTERNAÇÃO - CLINICA CIRURGICA ALA C;2024,0;7,0;0,0;0,0;34,0;0,0;0,0
HRJP;UNIDADE INTERNAÇÃO - CLINICA CIRURGICA ALA C;2024,0;8,0;0,0;0,0;21,0;0,0;0,0
HRJP;UNIDADE INTERNAÇÃO - CLINICA CIRURGICA ALA C;2024,0;9,0;0,0;0,0;28,0;0,0;0,0
HRJP;UNIDADE INTERNAÇÃO - CLINICA CIRURGICA ALA C;2024,0;10,0;0,0;0,0;21,0;0,0;0,0
HRJP;UNIDADE INTERNAÇÃO - CLINICA CIRURGICA ALA C;2024,0;11,0;0,0;0,0;4,0;0,0;0,0
HRJP;UNIDADE INTERNAÇÃO - CLÍNICA CIRÚRGICA ALA C;2024,0;11,0;0,0;0,0;13,0;0,0;0,0
HRJP;UNIDADE INTERNAÇÃO - CLÍNICA CIRÚRGICA ALA C;2024,0;12,0;0,0;0,0;18,0;0,0;0,0
HRJP;UNIDADE INTERNAÇÃO - CLÍNICA CIRÚRGICA ALA C;2025,0;1,0;0,0;0,0;12,0;0,0;0,0
HRJP;UNIDADE INTERNAÇÃO - CLÍNICA CIRÚRGICA ALA C;2025,0;2,0;0,0;0,0;17,0;0,0;0,0
HRJP;UNIDADE INTERNAÇÃO - CLÍNICA CIRÚRGICA ALA C;2025,0;3,0;0,0;0,0;23,0;0,0;0,0
HRJP;UNIDADE INTERNAÇÃO - CLÍNICA CIRÚRGICA ALA C;2025,0;4,0;0,0;0,0;28,0;0,0;0,0
HRJP;UNIDADE INTERNAÇÃO - CLÍNICA CIRÚRGICA ALA C;2025,0;5,0;0,0;0,0;13,0;0,0;0,0
HRJP;UNIDADE INTERNAÇÃO - CLÍNICA CIRÚRGICA ALA C;2025,0;6,0;0,0;0,0;20,0;0,0;0,0
HRJP;UNIDADE INTERNAÇÃO - CLÍNICA CIRÚRGICA ALA C;2025,0;7,0;0,0;0,0;32,0;0,0;0,0
HRJP;UNIDADE INTERNAÇÃO - CLÍNICA CIRÚRGICA ALA C;2025,0;8,0;0,0;0,0;33,0;0,0;0,0
HRJP;UNIDADE INTERNAÇÃO - CLÍNICA CIRÚRGICA ALA C;2025,0;9,0;0,0;0,0;26,0;0,0;0,0
HRJP;UNIDADE INTERNAÇÃO - CLÍNICA CIRÚRGICA ALA C;2025,0;10,0;0,0;0,0;24,0;0,0;0,0
HRJP;UNIDADE INTERNAÇÃO - CLÍNICA CIRÚRGICA ALA C;2025,0;11,0;1,0;1,0;13,0;0,07692307692307693;0,07692307692307693
HRJP;UNIDADE INTERNAÇÃO - CLÍNICA CIRÚRGICA ALA C;2025,0;12,0;0,0;0,0;11,0;0,0;0,0
HRJP;UNIDADE INTERNAÇÃO - CLÍNICA CIRÚRGICA ALA C;2026,0;1,0;0,0;0,0;1,0;0,0;0,0
HRJP;UNIDADE INTERNAÇÃO - CLÍNICA CIRÚRGICA ALA C;2026,0;2,0;0,0;0,0;2,0;0,0;0,0
HRJP;UNIDADE INTERNAÇÃO - CLÍNICA CIRÚRGICA ALA C;2026,0;5,0;0,0;0,0;19,0;0,0;0,0
HRJP;UNIDADE INTERNAÇÃO - CLÍNICA CIRÚRGICA ALA C;2026,0;6,0;1,0;1,0;29,0;0,034482758620689655;0,034482758620689655
HRJP;UNIDADE INTERNAÇÃO - CLÍNICA CIRÚRGICA ALA C;2026,0;7,0;0,0;0,0;27,0;0,0;0,0
HRJP;UNIDADE INTERNAÇÃO - CLÍNICA CIRÚRGICA ALA C;2026,0;8,0;0,0;0,0;28,0;0,0;0,0
HRJP;UNIDADE INTERNAÇÃO - CLINICA MÉDICA ALA A;2021,0;7,0;1,0;1,0;3,0;0,3333333333333333;0,3333333333333333
HRJP;UNIDADE INTERNAÇÃO - CLINICA MÉDICA ALA A;2021,0;8,0;0,0;0,0;22,0;0,0;0,0
HRJP;UNIDADE INTERNAÇÃO - CLINICA MÉDICA ALA A;2021,0;9,0;1,0;1,0;23,0;0,043478260869565216;0,043478260869565216
HRJP;UNIDADE INTERNAÇÃO - CLINICA MÉDICA ALA A;2021,0;10,0;0,0;0,0;11,0;0,0;0,0
HRJP;UNIDADE INTERNAÇÃO - CLINICA MÉDICA ALA A;2021,0;11,0;2,0;2,0;27,0;0,07407407407407407;0,07407407407407407
HRJP;UNIDADE INTERNAÇÃO - CLINICA MÉDICA ALA A;2021,0;12,0;1,0;0,0;44,0;0,022727272727272728;0,0
HRJP;UNIDADE INTERNAÇÃO - CLINICA MÉDICA ALA A;2022,0;1,0;0,0;0,0;28,0;0,0;0,0
HRJP;UNIDADE INTERNAÇÃO - CLINICA MÉDICA ALA A;2022,0;2,0;0,0;0,0;31,0;0,0;0,0
HRJP;UNIDADE INTERNAÇÃO - CLINICA MÉDICA ALA A;2022,0;3,0;0,0;0,0;39,0;0,0;0,0
HRJP;UNIDADE INTERNAÇÃO - CLINICA MÉDICA ALA A;2022,0;4,0;0,0;0,0;35,0;0,0;0,0
HRJP;UNIDADE INTERNAÇÃO - CLINICA MÉDICA ALA A;2022,0;5,0;0,0;0,0;65,0;0,0;0,0
HRJP;UNIDADE INTERNAÇÃO - CLINICA MÉDICA ALA A;2022,0;6,0;0,0;0,0;14,0;0,0;0,0
HRJP;UNIDADE INTERNAÇÃO - CLINICA MÉDICA ALA A;2022,0;7,0;0,0;0,0;14,0;0,0;0,0
HRJP;UNIDADE INTERNAÇÃO - CLINICA MÉDICA ALA A;2022,0;8,0;0,0;0,0;15,0;0,0;0,0
HRJP;UNIDADE INTERNAÇÃO - CLINICA MÉDICA ALA A;2022,0;9,0;0,0;0,0;12,0;0,0;0,0
HRJP;UNIDADE INTERNAÇÃO - CLINICA MÉDICA ALA A;2022,0;10,0;0,0;0,0;18,0;0,0;0,0
HRJP;UNIDADE INTERNAÇÃO - CLINICA MÉDICA ALA A;2022,0;11,0;1,0;1,0;10,0;0,1;0,1
HRJP;UNIDADE INTERNAÇÃO - CLINICA MÉDICA ALA A;2022,0;12,0;0,0;0,0;5,0;0,0;0,0
HRJP;UNIDADE INTERNAÇÃO - CLINICA MÉDICA ALA A;2023,0;1,0;0,0;0,0;5,0;0,0;0,0
HRJP;UNIDADE INTERNAÇÃO - CLINICA MÉDICA ALA A;2023,0;2,0;1,0;1,0;9,0;0,1111111111111111;0,1111111111111111
HRJP;UNIDADE INTERNAÇÃO - CLINICA MÉDICA ALA A;2023,0;3,0;0,0;0,0;17,0;0,0;0,0
HRJP;UNIDADE INTERNAÇÃO - CLINICA MÉDICA ALA A;2023,0;4,0;1,0;1,0;17,0;0,058823529411764705;0,058823529411764705
HRJP;UNIDADE INTERNAÇÃO - CLINICA MÉDICA ALA A;2023,0;5,0;1,0;1,0;13,0;0,07692307692307693;0,07692307692307693
HRJP;UNIDADE INTERNAÇÃO - CLINICA MÉDICA ALA A;2023,0;6,0;0,0;0,0;13,0;0,0;0,0
HRJP;UNIDADE INTERNAÇÃO - CLINICA MÉDICA ALA A;2023,0;7,0;2,0;2,0;24,0;0,08333333333333333;0,08333333333333333
HRJP;UNIDADE INTERNAÇÃO - CLINICA MÉDICA ALA A;2023,0;8,0;0,0;0,0;18,0;0,0;0,0
HRJP;UNIDADE INTERNAÇÃO - CLINICA MÉDICA ALA A;2023,0;9,0;2,0;2,0;9,0;0,2222222222222222;0,2222222222222222
HRJP;UNIDADE INTERNAÇÃO - CLINICA MÉDICA ALA A;2023,0;10,0;0,0;0,0;11,0;0,0;0,0
HRJP;UNIDADE INTERNAÇÃO - CLINICA MÉDICA ALA A;2023,0;11,0;3,0;3,0;14,0;0,21428571428571427;0,21428571428571427
HRJP;UNIDADE INTERNAÇÃO - CLINICA MÉDICA ALA A;2023,0;12,0;1,0;1,0;16,0;0,0625;0,0625
HRJP;UNIDADE INTERNAÇÃO - CLINICA MÉDICA ALA A;2024,0;1,0;0,0;0,0;14,0;0,0;0,0
HRJP;UNIDADE INTERNAÇÃO - CLINICA MÉDICA ALA A;2024,0;2,0;1,0;1,0;22,0;0,045454545454545456;0,045454545454545456
HRJP;UNIDADE INTERNAÇÃO - CLINICA MÉDICA ALA A;2024,0;3,0;0,0;0,0;36,0;0,0;0,0
HRJP;UNIDADE INTERNAÇÃO - CLINICA MÉDICA ALA A;2024,0;4,0;0,0;0,0;46,0;0,0;0,0
HRJP;UNIDADE INTERNAÇÃO - CLINICA MÉDICA ALA A;2024,0;5,0;1,0;1,0;56,0;0,017857142857142856;0,017857142857142856
HRJP;UNIDADE INTERNAÇÃO - CLINICA MÉDICA ALA A;2024,0;6,0;0,0;0,0;34,0;0,0;0,0
HRJP;UNIDADE INTERNAÇÃO - CLINICA MÉDICA ALA A;2024,0;7,0;1,0;1,0;30,0;0,03333333333333333;0,03333333333333333
HRJP;UNIDADE INTERNAÇÃO - CLINICA MÉDICA ALA A;2024,0;8,0;1,0;1,0;42,0;0,023809523809523808;0,023809523809523808
HRJP;UNIDADE INTERNAÇÃO - CLINICA MÉDICA ALA A;2024,0;9,0;0,0;0,0;40,0;0,0;0,0
HRJP;UNIDADE INTERNAÇÃO - CLINICA MÉDICA ALA A;2024,0;10,0;0,0;0,0;40,0;0,0;0,0
HRJP;UNIDADE INTERNAÇÃO - CLINICA MÉDICA ALA A;2024,0;11,0;0,0;0,0;7,0;0,0;0,0
HRJP;UNIDADE INTERNAÇÃO - CLÍNICA MÉDICA ALA A;2024,0;10,0;1,0;1,0;1,0;1,0;1,0
HRJP;UNIDADE INTERNAÇÃO - CLÍNICA MÉDICA ALA A;2024,0;11,0;0,0;0,0;38,0;0,0;0,0
HRJP;UNIDADE INTERNAÇÃO - CLÍNICA MÉDICA ALA A;2024,0;12,0;4,0;4,0;44,0;0,09090909090909091;0,09090909090909091
HRJP;UNIDADE INTERNAÇÃO - CLÍNICA MÉDICA ALA A;2025,0;1,0;0,0;0,0;42,0;0,0;0,0
HRJP;UNIDADE INTERNAÇÃO - CLÍNICA MÉDICA ALA A;2025,0;2,0;0,0;0,0;44,0;0,0;0,0
HRJP;UNIDADE INTERNAÇÃO - CLÍNICA MÉDICA ALA A;2025,0;3,0;0,0;0,0;57,0;0,0;0,0
HRJP;UNIDADE INTERNAÇÃO - CLÍNICA MÉDICA ALA A;2025,0;4,0;1,0;1,0;57,0;0,017543859649122806;0,017543859649122806
HRJP;UNIDADE INTERNAÇÃO - CLÍNICA MÉDICA ALA A;2025,0;5,0;1,0;1,0;57,0;0,017543859649122806;0,017543859649122806
HRJP;UNIDADE INTERNAÇÃO - CLÍNICA MÉDICA ALA A;2025,0;6,0;1,0;1,0;46,0;0,021739130434782608;0,021739130434782608
HRJP;UNIDADE INTERNAÇÃO - CLÍNICA MÉDICA ALA A;2025,0;7,0;0,0;0,0;58,0;0,0;0,0
HRJP;UNIDADE INTERNAÇÃO - CLÍNICA MÉDICA ALA A;2025,0;8,0;0,0;0,0;46,0;0,0;0,0
HRJP;UNIDADE INTERNAÇÃO - CLÍNICA MÉDICA ALA A;2025,0;9,0;0,0;0,0;47,0;0,0;0,0
HRJP;UNIDADE INTERNAÇÃO - CLÍNICA MÉDICA ALA A;2025,0;10,0;0,0;0,0;46,0;0,0;0,0
HRJP;UNIDADE INTERNAÇÃO - CLÍNICA MÉDICA ALA A;2025,0;11,0;1,0;1,0;66,0;0,015151515151515152;0,015151515151515152
HRJP;UNIDADE INTERNAÇÃO - CLÍNICA MÉDICA ALA A;2025,0;12,0;1,0;1,0;28,0;0,03571428571428571;0,03571428571428571
HRJP;UNIDADE INTERNAÇÃO - CLÍNICA MÉDICA ALA A;2026,0;1,0;0,0;0,0;40,0;0,0;0,0
HRJP;UNIDADE INTERNAÇÃO - CLÍNICA MÉDICA ALA A;2026,0;2,0;0,0;0,0;52,0;0,0;0,0
HRJP;UNIDADE INTERNAÇÃO - CLÍNICA MÉDICA ALA A;2026,0;3,0;0,0;0,0;108,0;0,0;0,0
HRJP;UNIDADE INTERNAÇÃO - CLÍNICA MÉDICA ALA A;2026,0;4,0;1,0;1,0;102,0;0,00980392156862745;0,00980392156862745
HRJP;UNIDADE INTERNAÇÃO - CLÍNICA MÉDICA ALA A;2026,0;5,0;2,0;2,0;52,0;0,038461538461538464;0,038461538461538464
HRJP;UNIDADE INTERNAÇÃO - CLÍNICA MÉDICA ALA A;2026,0;6,0;0,0;0,0;1,0;0,0;0,0
HRJP;UNIDADE INTERNAÇÃO - CLINICA MÉDICA ALA B;2019,0;1,0;1,0;1,0;51,0;0,0196078431372549;0,0196078431372549
HRJP;UNIDADE INTERNAÇÃO - CLINICA MÉDICA ALA B;2019,0;2,0;4,0;4,0;56,0;0,07142857142857142;0,07142857142857142
HRJP;UNIDADE INTERNAÇÃO - CLINICA MÉDICA ALA B;2019,0;3,0;2,0;2,0;58,0;0,034482758620689655;0,034482758620689655
HRJP;UNIDADE INTERNAÇÃO - CLINICA MÉDICA ALA B;2019,0;4,0;0,0;0,0;62,0;0,0;0,0
HRJP;UNIDADE INTERNAÇÃO - CLINICA MÉDICA ALA B;2019,0;5,0;2,0;2,0;79,0;0,02531645569620253;0,02531645569620253
HRJP;UNIDADE INTERNAÇÃO - CLINICA MÉDICA ALA B;2019,0;6,0;2,0;2,0;66,0;0,030303030303030304;0,030303030303030304
HRJP;UNIDADE INTERNAÇÃO - CLINICA MÉDICA ALA B;2019,0;7,0;1,0;1,0;85,0;0,011764705882352941;0,011764705882352941
HRJP;UNIDADE INTERNAÇÃO - CLINICA MÉDICA ALA B;2019,0;8,0;0,0;0,0;76,0;0,0;0,0
HRJP;UNIDADE INTERNAÇÃO - CLINICA MÉDICA ALA B;2019,0;9,0;1,0;1,0;71,0;0,014084507042253521;0,014084507042253521
HRJP;UNIDADE INTERNAÇÃO - CLINICA MÉDICA ALA B;2019,0;10,0;2,0;2,0;91,0;0,02197802197802198;0,02197802197802198
HRJP;UNIDADE INTERNAÇÃO - CLINICA MÉDICA ALA B;2019,0;11,0;2,0;2,0;89,0;0,02247191011235955;0,02247191011235955
HRJP;UNIDADE INTERNAÇÃO - CLINICA MÉDICA ALA B;2019,0;12,0;2,0;2,0;101,0;0,019801980198019802;0,019801980198019802
HRJP;UNIDADE INTERNAÇÃO - CLINICA MÉDICA ALA B;2020,0;1,0;4,0;4,0;71,0;0,056338028169014086;0,056338028169014086
HRJP;UNIDADE INTERNAÇÃO - CLINICA MÉDICA ALA B;2020,0;2,0;3,0;3,0;82,0;0,036585365853658534;0,036585365853658534
HRJP;UNIDADE INTERNAÇÃO - CLINICA MÉDICA ALA B;2020,0;3,0;3,0;3,0;93,0;0,03225806451612903;0,03225806451612903
HRJP;UNIDADE INTERNAÇÃO - CLINICA MÉDICA ALA B;2020,0;4,0;1,0;1,0;20,0;0,05;0,05
HRJP;UNIDADE INTERNAÇÃO - CLINICA MÉDICA ALA B;2020,0;5,0;3,0;3,0;37,0;0,08108108108108109;0,08108108108108109
HRJP;UNIDADE INTERNAÇÃO - CLINICA MÉDICA ALA B;2020,0;6,0;0,0;0,0;30,0;0,0;0,0
HRJP;UNIDADE INTERNAÇÃO - CLINICA MÉDICA ALA B;2020,0;7,0;1,0;1,0;44,0;0,022727272727272728;0,022727272727272728
HRJP;UNIDADE INTERNAÇÃO - CLINICA MÉDICA ALA B;2020,0;8,0;2,0;2,0;45,0;0,044444444444444446;0,044444444444444446
HRJP;UNIDADE INTERNAÇÃO - CLINICA MÉDICA ALA B;2020,0;9,0;0,0;0,0;41,0;0,0;0,0
HRJP;UNIDADE INTERNAÇÃO - CLINICA MÉDICA ALA B;2020,0;10,0;2,0;2,0;37,0;0,05405405405405406;0,05405405405405406
HRJP;UNIDADE INTERNAÇÃO - CLINICA MÉDICA ALA B;2020,0;11,0;4,0;4,0;67,0;0,05970149253731343;0,05970149253731343
HRJP;UNIDADE INTERNAÇÃO - CLINICA MÉDICA ALA B;2020,0;12,0;4,0;4,0;99,0;0,04040404040404041;0,04040404040404041
HRJP;UNIDADE INTERNAÇÃO - CLINICA MÉDICA ALA B;2021,0;1,0;0,0;0,0;52,0;0,0;0,0
HRJP;UNIDADE INTERNAÇÃO - CLINICA MÉDICA ALA B;2021,0;2,0;1,0;1,0;43,0;0,023255813953488372;0,023255813953488372
HRJP;UNIDADE INTERNAÇÃO - CLINICA MÉDICA ALA B;2021,0;3,0;2,0;2,0;90,0;0,022222222222222223;0,022222222222222223
HRJP;UNIDADE INTERNAÇÃO - CLINICA MÉDICA ALA B;2021,0;4,0;1,0;1,0;79,0;0,012658227848101266;0,012658227848101266
HRJP;UNIDADE INTERNAÇÃO - CLINICA MÉDICA ALA B;2021,0;5,0;1,0;0,0;35,0;0,02857142857142857;0,0
HRJP;UNIDADE INTERNAÇÃO - CLINICA MÉDICA ALA B;2021,0;6,0;0,0;0,0;59,0;0,0;0,0
HRJP;UNIDADE INTERNAÇÃO - CLINICA MÉDICA ALA B;2021,0;7,0;0,0;0,0;21,0;0,0;0,0
HRJP;UNIDADE INTERNAÇÃO - CLINICA MÉDICA ALA B;2021,0;12,0;1,0;1,0;26,0;0,038461538461538464;0,038461538461538464
HRJP;UNIDADE INTERNAÇÃO - CLINICA MÉDICA ALA B;2022,0;1,0;0,0;0,0;20,0;0,0;0,0
HRJP;UNIDADE INTERNAÇÃO - CLINICA MÉDICA ALA B;2022,0;2,0;0,0;0,0;36,0;0,0;0,0
HRJP;UNIDADE INTERNAÇÃO - CLINICA MÉDICA ALA B;2022,0;3,0;3,0;3,0;46,0;0,06521739130434782;0,06521739130434782
HRJP;UNIDADE INTERNAÇÃO - CLINICA MÉDICA ALA B;2022,0;4,0;3,0;3,0;40,0;0,075;0,075
HRJP;UNIDADE INTERNAÇÃO - CLINICA MÉDICA ALA B;2022,0;5,0;5,0;5,0;43,0;0,11627906976744186;0,11627906976744186
HRJP;UNIDADE INTERNAÇÃO - CLINICA MÉDICA ALA B;2022,0;6,0;1,0;1,0;12,0;0,08333333333333333;0,08333333333333333
HRJP;UNIDADE INTERNAÇÃO - CLINICA MÉDICA ALA B;2022,0;7,0;2,0;2,0;12,0;0,16666666666666666;0,16666666666666666
HRJP;UNIDADE INTERNAÇÃO - CLINICA MÉDICA ALA B;2022,0;8,0;0,0;0,0;11,0;0,0;0,0
HRJP;UNIDADE INTERNAÇÃO - CLINICA MÉDICA ALA B;2022,0;9,0;1,0;1,0;11,0;0,09090909090909091;0,09090909090909091
HRJP;UNIDADE INTERNAÇÃO - CLINICA MÉDICA ALA B;2022,0;10,0;0,0;0,0;10,0;0,0;0,0
HRJP;UNIDADE INTERNAÇÃO - CLINICA MÉDICA ALA B;2022,0;11,0;0,0;0,0;20,0;0,0;0,0
HRJP;UNIDADE INTERNAÇÃO - CLINICA MÉDICA ALA B;2022,0;12,0;1,0;1,0;7,0;0,14285714285714285;0,14285714285714285
HRJP;UNIDADE INTERNAÇÃO - CLINICA MÉDICA ALA B;2023,0;1,0;2,0;2,0;4,0;0,5;0,5
HRJP;UNIDADE INTERNAÇÃO - CLINICA MÉDICA ALA B;2023,0;2,0;0,0;0,0;22,0;0,0;0,0
HRJP;UNIDADE INTERNAÇÃO - CLINICA MÉDICA ALA B;2023,0;3,0;1,0;1,0;26,0;0,038461538461538464;0,038461538461538464
HRJP;UNIDADE INTERNAÇÃO - CLINICA MÉDICA ALA B;2023,0;4,0;1,0;0,0;19,0;0,05263157894736842;0,0
HRJP;UNIDADE INTERNAÇÃO - CLINICA MÉDICA ALA B;2023,0;5,0;1,0;1,0;23,0;0,043478260869565216;0,043478260869565216
HRJP;UNIDADE INTERNAÇÃO - CLINICA MÉDICA ALA B;2023,0;6,0;0,0;0,0;22,0;0,0;0,0
HRJP;UNIDADE INTERNAÇÃO - CLINICA MÉDICA ALA B;2023,0;7,0;1,0;1,0;19,0;0,05263157894736842;0,05263157894736842
HRJP;UNIDADE INTERNAÇÃO - CLINICA MÉDICA ALA B;2023,0;8,0;1,0;1,0;11,0;0,09090909090909091;0,09090909090909091
HRJP;UNIDADE INTERNAÇÃO - CLINICA MÉDICA ALA B;2023,0;9,0;1,0;1,0;18,0;0,05555555555555555;0,05555555555555555
HRJP;UNIDADE INTERNAÇÃO - CLINICA MÉDICA ALA B;2023,0;10,0;0,0;0,0;14,0;0,0;0,0
HRJP;UNIDADE INTERNAÇÃO - CLINICA MÉDICA ALA B;2023,0;11,0;2,0;2,0;19,0;0,10526315789473684;0,10526315789473684
HRJP;UNIDADE INTERNAÇÃO - CLINICA MÉDICA ALA B;2023,0;12,0;1,0;1,0;21,0;0,047619047619047616;0,047619047619047616
HRJP;UNIDADE INTERNAÇÃO - CLINICA MÉDICA ALA B;2024,0;1,0;1,0;1,0;8,0;0,125;0,125
HRJP;UNIDADE INTERNAÇÃO - CLINICA MÉDICA ALA B;2024,0;2,0;0,0;0,0;12,0;0,0;0,0
HRJP;UNIDADE INTERNAÇÃO - CLINICA MÉDICA ALA B;2024,0;3,0;1,0;1,0;19,0;0,05263157894736842;0,05263157894736842
HRJP;UNIDADE INTERNAÇÃO - CLINICA MÉDICA ALA B;2024,0;4,0;0,0;0,0;22,0;0,0;0,0
HRJP;UNIDADE INTERNAÇÃO - CLINICA MÉDICA ALA B;2024,0;5,0;0,0;0,0;22,0;0,0;0,0
HRJP;UNIDADE INTERNAÇÃO - CLINICA MÉDICA ALA B;2024,0;6,0;1,0;1,0;20,0;0,05;0,05
HRJP;UNIDADE INTERNAÇÃO - CLINICA MÉDICA ALA B;2024,0;7,0;1,0;1,0;17,0;0,058823529411764705;0,058823529411764705
HRJP;UNIDADE INTERNAÇÃO - CLINICA MÉDICA ALA B;2024,0;8,0;1,0;1,0;23,0;0,043478260869565216;0,043478260869565216
HRJP;UNIDADE INTERNAÇÃO - CLINICA MÉDICA ALA B;2024,0;9,0;0,0;0,0;20,0;0,0;0,0
HRJP;UNIDADE INTERNAÇÃO - CLINICA MÉDICA ALA B;2024,0;10,0;0,0;0,0;26,0;0,0;0,0
HRJP;UNIDADE INTERNAÇÃO - CLINICA MÉDICA ALA B;2024,0;11,0;1,0;1,0;4,0;0,25;0,25
HRJP;UNIDADE INTERNAÇÃO - CLÍNICA MÉDICA ALA B;2024,0;11,0;1,0;1,0;29,0;0,034482758620689655;0,034482758620689655
HRJP;UNIDADE INTERNAÇÃO - CLÍNICA MÉDICA ALA B;2024,0;12,0;2,0;2,0;29,0;0,06896551724137931;0,06896551724137931
HRJP;UNIDADE INTERNAÇÃO - CLÍNICA MÉDICA ALA B;2025,0;1,0;1,0;1,0;32,0;0,03125;0,03125
HRJP;UNIDADE INTERNAÇÃO - CLÍNICA MÉDICA ALA B;2025,0;2,0;0,0;0,0;34,0;0,0;0,0
HRJP;UNIDADE INTERNAÇÃO - CLÍNICA MÉDICA ALA B;2025,0;3,0;1,0;1,0;42,0;0,023809523809523808;0,023809523809523808
HRJP;UNIDADE INTERNAÇÃO - CLÍNICA MÉDICA ALA B;2025,0;4,0;1,0;1,0;34,0;0,029411764705882353;0,029411764705882353
HRJP;UNIDADE INTERNAÇÃO - CLÍNICA MÉDICA ALA B;2025,0;5,0;1,0;1,0;41,0;0,024390243902439025;0,024390243902439025
HRJP;UNIDADE INTERNAÇÃO - CLÍNICA MÉDICA ALA B;2025,0;6,0;0,0;0,0;37,0;0,0;0,0
HRJP;UNIDADE INTERNAÇÃO - CLÍNICA MÉDICA ALA B;2025,0;7,0;1,0;1,0;29,0;0,034482758620689655;0,034482758620689655
HRJP;UNIDADE INTERNAÇÃO - CLÍNICA MÉDICA ALA B;2025,0;8,0;2,0;2,0;28,0;0,07142857142857142;0,07142857142857142
HRJP;UNIDADE INTERNAÇÃO - CLÍNICA MÉDICA ALA B;2025,0;9,0;3,0;3,0;46,0;0,06521739130434782;0,06521739130434782
HRJP;UNIDADE INTERNAÇÃO - CLÍNICA MÉDICA ALA B;2025,0;10,0;0,0;0,0;47,0;0,0;0,0
HRJP;UNIDADE INTERNAÇÃO - CLÍNICA MÉDICA ALA B;2025,0;11,0;0,0;0,0;13,0;0,0;0,0
HRJP;UNIDADE INTERNAÇÃO - CLÍNICA MÉDICA ALA B;2025,0;12,0;1,0;1,0;67,0;0,014925373134328358;0,014925373134328358
HRJP;UNIDADE INTERNAÇÃO - CLÍNICA MÉDICA ALA B;2026,0;1,0;0,0;0,0;53,0;0,0;0,0
HRJP;UNIDADE INTERNAÇÃO - CLÍNICA MÉDICA ALA B;2026,0;2,0;0,0;0,0;83,0;0,0;0,0
HRJP;UNIDADE INTERNAÇÃO - CLÍNICA MÉDICA ALA B;2026,0;3,0;0,0;0,0;79,0;0,0;0,0
HRJP;UNIDADE INTERNAÇÃO - CLÍNICA MÉDICA ALA B;2026,0;4,0;0,0;0,0;84,0;0,0;0,0
HRJP;UNIDADE INTERNAÇÃO - CLÍNICA MÉDICA ALA B;2026,0;5,0;0,0;0,0;81,0;0,0;0,0
HRJP;UNIDADE INTERNAÇÃO - CLÍNICA MÉDICA ALA B;2026,0;6,0;2,0;2,0;89,0;0,02247191011235955;0,02247191011235955
HRJP;UNIDADE INTERNAÇÃO - CLÍNICA MÉDICA ALA B;2026,0;7,0;0,0;0,0;82,0;0,0;0,0
HRJP;UNIDADE INTERNAÇÃO - CLÍNICA MÉDICA ALA B;2026,0;8,0;1,0;1,0;67,0;0,014925373134328358;0,014925373134328358
HRJP;UNIDADE INTERNAÇÃO - CLINICA MÉDICA ALA C;2022,0;6,0;0,0;0,0;34,0;0,0;0,0
HRJP;UNIDADE INTERNAÇÃO - CLINICA MÉDICA ALA C;2022,0;7,0;1,0;1,0;42,0;0,023809523809523808;0,023809523809523808
HRJP;UNIDADE INTERNAÇÃO - CLINICA MÉDICA ALA C;2022,0;8,0;1,0;1,0;33,0;0,030303030303030304;0,030303030303030304
HRJP;UNIDADE INTERNAÇÃO - CLINICA MÉDICA ALA C;2022,0;9,0;0,0;0,0;34,0;0,0;0,0
HRJP;UNIDADE INTERNAÇÃO - CLINICA MÉDICA ALA C;2022,0;10,0;0,0;0,0;27,0;0,0;0,0
HRJP;UNIDADE INTERNAÇÃO - CLINICA MÉDICA ALA C;2022,0;11,0;0,0;0,0;29,0;0,0;0,0
HRJP;UNIDADE INTERNAÇÃO - CLINICA MÉDICA ALA C;2022,0;12,0;2,0;2,0;37,0;0,05405405405405406;0,05405405405405406
HRJP;UNIDADE INTERNAÇÃO - CLINICA MÉDICA ALA C;2023,0;1,0;0,0;0,0;21,0;0,0;0,0
HRJP;UNIDADE INTERNAÇÃO - CLINICA MÉDICA ALA C;2023,0;2,0;0,0;0,0;29,0;0,0;0,0
HRJP;UNIDADE INTERNAÇÃO - CLINICA MÉDICA ALA C;2023,0;3,0;0,0;0,0;55,0;0,0;0,0
HRJP;UNIDADE INTERNAÇÃO - CLINICA MÉDICA ALA C;2023,0;4,0;0,0;0,0;34,0;0,0;0,0
HRJP;UNIDADE INTERNAÇÃO - CLINICA MÉDICA ALA C;2023,0;5,0;1,0;1,0;39,0;0,02564102564102564;0,02564102564102564
HRJP;UNIDADE INTERNAÇÃO - CLINICA MÉDICA ALA C;2023,0;6,0;2,0;2,0;58,0;0,034482758620689655;0,034482758620689655
HRJP;UNIDADE INTERNAÇÃO - CLINICA MÉDICA ALA C;2023,0;7,0;3,0;3,0;36,0;0,08333333333333333;0,08333333333333333
HRJP;UNIDADE INTERNAÇÃO - CLINICA MÉDICA ALA C;2023,0;8,0;0,0;0,0;39,0;0,0;0,0
HRJP;UNIDADE INTERNAÇÃO - CLINICA MÉDICA ALA C;2023,0;9,0;0,0;0,0;41,0;0,0;0,0
HRJP;UNIDADE INTERNAÇÃO - CLINICA MÉDICA ALA C;2023,0;10,0;1,0;1,0;30,0;0,03333333333333333;0,03333333333333333
HRJP;UNIDADE INTERNAÇÃO - CLINICA MÉDICA ALA C;2023,0;11,0;1,0;1,0;40,0;0,025;0,025
HRJP;UNIDADE INTERNAÇÃO - CLINICA MÉDICA ALA C;2023,0;12,0;1,0;1,0;39,0;0,02564102564102564;0,02564102564102564
HRJP;UNIDADE INTERNAÇÃO - CLINICA MÉDICA ALA C;2024,0;1,0;1,0;1,0;41,0;0,024390243902439025;0,024390243902439025
HRJP;UNIDADE INTERNAÇÃO - CLINICA MÉDICA ALA C;2024,0;2,0;1,0;1,0;19,0;0,05263157894736842;0,05263157894736842
HRJP;UNIDADE INTERNAÇÃO - CLINICA MÉDICA ALA C;2024,0;3,0;1,0;1,0;55,0;0,01818181818181818;0,01818181818181818
HRJP;UNIDADE INTERNAÇÃO - CLINICA MÉDICA ALA C;2024,0;4,0;1,0;0,0;71,0;0,014084507042253521;0,0
HRJP;UNIDADE INTERNAÇÃO - CLINICA MÉDICA ALA C;2024,0;5,0;1,0;1,0;49,0;0,02040816326530612;0,02040816326530612
HRJP;UNIDADE INTERNAÇÃO - CLINICA MÉDICA ALA C;2024,0;6,0;1,0;1,0;26,0;0,038461538461538464;0,038461538461538464
HRJP;UNIDADE INTERNAÇÃO - CLINICA MÉDICA ALA C;2024,0;7,0;1,0;1,0;39,0;0,02564102564102564;0,02564102564102564
HRJP;UNIDADE INTERNAÇÃO - CLINICA MÉDICA ALA C;2024,0;8,0;0,0;0,0;34,0;0,0;0,0
HRJP;UNIDADE INTERNAÇÃO - CLINICA MÉDICA ALA C;2024,0;9,0;0,0;0,0;26,0;0,0;0,0
HRJP;UNIDADE INTERNAÇÃO - CLINICA MÉDICA ALA C;2024,0;10,0;0,0;0,0;49,0;0,0;0,0
HRJP;UNIDADE INTERNAÇÃO - CLINICA MÉDICA ALA C;2024,0;11,0;0,0;0,0;6,0;0,0;0,0
HRJP;UNIDADE INTERNAÇÃO - CLÍNICA MÉDICA ALA C;2024,0;11,0;0,0;0,0;18,0;0,0;0,0
HRJP;UNIDADE INTERNAÇÃO - CLÍNICA MÉDICA ALA C;2024,0;12,0;0,0;0,0;22,0;0,0;0,0
HRJP;UNIDADE INTERNAÇÃO - CLÍNICA MÉDICA ALA C;2025,0;1,0;1,0;1,0;9,0;0,1111111111111111;0,1111111111111111
HRJP;UNIDADE INTERNAÇÃO - CLÍNICA MÉDICA ALA C;2025,0;2,0;1,0;1,0;23,0;0,043478260869565216;0,043478260869565216
HRJP;UNIDADE INTERNAÇÃO - CLÍNICA MÉDICA ALA C;2025,0;3,0;0,0;0,0;25,0;0,0;0,0
HRJP;UNIDADE INTERNAÇÃO - CLÍNICA MÉDICA ALA C;2025,0;4,0;0,0;0,0;21,0;0,0;0,0
HRJP;UNIDADE INTERNAÇÃO - CLÍNICA MÉDICA ALA C;2025,0;5,0;0,0;0,0;23,0;0,0;0,0
HRJP;UNIDADE INTERNAÇÃO - CLÍNICA MÉDICA ALA C;2025,0;6,0;0,0;0,0;18,0;0,0;0,0
HRJP;UNIDADE INTERNAÇÃO - CLÍNICA MÉDICA ALA C;2025,0;7,0;0,0;0,0;22,0;0,0;0,0
HRJP;UNIDADE INTERNAÇÃO - CLÍNICA MÉDICA ALA C;2025,0;8,0;0,0;0,0;23,0;0,0;0,0
HRJP;UNIDADE INTERNAÇÃO - CLÍNICA MÉDICA ALA C;2025,0;9,0;0,0;0,0;24,0;0,0;0,0
HRJP;UNIDADE INTERNAÇÃO - CLÍNICA MÉDICA ALA C;2025,0;10,0;0,0;0,0;28,0;0,0;0,0
HRJP;UNIDADE INTERNAÇÃO - CLÍNICA MÉDICA ALA C;2025,0;11,0;0,0;0,0;15,0;0,0;0,0
HRJP;UNIDADE INTERNAÇÃO - CLÍNICA MÉDICA ALA C;2025,0;12,0;0,0;0,0;13,0;0,0;0,0
HRJP;UNIDADE INTERNAÇÃO - CLÍNICA MÉDICA ALA C;2026,0;2,0;0,0;0,0;2,0;0,0;0,0
HRJP;UNIDADE INTERNAÇÃO - CLÍNICA MÉDICA ALA C;2026,0;3,0;1,0;1,0;16,0;0,0625;0,0625
HRJP;UNIDADE INTERNAÇÃO - CLÍNICA MÉDICA ALA C;2026,0;4,0;1,0;1,0;6,0;0,16666666666666666;0,16666666666666666
HRJP;UNIDADE INTERNAÇÃO - CLÍNICA MÉDICA ALA C;2026,0;5,0;0,0;0,0;19,0;0,0;0,0
HRJP;UNIDADE INTERNAÇÃO - CLÍNICA MÉDICA ALA C;2026,0;6,0;1,0;1,0;42,0;0,023809523809523808;0,023809523809523808
HRJP;UNIDADE INTERNAÇÃO - CLÍNICA MÉDICA ALA C;2026,0;7,0;1,0;1,0;47,0;0,02127659574468085;0,02127659574468085
HRJP;UNIDADE INTERNAÇÃO - CLÍNICA MÉDICA ALA C;2026,0;8,0;0,0;0,0;36,0;0,0;0,0
HRJP;UNIDADE INTERNAÇÃO - CLINICA MÉDICA COVID 19;2021,0;7,0;0,0;0,0;3,0;0,0;0,0
HRJP;UNIDADE INTERNAÇÃO - CLINICA MÉDICA COVID 19;2021,0;8,0;1,0;0,0;25,0;0,04;0,0
HRJP;UNIDADE INTERNAÇÃO - CLINICA MÉDICA COVID 19;2021,0;9,0;0,0;0,0;18,0;0,0;0,0
HRJP;UNIDADE INTERNAÇÃO - CLINICA MÉDICA COVID 19;2021,0;10,0;0,0;0,0;21,0;0,0;0,0
HRJP;UNIDADE INTERNAÇÃO - CLINICA MÉDICA COVID 19;2021,0;11,0;0,0;0,0;56,0;0,0;0,0
HRJP;UNIDADE INTERNAÇÃO - CLINICA MÉDICA COVID 19;2021,0;12,0;0,0;0,0;10,0;0,0;0,0
HRJP;UNIDADE INTERNAÇÃO - CLINICA MÉDICA MASCULINA;2019,0;1,0;2,0;2,0;54,0;0,037037037037037035;0,037037037037037035
HRJP;UNIDADE INTERNAÇÃO - CLINICA MÉDICA MASCULINA;2019,0;2,0;4,0;4,0;62,0;0,06451612903225806;0,06451612903225806
HRJP;UNIDADE INTERNAÇÃO - CLINICA MÉDICA MASCULINA;2019,0;3,0;2,0;2,0;47,0;0,0425531914893617;0,0425531914893617
HRJP;UNIDADE INTERNAÇÃO - CLINICA MÉDICA MASCULINA;2019,0;4,0;3,0;3,0;55,0;0,05454545454545454;0,05454545454545454
HRJP;UNIDADE INTERNAÇÃO - CLINICA MÉDICA MASCULINA;2019,0;5,0;1,0;0,0;64,0;0,015625;0,0
HRJP;UNIDADE INTERNAÇÃO - CLINICA MÉDICA MASCULINA;2019,0;6,0;0,0;0,0;58,0;0,0;0,0
HRJP;UNIDADE INTERNAÇÃO - CLINICA MÉDICA MASCULINA;2019,0;7,0;3,0;3,0;65,0;0,046153846153846156;0,046153846153846156
HRJP;UNIDADE INTERNAÇÃO - CLINICA MÉDICA MASCULINA;2019,0;8,0;2,0;2,0;59,0;0,03389830508474576;0,03389830508474576
HRJP;UNIDADE INTERNAÇÃO - CLINICA MÉDICA MASCULINA;2019,0;9,0;1,0;1,0;52,0;0,019230769230769232;0,019230769230769232
HRJP;UNIDADE INTERNAÇÃO - CLINICA MÉDICA MASCULINA;2019,0;10,0;3,0;3,0;56,0;0,05357142857142857;0,05357142857142857
HRJP;UNIDADE INTERNAÇÃO - CLINICA MÉDICA MASCULINA;2019,0;11,0;3,0;3,0;70,0;0,04285714285714286;0,04285714285714286
HRJP;UNIDADE INTERNAÇÃO - CLINICA MÉDICA MASCULINA;2019,0;12,0;2,0;2,0;57,0;0,03508771929824561;0,03508771929824561
HRJP;UNIDADE INTERNAÇÃO - CLINICA MÉDICA MASCULINA;2020,0;1,0;1,0;1,0;55,0;0,01818181818181818;0,01818181818181818
HRJP;UNIDADE INTERNAÇÃO - CLINICA MÉDICA MASCULINA;2020,0;2,0;1,0;1,0;61,0;0,01639344262295082;0,01639344262295082
HRJP;UNIDADE INTERNAÇÃO - CLINICA MÉDICA MASCULINA;2020,0;3,0;5,0;5,0;69,0;0,07246376811594203;0,07246376811594203
HRJP;UNIDADE INTERNAÇÃO - CLINICA MÉDICA MASCULINA;2020,0;4,0;0,0;0,0;1,0;0,0;0,0
HRJP;UNIDADE INTERNAÇÃO - CLINICA MÉDICA MASCULINA;2021,0;7,0;1,0;1,0;16,0;0,0625;0,0625
HRJP;UNIDADE INTERNAÇÃO - CLINICA PEDIÁTRICA;2019,0;1,0;0,0;0,0;71,0;0,0;0,0
HRJP;UNIDADE INTERNAÇÃO - CLINICA PEDIÁTRICA;2019,0;2,0;0,0;0,0;78,0;0,0;0,0
HRJP;UNIDADE INTERNAÇÃO - CLINICA PEDIÁTRICA;2019,0;3,0;0,0;0,0;72,0;0,0;0,0
HRJP;UNIDADE INTERNAÇÃO - CLINICA PEDIÁTRICA;2019,0;4,0;0,0;0,0;77,0;0,0;0,0
HRJP;UNIDADE INTERNAÇÃO - CLINICA PEDIÁTRICA;2019,0;5,0;0,0;0,0;97,0;0,0;0,0
HRJP;UNIDADE INTERNAÇÃO - CLINICA PEDIÁTRICA;2019,0;6,0;0,0;0,0;70,0;0,0;0,0
HRJP;UNIDADE INTERNAÇÃO - CLINICA PEDIÁTRICA;2019,0;7,0;0,0;0,0;69,0;0,0;0,0
HRJP;UNIDADE INTERNAÇÃO - CLINICA PEDIÁTRICA;2019,0;8,0;0,0;0,0;66,0;0,0;0,0
HRJP;UNIDADE INTERNAÇÃO - CLINICA PEDIÁTRICA;2019,0;9,0;0,0;0,0;63,0;0,0;0,0
HRJP;UNIDADE INTERNAÇÃO - CLINICA PEDIÁTRICA;2019,0;10,0;0,0;0,0;79,0;0,0;0,0
HRJP;UNIDADE INTERNAÇÃO - CLINICA PEDIÁTRICA;2019,0;11,0;0,0;0,0;63,0;0,0;0,0
HRJP;UNIDADE INTERNAÇÃO - CLINICA PEDIÁTRICA;2019,0;12,0;0,0;0,0;60,0;0,0;0,0
HRJP;UNIDADE INTERNAÇÃO - CLINICA PEDIÁTRICA;2020,0;1,0;0,0;0,0;74,0;0,0;0,0
HRJP;UNIDADE INTERNAÇÃO - CLINICA PEDIÁTRICA;2020,0;2,0;1,0;0,0;66,0;0,015151515151515152;0,0
HRJP;UNIDADE INTERNAÇÃO - CLINICA PEDIÁTRICA;2020,0;3,0;0,0;0,0;65,0;0,0;0,0
HRJP;UNIDADE INTERNAÇÃO - CLINICA PEDIÁTRICA;2020,0;4,0;0,0;0,0;29,0;0,0;0,0
HRJP;UNIDADE INTERNAÇÃO - CLINICA PEDIÁTRICA;2020,0;5,0;1,0;1,0;41,0;0,024390243902439025;0,024390243902439025
HRJP;UNIDADE INTERNAÇÃO - CLINICA PEDIÁTRICA;2020,0;6,0;0,0;0,0;38,0;0,0;0,0
HRJP;UNIDADE INTERNAÇÃO - CLINICA PEDIÁTRICA;2020,0;7,0;0,0;0,0;67,0;0,0;0,0
HRJP;UNIDADE INTERNAÇÃO - CLINICA PEDIÁTRICA;2020,0;8,0;0,0;0,0;52,0;0,0;0,0
HRJP;UNIDADE INTERNAÇÃO - CLINICA PEDIÁTRICA;2020,0;9,0;0,0;0,0;51,0;0,0;0,0
HRJP;UNIDADE INTERNAÇÃO - CLINICA PEDIÁTRICA;2020,0;10,0;0,0;0,0;62,0;0,0;0,0
HRJP;UNIDADE INTERNAÇÃO - CLINICA PEDIÁTRICA;2020,0;11,0;0,0;0,0;44,0;0,0;0,0
HRJP;UNIDADE INTERNAÇÃO - CLINICA PEDIÁTRICA;2020,0;12,0;0,0;0,0;47,0;0,0;0,0
HRJP;UNIDADE INTERNAÇÃO - CLINICA PEDIÁTRICA;2021,0;1,0;0,0;0,0;51,0;0,0;0,0
HRJP;UNIDADE INTERNAÇÃO - CLINICA PEDIÁTRICA;2021,0;2,0;0,0;0,0;45,0;0,0;0,0
HRJP;UNIDADE INTERNAÇÃO - CLINICA PEDIÁTRICA;2021,0;3,0;0,0;0,0;81,0;0,0;0,0
HRJP;UNIDADE INTERNAÇÃO - CLINICA PEDIÁTRICA;2021,0;4,0;0,0;0,0;65,0;0,0;0,0
HRJP;UNIDADE INTERNAÇÃO - CLINICA PEDIÁTRICA;2021,0;5,0;0,0;0,0;73,0;0,0;0,0
HRJP;UNIDADE INTERNAÇÃO - CLINICA PEDIÁTRICA;2021,0;6,0;0,0;0,0;59,0;0,0;0,0
HRJP;UNIDADE INTERNAÇÃO - CLINICA PEDIÁTRICA;2021,0;7,0;0,0;0,0;68,0;0,0;0,0
HRJP;UNIDADE INTERNAÇÃO - CLINICA PEDIÁTRICA;2021,0;8,0;0,0;0,0;67,0;0,0;0,0
HRJP;UNIDADE INTERNAÇÃO - CLINICA PEDIÁTRICA;2021,0;9,0;1,0;1,0;57,0;0,017543859649122806;0,017543859649122806
HRJP;UNIDADE INTERNAÇÃO - CLINICA PEDIÁTRICA;2021,0;10,0;0,0;0,0;49,0;0,0;0,0
HRJP;UNIDADE INTERNAÇÃO - CLINICA PEDIÁTRICA;2021,0;11,0;0,0;0,0;54,0;0,0;0,0
HRJP;UNIDADE INTERNAÇÃO - CLINICA PEDIÁTRICA;2021,0;12,0;0,0;0,0;59,0;0,0;0,0
HRJP;UNIDADE INTERNAÇÃO - CLINICA PEDIÁTRICA;2022,0;1,0;0,0;0,0;74,0;0,0;0,0
HRJP;UNIDADE INTERNAÇÃO - CLINICA PEDIÁTRICA;2022,0;2,0;0,0;0,0;65,0;0,0;0,0
HRJP;UNIDADE INTERNAÇÃO - CLINICA PEDIÁTRICA;2022,0;3,0;0,0;0,0;90,0;0,0;0,0
HRJP;UNIDADE INTERNAÇÃO - CLINICA PEDIÁTRICA;2022,0;4,0;0,0;0,0;107,0;0,0;0,0
HRJP;UNIDADE INTERNAÇÃO - CLINICA PEDIÁTRICA;2022,0;5,0;0,0;0,0;107,0;0,0;0,0
HRJP;UNIDADE INTERNAÇÃO - CLINICA PEDIÁTRICA;2022,0;6,0;0,0;0,0;77,0;0,0;0,0
HRJP;UNIDADE INTERNAÇÃO - CLINICA PEDIÁTRICA;2022,0;7,0;1,0;1,0;75,0;0,013333333333333334;0,013333333333333334
HRJP;UNIDADE INTERNAÇÃO - CLINICA PEDIÁTRICA;2022,0;8,0;0,0;0,0;89,0;0,0;0,0
HRJP;UNIDADE INTERNAÇÃO - CLINICA PEDIÁTRICA;2022,0;9,0;0,0;0,0;71,0;0,0;0,0
HRJP;UNIDADE INTERNAÇÃO - CLINICA PEDIÁTRICA;2022,0;10,0;0,0;0,0;72,0;0,0;0,0
HRJP;UNIDADE INTERNAÇÃO - CLINICA PEDIÁTRICA;2022,0;11,0;0,0;0,0;81,0;0,0;0,0
HRJP;UNIDADE INTERNAÇÃO - CLINICA PEDIÁTRICA;2022,0;12,0;0,0;0,0;71,0;0,0;0,0
HRJP;UNIDADE INTERNAÇÃO - CLINICA PEDIÁTRICA;2023,0;1,0;0,0;0,0;66,0;0,0;0,0
HRJP;UNIDADE INTERNAÇÃO - CLINICA PEDIÁTRICA;2023,0;2,0;0,0;0,0;65,0;0,0;0,0
HRJP;UNIDADE INTERNAÇÃO - CLINICA PEDIÁTRICA;2023,0;3,0;1,0;1,0;95,0;0,010526315789473684;0,010526315789473684
HRJP;UNIDADE INTERNAÇÃO - CLINICA PEDIÁTRICA;2023,0;4,0;0,0;0,0;88,0;0,0;0,0
HRJP;UNIDADE INTERNAÇÃO - CLINICA PEDIÁTRICA;2023,0;5,0;0,0;0,0;90,0;0,0;0,0
HRJP;UNIDADE INTERNAÇÃO - CLINICA PEDIÁTRICA;2023,0;6,0;0,0;0,0;100,0;0,0;0,0
HRJP;UNIDADE INTERNAÇÃO - CLINICA PEDIÁTRICA;2023,0;7,0;0,0;0,0;74,0;0,0;0,0
HRJP;UNIDADE INTERNAÇÃO - CLINICA PEDIÁTRICA;2023,0;8,0;0,0;0,0;77,0;0,0;0,0
HRJP;UNIDADE INTERNAÇÃO - CLINICA PEDIÁTRICA;2023,0;9,0;0,0;0,0;73,0;0,0;0,0
HRJP;UNIDADE INTERNAÇÃO - CLINICA PEDIÁTRICA;2023,0;10,0;0,0;0,0;86,0;0,0;0,0
HRJP;UNIDADE INTERNAÇÃO - CLINICA PEDIÁTRICA;2023,0;11,0;0,0;0,0;87,0;0,0;0,0
HRJP;UNIDADE INTERNAÇÃO - CLINICA PEDIÁTRICA;2023,0;12,0;0,0;0,0;72,0;0,0;0,0
HRJP;UNIDADE INTERNAÇÃO - CLINICA PEDIÁTRICA;2024,0;1,0;0,0;0,0;54,0;0,0;0,0
HRJP;UNIDADE INTERNAÇÃO - CLINICA PEDIÁTRICA;2024,0;2,0;0,0;0,0;72,0;0,0;0,0
HRJP;UNIDADE INTERNAÇÃO - CLINICA PEDIÁTRICA;2024,0;3,0;0,0;0,0;66,0;0,0;0,0
HRJP;UNIDADE INTERNAÇÃO - CLINICA PEDIÁTRICA;2024,0;4,0;0,0;0,0;80,0;0,0;0,0
HRJP;UNIDADE INTERNAÇÃO - CLINICA PEDIÁTRICA;2024,0;5,0;0,0;0,0;90,0;0,0;0,0
HRJP;UNIDADE INTERNAÇÃO - CLINICA PEDIÁTRICA;2024,0;6,0;0,0;0,0;87,0;0,0;0,0
HRJP;UNIDADE INTERNAÇÃO - CLINICA PEDIÁTRICA;2024,0;7,0;0,0;0,0;69,0;0,0;0,0
HRJP;UNIDADE INTERNAÇÃO - CLINICA PEDIÁTRICA;2024,0;8,0;0,0;0,0;66,0;0,0;0,0
HRJP;UNIDADE INTERNAÇÃO - CLINICA PEDIÁTRICA;2024,0;9,0;0,0;0,0;88,0;0,0;0,0
HRJP;UNIDADE INTERNAÇÃO - CLINICA PEDIÁTRICA;2024,0;10,0;0,0;0,0;102,0;0,0;0,0
HRJP;UNIDADE INTERNAÇÃO - CLINICA PEDIÁTRICA;2024,0;11,0;0,0;0,0;12,0;0,0;0,0
HRJP;UNIDADE INTERNAÇÃO - CLÍNICA PEDIÁTRICA;2024,0;11,0;0,0;0,0;61,0;0,0;0,0
HRJP;UNIDADE INTERNAÇÃO - CLÍNICA PEDIÁTRICA;2024,0;12,0;0,0;0,0;66,0;0,0;0,0
HRJP;UNIDADE INTERNAÇÃO - CLÍNICA PEDIÁTRICA;2025,0;1,0;0,0;0,0;66,0;0,0;0,0
HRJP;UNIDADE INTERNAÇÃO - CLÍNICA PEDIÁTRICA;2025,0;2,0;0,0;0,0;70,0;0,0;0,0
HRJP;UNIDADE INTERNAÇÃO - CLÍNICA PEDIÁTRICA;2025,0;3,0;0,0;0,0;66,0;0,0;0,0
HRJP;UNIDADE INTERNAÇÃO - CLÍNICA PEDIÁTRICA;2025,0;4,0;0,0;0,0;83,0;0,0;0,0
HRJP;UNIDADE INTERNAÇÃO - CLÍNICA PEDIÁTRICA;2025,0;5,0;0,0;0,0;110,0;0,0;0,0
HRJP;UNIDADE INTERNAÇÃO - CLÍNICA PEDIÁTRICA;2025,0;6,0;0,0;0,0;83,0;0,0;0,0
HRJP;UNIDADE INTERNAÇÃO - CLÍNICA PEDIÁTRICA;2025,0;7,0;0,0;0,0;94,0;0,0;0,0
HRJP;UNIDADE INTERNAÇÃO - CLÍNICA PEDIÁTRICA;2025,0;8,0;0,0;0,0;71,0;0,0;0,0
HRJP;UNIDADE INTERNAÇÃO - CLÍNICA PEDIÁTRICA;2025,0;9,0;0,0;0,0;71,0;0,0;0,0
HRJP;UNIDADE INTERNAÇÃO - CLÍNICA PEDIÁTRICA;2025,0;10,0;0,0;0,0;70,0;0,0;0,0
HRJP;UNIDADE INTERNAÇÃO - CLÍNICA PEDIÁTRICA;2025,0;11,0;0,0;0,0;64,0;0,0;0,0
HRJP;UNIDADE INTERNAÇÃO - CLÍNICA PEDIÁTRICA;2025,0;12,0;0,0;0,0;54,0;0,0;0,0
HRJP;UNIDADE INTERNAÇÃO - CLÍNICA PEDIÁTRICA;2026,0;1,0;1,0;1,0;62,0;0,016129032258064516;0,016129032258064516
HRJP;UNIDADE INTERNAÇÃO - CLÍNICA PEDIÁTRICA;2026,0;2,0;0,0;0,0;55,0;0,0;0,0
HRJP;UNIDADE INTERNAÇÃO - CLÍNICA PEDIÁTRICA;2026,0;3,0;0,0;0,0;72,0;0,0;0,0
HRJP;UNIDADE INTERNAÇÃO - CLÍNICA PEDIÁTRICA;2026,0;4,0;0,0;0,0;60,0;0,0;0,0
HRJP;UNIDADE INTERNAÇÃO - CLÍNICA PEDIÁTRICA;2026,0;5,0;0,0;0,0;57,0;0,0;0,0
HRJP;UNIDADE INTERNAÇÃO - CLÍNICA PEDIÁTRICA;2026,0;6,0;0,0;0,0;80,0;0,0;0,0
HRJP;UNIDADE INTERNAÇÃO - CLÍNICA PEDIÁTRICA;2026,0;7,0;0,0;0,0;76,0;0,0;0,0
HRJP;UNIDADE INTERNAÇÃO - CLÍNICA PEDIÁTRICA;2026,0;8,0;0,0;0,0;54,0;0,0;0,0
HRJP;UNIDADE INTERNAÇÃO - CLÍNICA PSIQUIÁTRICA ALA A;2024,0;11,0;0,0;0,0;11,0;0,0;0,0
HRJP;UNIDADE INTERNAÇÃO - CLÍNICA PSIQUIÁTRICA ALA A;2024,0;12,0;0,0;0,0;6,0;0,0;0,0
HRJP;UNIDADE INTERNAÇÃO - CLÍNICA PSIQUIÁTRICA ALA A;2025,0;1,0;1,0;1,0;4,0;0,25;0,25
HRJP;UNIDADE INTERNAÇÃO - CLÍNICA PSIQUIÁTRICA ALA A;2025,0;2,0;0,0;0,0;8,0;0,0;0,0
HRJP;UNIDADE INTERNAÇÃO - CLÍNICA PSIQUIÁTRICA ALA A;2025,0;3,0;0,0;0,0;4,0;0,0;0,0
HRJP;UNIDADE INTERNAÇÃO - CLÍNICA PSIQUIÁTRICA ALA A;2025,0;4,0;1,0;1,0;9,0;0,1111111111111111;0,1111111111111111
HRJP;UNIDADE INTERNAÇÃO - CLÍNICA PSIQUIÁTRICA ALA A;2025,0;5,0;0,0;0,0;15,0;0,0;0,0
HRJP;UNIDADE INTERNAÇÃO - CLÍNICA PSIQUIÁTRICA ALA A;2025,0;6,0;0,0;0,0;5,0;0,0;0,0
HRJP;UNIDADE INTERNAÇÃO - CLÍNICA PSIQUIÁTRICA ALA A;2025,0;7,0;0,0;0,0;7,0;0,0;0,0
HRJP;UNIDADE INTERNAÇÃO - CLÍNICA PSIQUIÁTRICA ALA A;2025,0;8,0;0,0;0,0;4,0;0,0;0,0
HRJP;UNIDADE INTERNAÇÃO - CLÍNICA PSIQUIÁTRICA ALA A;2025,0;9,0;0,0;0,0;5,0;0,0;0,0
HRJP;UNIDADE INTERNAÇÃO - CLÍNICA PSIQUIÁTRICA ALA A;2025,0;10,0;0,0;0,0;10,0;0,0;0,0
HRJP;UNIDADE INTERNAÇÃO - CLÍNICA PSIQUIÁTRICA ALA A;2025,0;11,0;0,0;0,0;17,0;0,0;0,0
HRJP;UNIDADE INTERNAÇÃO - CLÍNICA PSIQUIÁTRICA ALA A;2025,0;12,0;0,0;0,0;1,0;0,0;0,0
HRJP;UNIDADE INTERNAÇÃO - CLÍNICA PSIQUIÁTRICA ALA A;2026,0;3,0;0,0;0,0;4,0;0,0;0,0
HRJP;UNIDADE INTERNAÇÃO - CLÍNICA PSIQUIÁTRICA ALA A;2026,0;4,0;0,0;0,0;2,0;0,0;0,0
HRJP;UNIDADE INTERNAÇÃO - CLÍNICA PSIQUIÁTRICA ALA A;2026,0;5,0;0,0;0,0;2,0;0,0;0,0
HRJP;UNIDADE INTERNAÇÃO - CLÍNICA PSIQUIÁTRICA ALA C;2024,0;11,0;0,0;0,0;4,0;0,0;0,0
HRJP;UNIDADE INTERNAÇÃO - CLÍNICA PSIQUIÁTRICA ALA C;2024,0;12,0;0,0;0,0;2,0;0,0;0,0
HRJP;UNIDADE INTERNAÇÃO - CLÍNICA PSIQUIÁTRICA ALA C;2025,0;1,0;0,0;0,0;3,0;0,0;0,0
HRJP;UNIDADE INTERNAÇÃO - CLÍNICA PSIQUIÁTRICA ALA C;2025,0;2,0;0,0;0,0;1,0;0,0;0,0
HRJP;UNIDADE INTERNAÇÃO - CLÍNICA PSIQUIÁTRICA ALA C;2025,0;3,0;0,0;0,0;4,0;0,0;0,0
HRJP;UNIDADE INTERNAÇÃO - CLÍNICA PSIQUIÁTRICA ALA C;2025,0;4,0;0,0;0,0;3,0;0,0;0,0
HRJP;UNIDADE INTERNAÇÃO - CLÍNICA PSIQUIÁTRICA ALA C;2025,0;5,0;0,0;0,0;3,0;0,0;0,0
HRJP;UNIDADE INTERNAÇÃO - CLÍNICA PSIQUIÁTRICA ALA C;2025,0;6,0;0,0;0,0;5,0;0,0;0,0
HRJP;UNIDADE INTERNAÇÃO - CLÍNICA PSIQUIÁTRICA ALA C;2025,0;7,0;0,0;0,0;3,0;0,0;0,0
HRJP;UNIDADE INTERNAÇÃO - CLÍNICA PSIQUIÁTRICA ALA C;2025,0;8,0;0,0;0,0;1,0;0,0;0,0
HRJP;UNIDADE INTERNAÇÃO - CLÍNICA PSIQUIÁTRICA ALA C;2025,0;9,0;0,0;0,0;3,0;0,0;0,0
HRJP;UNIDADE INTERNAÇÃO - CLÍNICA PSIQUIÁTRICA ALA C;2025,0;10,0;0,0;0,0;6,0;0,0;0,0
HRJP;UNIDADE INTERNAÇÃO - CLÍNICA PSIQUIÁTRICA ALA C;2025,0;11,0;0,0;0,0;12,0;0,0;0,0
HRJP;UNIDADE INTERNAÇÃO - CLÍNICA PSIQUIÁTRICA ALA C;2025,0;12,0;0,0;0,0;5,0;0,0;0,0
HRJP;UNIDADE INTERNAÇÃO - CLÍNICA PSIQUIÁTRICA ALA C;2026,0;3,0;0,0;0,0;1,0;0,0;0,0
HRJP;UNIDADE INTERNAÇÃO - CLÍNICA PSIQUIÁTRICA ALA C;2026,0;5,0;0,0;0,0;3,0;0,0;0,0
HRJP;UNIDADE INTERNAÇÃO - CLÍNICA PSIQUIÁTRICA ALA C;2026,0;6,0;0,0;0,0;4,0;0,0;0,0
HRJP;UNIDADE INTERNAÇÃO - CLINICA TISIOLÓGICA ALA B;2022,0;6,0;0,0;0,0;10,0;0,0;0,0
HRJP;UNIDADE INTERNAÇÃO - CLINICA TISIOLÓGICA ALA B;2022,0;7,0;0,0;0,0;3,0;0,0;0,0
HRJP;UNIDADE INTERNAÇÃO - CLINICA TISIOLÓGICA ALA B;2022,0;11,0;0,0;0,0;1,0;0,0;0,0
HRJP;UNIDADE INTERNAÇÃO - CLINICA TISIOLÓGICA ALA B;2022,0;12,0;0,0;0,0;3,0;0,0;0,0
HRJP;UNIDADE INTERNAÇÃO - CLINICA TISIOLÓGICA ALA B;2023,0;1,0;0,0;0,0;3,0;0,0;0,0
HRJP;UNIDADE INTERNAÇÃO - CLINICA TISIOLÓGICA ALA B;2023,0;2,0;0,0;0,0;5,0;0,0;0,0
HRJP;UNIDADE INTERNAÇÃO - CLINICA TISIOLÓGICA ALA B;2023,0;3,0;0,0;0,0;2,0;0,0;0,0
HRJP;UNIDADE INTERNAÇÃO - CLINICA TISIOLÓGICA ALA B;2023,0;4,0;0,0;0,0;1,0;0,0;0,0
HRJP;UNIDADE INTERNAÇÃO - CLINICA TISIOLÓGICA ALA B;2023,0;5,0;1,0;1,0;3,0;0,3333333333333333;0,3333333333333333
HRJP;UNIDADE INTERNAÇÃO - CLINICA TISIOLÓGICA ALA B;2023,0;6,0;0,0;0,0;1,0;0,0;0,0
HRJP;UNIDADE INTERNAÇÃO - CLINICA TISIOLÓGICA ALA B;2023,0;7,0;0,0;0,0;2,0;0,0;0,0
HRJP;UNIDADE INTERNAÇÃO - CLINICA TISIOLÓGICA ALA B;2023,0;8,0;0,0;0,0;4,0;0,0;0,0
HRJP;UNIDADE INTERNAÇÃO - CLINICA TISIOLÓGICA ALA B;2023,0;9,0;1,0;1,0;3,0;0,3333333333333333;0,3333333333333333
HRJP;UNIDADE INTERNAÇÃO - CLINICA TISIOLÓGICA ALA B;2023,0;10,0;0,0;0,0;1,0;0,0;0,0
HRJP;UNIDADE INTERNAÇÃO - CLINICA TISIOLÓGICA ALA B;2023,0;11,0;0,0;0,0;1,0;0,0;0,0
HRJP;UNIDADE INTERNAÇÃO - CLINICA TISIOLÓGICA ALA B;2023,0;12,0;0,0;0,0;2,0;0,0;0,0
HRJP;UNIDADE INTERNAÇÃO - CLINICA TISIOLÓGICA ALA B;2024,0;1,0;0,0;0,0;4,0;0,0;0,0
HRJP;UNIDADE INTERNAÇÃO - CLINICA TISIOLÓGICA ALA B;2024,0;2,0;0,0;0,0;1,0;0,0;0,0
HRJP;UNIDADE INTERNAÇÃO - CLINICA TISIOLÓGICA ALA B;2024,0;3,0;0,0;0,0;1,0;0,0;0,0
HRJP;UNIDADE INTERNAÇÃO - CLINICA TISIOLÓGICA ALA B;2024,0;4,0;0,0;0,0;1,0;0,0;0,0
HRJP;UNIDADE INTERNAÇÃO - CLINICA TISIOLÓGICA ALA B;2024,0;5,0;0,0;0,0;1,0;0,0;0,0
HRJP;UNIDADE INTERNAÇÃO - CLINICA TISIOLÓGICA ALA B;2024,0;7,0;0,0;0,0;3,0;0,0;0,0
HRJP;UNIDADE INTERNAÇÃO - CLINICA TISIOLÓGICA ALA B;2024,0;8,0;0,0;0,0;1,0;0,0;0,0
HRJP;UNIDADE INTERNAÇÃO - CLINICA TISIOLÓGICA ALA B;2024,0;9,0;0,0;0,0;2,0;0,0;0,0
HRJP;UNIDADE INTERNAÇÃO - CLINICA TISIOLÓGICA ALA B;2024,0;10,0;0,0;0,0;2,0;0,0;0,0
HRJP;UNIDADE INTERNAÇÃO - CLÍNICA TISIOLÓGICA ALA B;2024,0;11,0;0,0;0,0;4,0;0,0;0,0
HRJP;UNIDADE INTERNAÇÃO - CLÍNICA TISIOLÓGICA ALA B;2024,0;12,0;0,0;0,0;3,0;0,0;0,0
HRJP;UNIDADE INTERNAÇÃO - CLÍNICA TISIOLÓGICA ALA B;2025,0;1,0;1,0;1,0;3,0;0,3333333333333333;0,3333333333333333
HRJP;UNIDADE INTERNAÇÃO - CLÍNICA TISIOLÓGICA ALA B;2025,0;2,0;0,0;0,0;2,0;0,0;0,0
HRJP;UNIDADE INTERNAÇÃO - CLÍNICA TISIOLÓGICA ALA B;2025,0;3,0;0,0;0,0;3,0;0,0;0,0
HRJP;UNIDADE INTERNAÇÃO - CLÍNICA TISIOLÓGICA ALA B;2025,0;4,0;0,0;0,0;1,0;0,0;0,0
HRJP;UNIDADE INTERNAÇÃO - CLÍNICA TISIOLÓGICA ALA B;2025,0;5,0;0,0;0,0;1,0;0,0;0,0
HRJP;UNIDADE INTERNAÇÃO - CLÍNICA TISIOLÓGICA ALA B;2025,0;6,0;0,0;0,0;3,0;0,0;0,0
HRJP;UNIDADE INTERNAÇÃO - CLÍNICA TISIOLÓGICA ALA B;2025,0;7,0;1,0;1,0;3,0;0,3333333333333333;0,3333333333333333
HRJP;UNIDADE INTERNAÇÃO - CLÍNICA TISIOLÓGICA ALA B;2025,0;9,0;0,0;0,0;3,0;0,0;0,0
HRJP;UNIDADE INTERNAÇÃO - CLÍNICA TISIOLÓGICA ALA B;2025,0;10,0;0,0;0,0;3,0;0,0;0,0
HRJP;UNIDADE INTERNAÇÃO - CLÍNICA TISIOLÓGICA ALA B;2025,0;12,0;0,0;0,0;5,0;0,0;0,0
HRJP;UNIDADE INTERNAÇÃO - CLÍNICA TISIOLÓGICA ALA B;2026,0;1,0;0,0;0,0;2,0;0,0;0,0
HRJP;UNIDADE INTERNAÇÃO - CLÍNICA TISIOLÓGICA ALA B;2026,0;2,0;0,0;0,0;2,0;0,0;0,0
HRJP;UNIDADE INTERNAÇÃO - CLÍNICA TISIOLÓGICA ALA B;2026,0;3,0;0,0;0,0;2,0;0,0;0,0
HRJP;UNIDADE INTERNAÇÃO - CLÍNICA TISIOLÓGICA ALA B;2026,0;5,0;0,0;0,0;1,0;0,0;0,0
HRJP;UNIDADE INTERNAÇÃO - CLÍNICA TISIOLÓGICA ALA B;2026,0;6,0;0,0;0,0;2,0;0,0;0,0
HRJP;UNIDADE INTERNAÇÃO - CLÍNICA TISIOLÓGICA ALA B;2026,0;7,0;0,0;0,0;4,0;0,0;0,0
HRJP;UNIDADE INTERNAÇÃO - CLÍNICA TISIOLÓGICA ALA B;2026,0;8,0;0,0;0,0;2,0;0,0;0,0
HRJP;UNIDADE INTERNAÇÃO - CLINICA TISIOLÓGICA ALA C;2019,0;1,0;1,0;1,0;28,0;0,03571428571428571;0,03571428571428571
HRJP;UNIDADE INTERNAÇÃO - CLINICA TISIOLÓGICA ALA C;2019,0;2,0;0,0;0,0;22,0;0,0;0,0
HRJP;UNIDADE INTERNAÇÃO - CLINICA TISIOLÓGICA ALA C;2019,0;3,0;1,0;1,0;31,0;0,03225806451612903;0,03225806451612903
HRJP;UNIDADE INTERNAÇÃO - CLINICA TISIOLÓGICA ALA C;2019,0;4,0;2,0;2,0;30,0;0,06666666666666667;0,06666666666666667
HRJP;UNIDADE INTERNAÇÃO - CLINICA TISIOLÓGICA ALA C;2019,0;5,0;1,0;1,0;35,0;0,02857142857142857;0,02857142857142857
HRJP;UNIDADE INTERNAÇÃO - CLINICA TISIOLÓGICA ALA C;2019,0;6,0;1,0;1,0;35,0;0,02857142857142857;0,02857142857142857
HRJP;UNIDADE INTERNAÇÃO - CLINICA TISIOLÓGICA ALA C;2019,0;7,0;2,0;2,0;31,0;0,06451612903225806;0,06451612903225806
HRJP;UNIDADE INTERNAÇÃO - CLINICA TISIOLÓGICA ALA C;2019,0;8,0;2,0;2,0;27,0;0,07407407407407407;0,07407407407407407
HRJP;UNIDADE INTERNAÇÃO - CLINICA TISIOLÓGICA ALA C;2019,0;9,0;1,0;1,0;39,0;0,02564102564102564;0,02564102564102564
HRJP;UNIDADE INTERNAÇÃO - CLINICA TISIOLÓGICA ALA C;2019,0;10,0;0,0;0,0;35,0;0,0;0,0
HRJP;UNIDADE INTERNAÇÃO - CLINICA TISIOLÓGICA ALA C;2019,0;11,0;1,0;1,0;33,0;0,030303030303030304;0,030303030303030304
HRJP;UNIDADE INTERNAÇÃO - CLINICA TISIOLÓGICA ALA C;2019,0;12,0;4,0;4,0;38,0;0,10526315789473684;0,10526315789473684
HRJP;UNIDADE INTERNAÇÃO - CLINICA TISIOLÓGICA ALA C;2020,0;1,0;3,0;3,0;34,0;0,08823529411764706;0,08823529411764706
HRJP;UNIDADE INTERNAÇÃO - CLINICA TISIOLÓGICA ALA C;2020,0;2,0;0,0;0,0;21,0;0,0;0,0
HRJP;UNIDADE INTERNAÇÃO - CLINICA TISIOLÓGICA ALA C;2020,0;3,0;4,0;4,0;44,0;0,09090909090909091;0,09090909090909091
HRJP;UNIDADE INTERNAÇÃO - CLINICA TISIOLÓGICA ALA C;2020,0;4,0;1,0;1,0;17,0;0,058823529411764705;0,058823529411764705
HRJP;UNIDADE INTERNAÇÃO - CLINICA TISIOLÓGICA ALA C;2020,0;5,0;0,0;0,0;28,0;0,0;0,0
HRJP;UNIDADE INTERNAÇÃO - CLINICA TISIOLÓGICA ALA C;2020,0;6,0;3,0;3,0;34,0;0,08823529411764706;0,08823529411764706
HRJP;UNIDADE INTERNAÇÃO - CLINICA TISIOLÓGICA ALA C;2020,0;7,0;3,0;3,0;39,0;0,07692307692307693;0,07692307692307693
HRJP;UNIDADE INTERNAÇÃO - CLINICA TISIOLÓGICA ALA C;2020,0;8,0;2,0;2,0;33,0;0,06060606060606061;0,06060606060606061
HRJP;UNIDADE INTERNAÇÃO - CLINICA TISIOLÓGICA ALA C;2020,0;9,0;4,0;4,0;36,0;0,1111111111111111;0,1111111111111111
HRJP;UNIDADE INTERNAÇÃO - CLINICA TISIOLÓGICA ALA C;2020,0;10,0;3,0;3,0;43,0;0,06976744186046512;0,06976744186046512
HRJP;UNIDADE INTERNAÇÃO - CLINICA TISIOLÓGICA ALA C;2020,0;11,0;3,0;3,0;30,0;0,1;0,1
HRJP;UNIDADE INTERNAÇÃO - CLINICA TISIOLÓGICA ALA C;2020,0;12,0;2,0;2,0;25,0;0,08;0,08
HRJP;UNIDADE INTERNAÇÃO - CLINICA TISIOLÓGICA ALA C;2021,0;1,0;1,0;1,0;31,0;0,03225806451612903;0,03225806451612903
HRJP;UNIDADE INTERNAÇÃO - CLINICA TISIOLÓGICA ALA C;2021,0;2,0;1,0;1,0;32,0;0,03125;0,03125
HRJP;UNIDADE INTERNAÇÃO - CLINICA TISIOLÓGICA ALA C;2021,0;3,0;1,0;1,0;30,0;0,03333333333333333;0,03333333333333333
HRJP;UNIDADE INTERNAÇÃO - CLINICA TISIOLÓGICA ALA C;2021,0;4,0;2,0;2,0;32,0;0,0625;0,0625
HRJP;UNIDADE INTERNAÇÃO - CLINICA TISIOLÓGICA ALA C;2021,0;5,0;1,0;1,0;24,0;0,041666666666666664;0,041666666666666664
HRJP;UNIDADE INTERNAÇÃO - CLINICA TISIOLÓGICA ALA C;2021,0;6,0;1,0;1,0;24,0;0,041666666666666664;0,041666666666666664
HRJP;UNIDADE INTERNAÇÃO - CLINICA TISIOLÓGICA ALA C;2021,0;7,0;0,0;0,0;7,0;0,0;0,0
HRJP;UNIDADE INTERNAÇÃO - CLINICA TISIOLÓGICA ALA C;2021,0;12,0;4,0;4,0;30,0;0,13333333333333333;0,13333333333333333
HRJP;UNIDADE INTERNAÇÃO - CLINICA TISIOLÓGICA ALA C;2022,0;1,0;1,0;1,0;35,0;0,02857142857142857;0,02857142857142857
HRJP;UNIDADE INTERNAÇÃO - CLINICA TISIOLÓGICA ALA C;2022,0;2,0;3,0;3,0;37,0;0,08108108108108109;0,08108108108108109
HRJP;UNIDADE INTERNAÇÃO - CLINICA TISIOLÓGICA ALA C;2022,0;3,0;4,0;4,0;41,0;0,0975609756097561;0,0975609756097561
HRJP;UNIDADE INTERNAÇÃO - CLINICA TISIOLÓGICA ALA C;2022,0;4,0;1,0;1,0;33,0;0,030303030303030304;0,030303030303030304
HRJP;UNIDADE INTERNAÇÃO - CLINICA TISIOLÓGICA ALA C;2022,0;5,0;1,0;0,0;39,0;0,02564102564102564;0,0
HRJP;UNIDADE INTERNAÇÃO - CLINICA TISIOLÓGICA ALA C;2022,0;6,0;0,0;0,0;8,0;0,0;0,0
HRJP;UNIDADE INTERNAÇÃO - CLINICA TISIOLÓGICA ALA C;2022,0;7,0;1,0;1,0;4,0;0,25;0,25
HRJP;UNIDADE INTERNAÇÃO - CLINICA TISIOLÓGICA ALA C;2022,0;8,0;0,0;0,0;6,0;0,0;0,0
HRJP;UNIDADE INTERNAÇÃO - CLINICA TISIOLÓGICA ALA C;2022,0;9,0;0,0;0,0;3,0;0,0;0,0
HRJP;UNIDADE INTERNAÇÃO - CLINICA TISIOLÓGICA ALA C;2022,0;10,0;0,0;0,0;1,0;0,0;0,0
HRJP;UNIDADE INTERNAÇÃO - CLINICA TISIOLÓGICA ALA C;2022,0;11,0;0,0;0,0;2,0;0,0;0,0
HRJP;UNIDADE INTERNAÇÃO - CLINICA TISIOLÓGICA ALA C;2022,0;12,0;0,0;0,0;3,0;0,0;0,0
HRJP;UNIDADE INTERNAÇÃO - CLINICA TISIOLÓGICA ALA C;2023,0;1,0;0,0;0,0;3,0;0,0;0,0
HRJP;UNIDADE INTERNAÇÃO - CLINICA TISIOLÓGICA ALA C;2023,0;2,0;1,0;1,0;4,0;0,25;0,25
HRJP;UNIDADE INTERNAÇÃO - CLINICA TISIOLÓGICA ALA C;2023,0;3,0;0,0;0,0;8,0;0,0;0,0
HRJP;UNIDADE INTERNAÇÃO - CLINICA TISIOLÓGICA ALA C;2023,0;4,0;0,0;0,0;2,0;0,0;0,0
HRJP;UNIDADE INTERNAÇÃO - CLINICA TISIOLÓGICA ALA C;2023,0;5,0;0,0;0,0;3,0;0,0;0,0
HRJP;UNIDADE INTERNAÇÃO - CLINICA TISIOLÓGICA ALA C;2023,0;6,0;0,0;0,0;7,0;0,0;0,0
HRJP;UNIDADE INTERNAÇÃO - CLINICA TISIOLÓGICA ALA C;2023,0;7,0;0,0;0,0;3,0;0,0;0,0
HRJP;UNIDADE INTERNAÇÃO - CLINICA TISIOLÓGICA ALA C;2023,0;8,0;0,0;0,0;5,0;0,0;0,0
HRJP;UNIDADE INTERNAÇÃO - CLINICA TISIOLÓGICA ALA C;2023,0;9,0;0,0;0,0;5,0;0,0;0,0
HRJP;UNIDADE INTERNAÇÃO - CLINICA TISIOLÓGICA ALA C;2023,0;10,0;0,0;0,0;8,0;0,0;0,0
HRJP;UNIDADE INTERNAÇÃO - CLINICA TISIOLÓGICA ALA C;2023,0;11,0;0,0;0,0;4,0;0,0;0,0
HRJP;UNIDADE INTERNAÇÃO - CLINICA TISIOLÓGICA ALA C;2023,0;12,0;0,0;0,0;6,0;0,0;0,0
HRJP;UNIDADE INTERNAÇÃO - CLINICA TISIOLÓGICA ALA C;2024,0;1,0;0,0;0,0;4,0;0,0;0,0
HRJP;UNIDADE INTERNAÇÃO - CLINICA TISIOLÓGICA ALA C;2024,0;2,0;0,0;0,0;3,0;0,0;0,0
HRJP;UNIDADE INTERNAÇÃO - CLINICA TISIOLÓGICA ALA C;2024,0;3,0;0,0;0,0;11,0;0,0;0,0
HRJP;UNIDADE INTERNAÇÃO - CLINICA TISIOLÓGICA ALA C;2024,0;4,0;1,0;1,0;12,0;0,08333333333333333;0,08333333333333333
HRJP;UNIDADE INTERNAÇÃO - CLINICA TISIOLÓGICA ALA C;2024,0;5,0;0,0;0,0;7,0;0,0;0,0
HRJP;UNIDADE INTERNAÇÃO - CLINICA TISIOLÓGICA ALA C;2024,0;6,0;0,0;0,0;4,0;0,0;0,0
HRJP;UNIDADE INTERNAÇÃO - CLINICA TISIOLÓGICA ALA C;2024,0;7,0;0,0;0,0;3,0;0,0;0,0
HRJP;UNIDADE INTERNAÇÃO - CLINICA TISIOLÓGICA ALA C;2024,0;8,0;0,0;0,0;6,0;0,0;0,0
HRJP;UNIDADE INTERNAÇÃO - CLINICA TISIOLÓGICA ALA C;2024,0;9,0;0,0;0,0;3,0;0,0;0,0
HRJP;UNIDADE INTERNAÇÃO - CLINICA TISIOLÓGICA ALA C;2024,0;10,0;1,0;1,0;2,0;0,5;0,5
HRJP;UNIDADE INTERNAÇÃO - CLÍNICA TISIOLÓGICA ALA C;2024,0;11,0;0,0;0,0;3,0;0,0;0,0
HRJP;UNIDADE INTERNAÇÃO - CLÍNICA TISIOLÓGICA ALA C;2024,0;12,0;0,0;0,0;7,0;0,0;0,0
HRJP;UNIDADE INTERNAÇÃO - CLÍNICA TISIOLÓGICA ALA C;2025,0;1,0;0,0;0,0;10,0;0,0;0,0
HRJP;UNIDADE INTERNAÇÃO - CLÍNICA TISIOLÓGICA ALA C;2025,0;2,0;0,0;0,0;2,0;0,0;0,0
HRJP;UNIDADE INTERNAÇÃO - CLÍNICA TISIOLÓGICA ALA C;2025,0;3,0;0,0;0,0;11,0;0,0;0,0
HRJP;UNIDADE INTERNAÇÃO - CLÍNICA TISIOLÓGICA ALA C;2025,0;4,0;0,0;0,0;5,0;0,0;0,0
HRJP;UNIDADE INTERNAÇÃO - CLÍNICA TISIOLÓGICA ALA C;2025,0;5,0;0,0;0,0;5,0;0,0;0,0
HRJP;UNIDADE INTERNAÇÃO - CLÍNICA TISIOLÓGICA ALA C;2025,0;6,0;0,0;0,0;6,0;0,0;0,0
HRJP;UNIDADE INTERNAÇÃO - CLÍNICA TISIOLÓGICA ALA C;2025,0;7,0;0,0;0,0;3,0;0,0;0,0
HRJP;UNIDADE INTERNAÇÃO - CLÍNICA TISIOLÓGICA ALA C;2025,0;8,0;0,0;0,0;5,0;0,0;0,0
HRJP;UNIDADE INTERNAÇÃO - CLÍNICA TISIOLÓGICA ALA C;2025,0;10,0;0,0;0,0;6,0;0,0;0,0
HRJP;UNIDADE INTERNAÇÃO - CLÍNICA TISIOLÓGICA ALA C;2025,0;11,0;0,0;0,0;5,0;0,0;0,0
HRJP;UNIDADE INTERNAÇÃO - CLÍNICA TISIOLÓGICA ALA C;2025,0;12,0;0,0;0,0;4,0;0,0;0,0
HRJP;UNIDADE INTERNAÇÃO - CLÍNICA TISIOLÓGICA ALA C;2026,0;5,0;0,0;0,0;1,0;0,0;0,0
HRJP;UNIDADE INTERNAÇÃO - CLÍNICA TISIOLÓGICA ALA C;2026,0;6,0;1,0;1,0;6,0;0,16666666666666666;0,16666666666666666
HRJP;UNIDADE INTERNAÇÃO - CLÍNICA TISIOLÓGICA ALA C;2026,0;7,0;1,0;1,0;8,0;0,125;0,125
HRJP;UNIDADE INTERNAÇÃO - CLÍNICA TISIOLÓGICA ALA C;2026,0;8,0;0,0;0,0;10,0;0,0;0,0
HRJP;UNIDADE INTERNAÇÃO - PSIQUIATRIA ALA A;2022,0;6,0;0,0;0,0;6,0;0,0;0,0
HRJP;UNIDADE INTERNAÇÃO - PSIQUIATRIA ALA A;2022,0;7,0;0,0;0,0;11,0;0,0;0,0
HRJP;UNIDADE INTERNAÇÃO - PSIQUIATRIA ALA A;2022,0;8,0;0,0;0,0;8,0;0,0;0,0
HRJP;UNIDADE INTERNAÇÃO - PSIQUIATRIA ALA A;2022,0;9,0;0,0;0,0;16,0;0,0;0,0
HRJP;UNIDADE INTERNAÇÃO - PSIQUIATRIA ALA A;2022,0;10,0;0,0;0,0;14,0;0,0;0,0
HRJP;UNIDADE INTERNAÇÃO - PSIQUIATRIA ALA A;2022,0;11,0;0,0;0,0;13,0;0,0;0,0
HRJP;UNIDADE INTERNAÇÃO - PSIQUIATRIA ALA A;2022,0;12,0;0,0;0,0;14,0;0,0;0,0
HRJP;UNIDADE INTERNAÇÃO - PSIQUIATRIA ALA A;2023,0;1,0;0,0;0,0;11,0;0,0;0,0
HRJP;UNIDADE INTERNAÇÃO - PSIQUIATRIA ALA A;2023,0;2,0;0,0;0,0;14,0;0,0;0,0
HRJP;UNIDADE INTERNAÇÃO - PSIQUIATRIA ALA A;2023,0;3,0;0,0;0,0;18,0;0,0;0,0
HRJP;UNIDADE INTERNAÇÃO - PSIQUIATRIA ALA A;2023,0;4,0;0,0;0,0;10,0;0,0;0,0
HRJP;UNIDADE INTERNAÇÃO - PSIQUIATRIA ALA A;2023,0;5,0;0,0;0,0;7,0;0,0;0,0
HRJP;UNIDADE INTERNAÇÃO - PSIQUIATRIA ALA A;2023,0;6,0;0,0;0,0;23,0;0,0;0,0
HRJP;UNIDADE INTERNAÇÃO - PSIQUIATRIA ALA A;2023,0;7,0;0,0;0,0;17,0;0,0;0,0
HRJP;UNIDADE INTERNAÇÃO - PSIQUIATRIA ALA A;2023,0;8,0;0,0;0,0;12,0;0,0;0,0
HRJP;UNIDADE INTERNAÇÃO - PSIQUIATRIA ALA A;2023,0;9,0;0,0;0,0;13,0;0,0;0,0
HRJP;UNIDADE INTERNAÇÃO - PSIQUIATRIA ALA A;2023,0;10,0;1,0;1,0;20,0;0,05;0,05
HRJP;UNIDADE INTERNAÇÃO - PSIQUIATRIA ALA A;2023,0;11,0;1,0;1,0;12,0;0,08333333333333333;0,08333333333333333
HRJP;UNIDADE INTERNAÇÃO - PSIQUIATRIA ALA A;2023,0;12,0;0,0;0,0;22,0;0,0;0,0
HRJP;UNIDADE INTERNAÇÃO - PSIQUIATRIA ALA A;2024,0;1,0;2,0;2,0;15,0;0,13333333333333333;0,13333333333333333
HRJP;UNIDADE INTERNAÇÃO - PSIQUIATRIA ALA A;2024,0;2,0;0,0;0,0;26,0;0,0;0,0
HRJP;UNIDADE INTERNAÇÃO - PSIQUIATRIA ALA A;2024,0;3,0;0,0;0,0;31,0;0,0;0,0
HRJP;UNIDADE INTERNAÇÃO - PSIQUIATRIA ALA A;2024,0;4,0;0,0;0,0;38,0;0,0;0,0
HRJP;UNIDADE INTERNAÇÃO - PSIQUIATRIA ALA A;2024,0;5,0;0,0;0,0;12,0;0,0;0,0
HRJP;UNIDADE INTERNAÇÃO - PSIQUIATRIA ALA A;2024,0;6,0;0,0;0,0;8,0;0,0;0,0
HRJP;UNIDADE INTERNAÇÃO - PSIQUIATRIA ALA A;2024,0;7,0;0,0;0,0;14,0;0,0;0,0
HRJP;UNIDADE INTERNAÇÃO - PSIQUIATRIA ALA A;2024,0;8,0;0,0;0,0;11,0;0,0;0,0
HRJP;UNIDADE INTERNAÇÃO - PSIQUIATRIA ALA A;2024,0;9,0;0,0;0,0;9,0;0,0;0,0
HRJP;UNIDADE INTERNAÇÃO - PSIQUIATRIA ALA A;2024,0;10,0;0,0;0,0;21,0;0,0;0,0
HRJP;UNIDADE INTERNAÇÃO - PSIQUIATRIA ALA A;2024,0;11,0;0,0;0,0;1,0;0,0;0,0
HRJP;UNIDADE INTERNAÇÃO - PSIQUIATRIA ALA C;2022,0;6,0;0,0;0,0;5,0;0,0;0,0
HRJP;UNIDADE INTERNAÇÃO - PSIQUIATRIA ALA C;2022,0;7,0;0,0;0,0;5,0;0,0;0,0
HRJP;UNIDADE INTERNAÇÃO - PSIQUIATRIA ALA C;2022,0;8,0;0,0;0,0;5,0;0,0;0,0
HRJP;UNIDADE INTERNAÇÃO - PSIQUIATRIA ALA C;2022,0;9,0;0,0;0,0;10,0;0,0;0,0
HRJP;UNIDADE INTERNAÇÃO - PSIQUIATRIA ALA C;2022,0;10,0;0,0;0,0;8,0;0,0;0,0
HRJP;UNIDADE INTERNAÇÃO - PSIQUIATRIA ALA C;2022,0;11,0;0,0;0,0;11,0;0,0;0,0
HRJP;UNIDADE INTERNAÇÃO - PSIQUIATRIA ALA C;2022,0;12,0;0,0;0,0;9,0;0,0;0,0
HRJP;UNIDADE INTERNAÇÃO - PSIQUIATRIA ALA C;2023,0;1,0;0,0;0,0;5,0;0,0;0,0
HRJP;UNIDADE INTERNAÇÃO - PSIQUIATRIA ALA C;2023,0;2,0;0,0;0,0;5,0;0,0;0,0
HRJP;UNIDADE INTERNAÇÃO - PSIQUIATRIA ALA C;2023,0;3,0;0,0;0,0;16,0;0,0;0,0
HRJP;UNIDADE INTERNAÇÃO - PSIQUIATRIA ALA C;2023,0;4,0;0,0;0,0;3,0;0,0;0,0
HRJP;UNIDADE INTERNAÇÃO - PSIQUIATRIA ALA C;2023,0;5,0;0,0;0,0;7,0;0,0;0,0
HRJP;UNIDADE INTERNAÇÃO - PSIQUIATRIA ALA C;2023,0;6,0;0,0;0,0;5,0;0,0;0,0
HRJP;UNIDADE INTERNAÇÃO - PSIQUIATRIA ALA C;2023,0;7,0;0,0;0,0;7,0;0,0;0,0
HRJP;UNIDADE INTERNAÇÃO - PSIQUIATRIA ALA C;2023,0;8,0;0,0;0,0;5,0;0,0;0,0
HRJP;UNIDADE INTERNAÇÃO - PSIQUIATRIA ALA C;2023,0;9,0;1,0;1,0;5,0;0,2;0,2
HRJP;UNIDADE INTERNAÇÃO - PSIQUIATRIA ALA C;2023,0;10,0;0,0;0,0;4,0;0,0;0,0
HRJP;UNIDADE INTERNAÇÃO - PSIQUIATRIA ALA C;2023,0;11,0;0,0;0,0;4,0;0,0;0,0
HRJP;UNIDADE INTERNAÇÃO - PSIQUIATRIA ALA C;2023,0;12,0;0,0;0,0;2,0;0,0;0,0
HRJP;UNIDADE INTERNAÇÃO - PSIQUIATRIA ALA C;2024,0;1,0;0,0;0,0;1,0;0,0;0,0
HRJP;UNIDADE INTERNAÇÃO - PSIQUIATRIA ALA C;2024,0;2,0;0,0;0,0;4,0;0,0;0,0
HRJP;UNIDADE INTERNAÇÃO - PSIQUIATRIA ALA C;2024,0;3,0;0,0;0,0;5,0;0,0;0,0
HRJP;UNIDADE INTERNAÇÃO - PSIQUIATRIA ALA C;2024,0;4,0;0,0;0,0;11,0;0,0;0,0
HRJP;UNIDADE INTERNAÇÃO - PSIQUIATRIA ALA C;2024,0;5,0;0,0;0,0;2,0;0,0;0,0
HRJP;UNIDADE INTERNAÇÃO - PSIQUIATRIA ALA C;2024,0;6,0;0,0;0,0;4,0;0,0;0,0
HRJP;UNIDADE INTERNAÇÃO - PSIQUIATRIA ALA C;2024,0;7,0;0,0;0,0;3,0;0,0;0,0
HRJP;UNIDADE INTERNAÇÃO - PSIQUIATRIA ALA C;2024,0;8,0;0,0;0,0;2,0;0,0;0,0
HRJP;UNIDADE INTERNAÇÃO - PSIQUIATRIA ALA C;2024,0;9,0;0,0;0,0;3,0;0,0;0,0
HRJP;UNIDADE INTERNAÇÃO - PSIQUIATRIA ALA C;2024,0;10,0;0,0;0,0;4,0;0,0;0,0
HRJP;UNIDADE INTERNAÇÃO - PSIQUIATRIA ALA C;2024,0;11,0;0,0;0,0;1,0;0,0;0,0
HRJP;UTI;2019,0;1,0;7,0;7,0;9,0;0,7777777777777778;0,7777777777777778
HRJP;UTI;2019,0;2,0;6,0;6,0;6,0;1,0;1,0
HRJP;UTI;2019,0;3,0;4,0;4,0;5,0;0,8;0,8
HRJP;UTI;2019,0;4,0;7,0;6,0;8,0;0,875;0,75
HRJP;UTI;2019,0;5,0;2,0;2,0;2,0;1,0;1,0
HRJP;UTI;2019,0;6,0;5,0;5,0;5,0;1,0;1,0
HRJP;UTI;2019,0;7,0;5,0;5,0;6,0;0,8333333333333334;0,8333333333333334
HRJP;UTI;2019,0;8,0;6,0;6,0;7,0;0,8571428571428571;0,8571428571428571
HRJP;UTI;2019,0;9,0;9,0;9,0;10,0;0,9;0,9
HRJP;UTI;2019,0;10,0;4,0;4,0;4,0;1,0;1,0
HRJP;UTI;2019,0;11,0;4,0;4,0;5,0;0,8;0,8
HRJP;UTI;2019,0;12,0;6,0;6,0;7,0;0,8571428571428571;0,8571428571428571
HRJP;UTI;2020,0;1,0;9,0;9,0;10,0;0,9;0,9
HRJP;UTI;2020,0;2,0;8,0;7,0;8,0;1,0;0,875
HRJP;UTI;2020,0;3,0;8,0;6,0;11,0;0,7272727272727273;0,5454545454545454
HRJP;UTI;2020,0;4,0;5,0;5,0;7,0;0,7142857142857143;0,7142857142857143
HRJP;UTI;2020,0;5,0;14,0;10,0;16,0;0,875;0,625
HRJP;UTI;2020,0;6,0;11,0;11,0;11,0;1,0;1,0
HRJP;UTI;2020,0;7,0;22,0;22,0;22,0;1,0;1,0
HRJP;UTI;2020,0;8,0;17,0;16,0;17,0;1,0;0,9411764705882353
HRJP;UTI;2020,0;9,0;11,0;11,0;11,0;1,0;1,0
HRJP;UTI;2020,0;10,0;17,0;17,0;18,0;0,9444444444444444;0,9444444444444444
HRJP;UTI;2020,0;11,0;19,0;17,0;19,0;1,0;0,8947368421052632
HRJP;UTI;2020,0;12,0;17,0;17,0;18,0;0,9444444444444444;0,9444444444444444
HRJP;UTI;2021,0;1,0;18,0;17,0;18,0;1,0;0,9444444444444444
HRJP;UTI;2021,0;2,0;16,0;16,0;16,0;1,0;1,0
HRJP;UTI;2021,0;3,0;12,0;12,0;12,0;1,0;1,0
HRJP;UTI;2021,0;4,0;12,0;11,0;12,0;1,0;0,9166666666666666
HRJP;UTI;2021,0;5,0;7,0;7,0;7,0;1,0;1,0
HRJP;UTI;2021,0;6,0;8,0;8,0;8,0;1,0;1,0
HRJP;UTI;2021,0;7,0;9,0;9,0;9,0;1,0;1,0
HRJP;UTI -  PEDIATRICO;2022,0;11,0;2,0;1,0;4,0;0,5;0,25
HRJP;UTI -  PEDIATRICO;2023,0;1,0;2,0;2,0;2,0;1,0;1,0
HRJP;UTI -  PEDIATRICO;2023,0;2,0;1,0;1,0;1,0;1,0;1,0
HRJP;UTI -  PEDIATRICO;2023,0;3,0;1,0;1,0;1,0;1,0;1,0
HRJP;UTI -  PEDIATRICO;2023,0;4,0;1,0;1,0;1,0;1,0;1,0
HRJP;UTI -  PEDIATRICO;2023,0;5,0;0,0;0,0;3,0;0,0;0,0
HRJP;UTI -  PEDIATRICO;2023,0;6,0;1,0;1,0;1,0;1,0;1,0
HRJP;UTI -  PEDIATRICO;2023,0;7,0;3,0;2,0;4,0;0,75;0,5
HRJP;UTI -  PEDIATRICO;2023,0;8,0;1,0;1,0;2,0;0,5;0,5
HRJP;UTI -  PEDIATRICO;2023,0;9,0;1,0;1,0;1,0;1,0;1,0
HRJP;UTI -  PEDIATRICO;2023,0;10,0;0,0;0,0;1,0;0,0;0,0
HRJP;UTI -  PEDIATRICO;2023,0;11,0;2,0;2,0;2,0;1,0;1,0
HRJP;UTI -  PEDIATRICO;2023,0;12,0;0,0;0,0;1,0;0,0;0,0
HRJP;UTI -  PEDIATRICO;2024,0;1,0;0,0;0,0;1,0;0,0;0,0
HRJP;UTI -  PEDIATRICO;2024,0;2,0;0,0;0,0;1,0;0,0;0,0
HRJP;UTI -  PEDIATRICO;2024,0;3,0;3,0;2,0;5,0;0,6;0,4
HRJP;UTI -  PEDIATRICO;2024,0;4,0;1,0;1,0;3,0;0,3333333333333333;0,3333333333333333
HRJP;UTI -  PEDIATRICO;2024,0;5,0;2,0;2,0;3,0;0,6666666666666666;0,6666666666666666
HRJP;UTI -  PEDIATRICO;2024,0;6,0;2,0;1,0;3,0;0,6666666666666666;0,3333333333333333
HRJP;UTI -  PEDIATRICO;2024,0;7,0;1,0;1,0;1,0;1,0;1,0
HRJP;UTI -  PEDIATRICO;2024,0;8,0;1,0;1,0;3,0;0,3333333333333333;0,3333333333333333
HRJP;UTI -  PEDIATRICO;2024,0;9,0;1,0;0,0;3,0;0,3333333333333333;0,0
HRJP;UTI -  PEDIATRICO;2024,0;10,0;1,0;1,0;4,0;0,25;0,25
HRJP;UTI - ADULTO;2021,0;7,0;2,0;2,0;2,0;1,0;1,0
HRJP;UTI - ADULTO;2021,0;8,0;8,0;7,0;8,0;1,0;0,875
HRJP;UTI - ADULTO;2021,0;9,0;10,0;10,0;11,0;0,9090909090909091;0,9090909090909091
HRJP;UTI - ADULTO;2021,0;10,0;5,0;5,0;6,0;0,8333333333333334;0,8333333333333334
HRJP;UTI - ADULTO;2021,0;11,0;5,0;4,0;5,0;1,0;0,8
HRJP;UTI - ADULTO;2021,0;12,0;3,0;3,0;4,0;0,75;0,75
HRJP;UTI - ADULTO;2022,0;1,0;4,0;4,0;6,0;0,6666666666666666;0,6666666666666666
HRJP;UTI - ADULTO;2022,0;2,0;3,0;3,0;3,0;1,0;1,0
HRJP;UTI - ADULTO;2022,0;3,0;9,0;8,0;10,0;0,9;0,8
HRJP;UTI - ADULTO;2022,0;4,0;15,0;14,0;16,0;0,9375;0,875
HRJP;UTI - ADULTO;2022,0;5,0;6,0;6,0;6,0;1,0;1,0
HRJP;UTI - ADULTO;2022,0;6,0;9,0;8,0;10,0;0,9;0,8
HRJP;UTI - ADULTO;2022,0;7,0;8,0;8,0;9,0;0,8888888888888888;0,8888888888888888
HRJP;UTI - ADULTO;2022,0;8,0;9,0;8,0;11,0;0,8181818181818182;0,7272727272727273
HRJP;UTI - ADULTO;2022,0;9,0;3,0;3,0;3,0;1,0;1,0
HRJP;UTI - ADULTO;2022,0;10,0;7,0;7,0;9,0;0,7777777777777778;0,7777777777777778
HRJP;UTI - ADULTO;2022,0;11,0;6,0;5,0;10,0;0,6;0,5
HRJP;UTI - ADULTO;2022,0;12,0;6,0;5,0;6,0;1,0;0,8333333333333334
HRJP;UTI - ADULTO;2023,0;1,0;5,0;5,0;6,0;0,8333333333333334;0,8333333333333334
HRJP;UTI - ADULTO;2023,0;2,0;9,0;6,0;12,0;0,75;0,5
HRJP;UTI - ADULTO;2023,0;3,0;13,0;13,0;18,0;0,7222222222222222;0,7222222222222222
HRJP;UTI - ADULTO;2023,0;4,0;17,0;17,0;18,0;0,9444444444444444;0,9444444444444444
HRJP;UTI - ADULTO;2023,0;5,0;14,0;13,0;15,0;0,9333333333333333;0,8666666666666667
HRJP;UTI - ADULTO;2023,0;6,0;18,0;15,0;19,0;0,9473684210526315;0,7894736842105263
HRJP;UTI - ADULTO;2023,0;7,0;15,0;15,0;15,0;1,0;1,0
HRJP;UTI - ADULTO;2023,0;8,0;13,0;13,0;13,0;1,0;1,0
HRJP;UTI - ADULTO;2023,0;9,0;11,0;11,0;12,0;0,9166666666666666;0,9166666666666666
HRJP;UTI - ADULTO;2023,0;10,0;10,0;10,0;14,0;0,7142857142857143;0,7142857142857143
HRJP;UTI - ADULTO;2023,0;11,0;7,0;7,0;9,0;0,7777777777777778;0,7777777777777778
HRJP;UTI - ADULTO;2023,0;12,0;13,0;11,0;14,0;0,9285714285714286;0,7857142857142857
HRJP;UTI - ADULTO;2024,0;1,0;12,0;11,0;14,0;0,8571428571428571;0,7857142857142857
HRJP;UTI - ADULTO;2024,0;2,0;13,0;12,0;13,0;1,0;0,9230769230769231
HRJP;UTI - ADULTO;2024,0;3,0;18,0;17,0;18,0;1,0;0,9444444444444444
HRJP;UTI - ADULTO;2024,0;4,0;8,0;8,0;10,0;0,8;0,8
HRJP;UTI - ADULTO;2024,0;5,0;14,0;14,0;17,0;0,8235294117647058;0,8235294117647058
HRJP;UTI - ADULTO;2024,0;6,0;11,0;11,0;11,0;1,0;1,0
HRJP;UTI - ADULTO;2024,0;7,0;13,0;13,0;15,0;0,8666666666666667;0,8666666666666667
HRJP;UTI - ADULTO;2024,0;8,0;10,0;9,0;12,0;0,8333333333333334;0,75
HRJP;UTI - ADULTO;2024,0;9,0;14,0;14,0;14,0;1,0;1,0
HRJP;UTI - ADULTO;2024,0;10,0;13,0;12,0;13,0;1,0;0,9230769230769231
HRJP;UTI - ADULTO;2024,0;11,0;8,0;8,0;9,0;0,8888888888888888;0,8888888888888888
HRJP;UTI - ADULTO;2024,0;12,0;20,0;19,0;20,0;1,0;0,95
HRJP;UTI - ADULTO;2025,0;1,0;4,0;4,0;4,0;1,0;1,0
HRJP;UTI - ADULTO;2025,0;2,0;3,0;3,0;4,0;0,75;0,75
HRJP;UTI - ADULTO;2025,0;3,0;10,0;9,0;13,0;0,7692307692307693;0,6923076923076923
HRJP;UTI - ADULTO;2025,0;4,0;9,0;9,0;10,0;0,9;0,9
HRJP;UTI - ADULTO;2025,0;5,0;7,0;7,0;10,0;0,7;0,7
HRJP;UTI - ADULTO;2025,0;6,0;5,0;5,0;7,0;0,7142857142857143;0,7142857142857143
HRJP;UTI - ADULTO;2025,0;7,0;5,0;5,0;6,0;0,8333333333333334;0,8333333333333334
HRJP;UTI - ADULTO;2025,0;8,0;2,0;2,0;2,0;1,0;1,0
HRJP;UTI - ADULTO;2025,0;9,0;8,0;8,0;8,0;1,0;1,0
HRJP;UTI - ADULTO;2025,0;10,0;16,0;16,0;17,0;0,9411764705882353;0,9411764705882353
HRJP;UTI - ADULTO;2025,0;11,0;8,0;8,0;9,0;0,8888888888888888;0,8888888888888888
HRJP;UTI - ADULTO;2025,0;12,0;10,0;10,0;11,0;0,9090909090909091;0,9090909090909091
HRJP;UTI - ADULTO;2026,0;1,0;9,0;9,0;11,0;0,8181818181818182;0,8181818181818182
HRJP;UTI - ADULTO;2026,0;2,0;9,0;8,0;11,0;0,8181818181818182;0,7272727272727273
HRJP;UTI - ADULTO;2026,0;3,0;8,0;8,0;12,0;0,6666666666666666;0,6666666666666666
HRJP;UTI - ADULTO;2026,0;4,0;12,0;12,0;17,0;0,7058823529411765;0,7058823529411765
HRJP;UTI - ADULTO;2026,0;5,0;15,0;15,0;17,0;0,8823529411764706;0,8823529411764706
HRJP;UTI - ADULTO;2026,0;6,0;14,0;14,0;16,0;0,875;0,875
HRJP;UTI - ADULTO;2026,0;7,0;15,0;14,0;18,0;0,8333333333333334;0,7777777777777778
HRJP;UTI - ADULTO;2026,0;8,0;12,0;11,0;14,0;0,8571428571428571;0,7857142857142857
HRJP;UTI - NEONATAL;2019,0;1,0;3,0;1,0;11,0;0,2727272727272727;0,09090909090909091
HRJP;UTI - NEONATAL;2019,0;2,0;1,0;1,0;7,0;0,14285714285714285;0,14285714285714285
HRJP;UTI - NEONATAL;2019,0;3,0;1,0;1,0;4,0;0,25;0,25
HRJP;UTI - NEONATAL;2019,0;4,0;4,0;2,0;10,0;0,4;0,2
HRJP;UTI - NEONATAL;2019,0;5,0;1,0;1,0;2,0;0,5;0,5
HRJP;UTI - NEONATAL;2019,0;6,0;4,0;4,0;13,0;0,3076923076923077;0,3076923076923077
HRJP;UTI - NEONATAL;2019,0;7,0;2,0;2,0;4,0;0,5;0,5
HRJP;UTI - NEONATAL;2019,0;8,0;1,0;1,0;4,0;0,25;0,25
HRJP;UTI - NEONATAL;2019,0;9,0;4,0;4,0;6,0;0,6666666666666666;0,6666666666666666
HRJP;UTI - NEONATAL;2019,0;10,0;4,0;3,0;10,0;0,4;0,3
HRJP;UTI - NEONATAL;2019,0;11,0;2,0;2,0;5,0;0,4;0,4
HRJP;UTI - NEONATAL;2019,0;12,0;2,0;2,0;5,0;0,4;0,4
HRJP;UTI - NEONATAL;2020,0;1,0;2,0;1,0;3,0;0,6666666666666666;0,3333333333333333
HRJP;UTI - NEONATAL;2020,0;2,0;2,0;2,0;5,0;0,4;0,4
HRJP;UTI - NEONATAL;2020,0;3,0;4,0;4,0;8,0;0,5;0,5
HRJP;UTI - NEONATAL;2020,0;4,0;1,0;1,0;17,0;0,058823529411764705;0,058823529411764705
HRJP;UTI - NEONATAL;2020,0;5,0;0,0;0,0;16,0;0,0;0,0
HRJP;UTI - NEONATAL;2020,0;6,0;0,0;0,0;15,0;0,0;0,0
HRJP;UTI - NEONATAL;2020,0;7,0;1,0;1,0;10,0;0,1;0,1
HRJP;UTI - NEONATAL;2020,0;8,0;3,0;2,0;17,0;0,17647058823529413;0,11764705882352941
HRJP;UTI - NEONATAL;2020,0;9,0;0,0;0,0;13,0;0,0;0,0
HRJP;UTI - NEONATAL;2020,0;10,0;2,0;1,0;7,0;0,2857142857142857;0,14285714285714285
HRJP;UTI - NEONATAL;2020,0;11,0;2,0;1,0;17,0;0,11764705882352941;0,058823529411764705
HRJP;UTI - NEONATAL;2020,0;12,0;2,0;2,0;14,0;0,14285714285714285;0,14285714285714285
HRJP;UTI - NEONATAL;2021,0;1,0;2,0;2,0;12,0;0,16666666666666666;0,16666666666666666
HRJP;UTI - NEONATAL;2021,0;2,0;2,0;2,0;9,0;0,2222222222222222;0,2222222222222222
HRJP;UTI - NEONATAL;2021,0;3,0;1,0;1,0;9,0;0,1111111111111111;0,1111111111111111
HRJP;UTI - NEONATAL;2021,0;4,0;0,0;0,0;9,0;0,0;0,0
HRJP;UTI - NEONATAL;2021,0;5,0;0,0;0,0;6,0;0,0;0,0
HRJP;UTI - NEONATAL;2021,0;6,0;2,0;1,0;7,0;0,2857142857142857;0,14285714285714285
HRJP;UTI - NEONATAL;2021,0;7,0;1,0;1,0;6,0;0,16666666666666666;0,16666666666666666
HRJP;UTI - NEONATAL;2021,0;8,0;1,0;1,0;1,0;1,0;1,0
HRJP;UTI - NEONATAL;2021,0;9,0;1,0;0,0;2,0;0,5;0,0
HRJP;UTI - NEONATAL;2021,0;10,0;1,0;1,0;3,0;0,3333333333333333;0,3333333333333333
HRJP;UTI - NEONATAL;2021,0;11,0;2,0;2,0;4,0;0,5;0,5
HRJP;UTI - NEONATAL;2021,0;12,0;3,0;3,0;4,0;0,75;0,75
HRJP;UTI - NEONATAL;2022,0;1,0;2,0;2,0;4,0;0,5;0,5
HRJP;UTI - NEONATAL;2022,0;2,0;1,0;1,0;21,0;0,047619047619047616;0,047619047619047616
HRJP;UTI - NEONATAL;2022,0;3,0;2,0;2,0;11,0;0,18181818181818182;0,18181818181818182
HRJP;UTI - NEONATAL;2022,0;4,0;1,0;1,0;2,0;0,5;0,5
HRJP;UTI - NEONATAL;2022,0;5,0;3,0;3,0;4,0;0,75;0,75
HRJP;UTI - NEONATAL;2022,0;6,0;4,0;2,0;5,0;0,8;0,4
HRJP;UTI - NEONATAL;2022,0;7,0;1,0;1,0;3,0;0,3333333333333333;0,3333333333333333
HRJP;UTI - NEONATAL;2022,0;8,0;1,0;1,0;1,0;1,0;1,0
HRJP;UTI - NEONATAL;2022,0;9,0;3,0;2,0;5,0;0,6;0,4
HRJP;UTI - NEONATAL;2022,0;10,0;3,0;2,0;5,0;0,6;0,4
HRJP;UTI - NEONATAL;2022,0;11,0;2,0;2,0;2,0;1,0;1,0
HRJP;UTI - NEONATAL;2022,0;12,0;1,0;1,0;2,0;0,5;0,5
HRJP;UTI - NEONATAL;2023,0;1,0;1,0;1,0;3,0;0,3333333333333333;0,3333333333333333
HRJP;UTI - NEONATAL;2023,0;2,0;2,0;2,0;3,0;0,6666666666666666;0,6666666666666666
HRJP;UTI - NEONATAL;2023,0;3,0;1,0;1,0;2,0;0,5;0,5
HRJP;UTI - NEONATAL;2023,0;4,0;0,0;0,0;1,0;0,0;0,0
HRJP;UTI - NEONATAL;2023,0;5,0;0,0;0,0;1,0;0,0;0,0
HRJP;UTI - NEONATAL;2023,0;6,0;1,0;0,0;1,0;1,0;0,0
HRJP;UTI - NEONATAL;2023,0;7,0;2,0;2,0;3,0;0,6666666666666666;0,6666666666666666
HRJP;UTI - NEONATAL;2023,0;8,0;1,0;1,0;2,0;0,5;0,5
HRJP;UTI - NEONATAL;2023,0;10,0;3,0;3,0;3,0;1,0;1,0
HRJP;UTI - NEONATAL;2023,0;11,0;1,0;0,0;2,0;0,5;0,0
HRJP;UTI - NEONATAL;2023,0;12,0;2,0;1,0;3,0;0,6666666666666666;0,3333333333333333
HRJP;UTI - NEONATAL;2024,0;1,0;4,0;4,0;4,0;1,0;1,0
HRJP;UTI - NEONATAL;2024,0;2,0;1,0;1,0;1,0;1,0;1,0
HRJP;UTI - NEONATAL;2024,0;3,0;2,0;1,0;4,0;0,5;0,25
HRJP;UTI - NEONATAL;2024,0;4,0;0,0;0,0;1,0;0,0;0,0
HRJP;UTI - NEONATAL;2024,0;5,0;1,0;1,0;1,0;1,0;1,0
HRJP;UTI - NEONATAL;2024,0;6,0;3,0;3,0;3,0;1,0;1,0
HRJP;UTI - NEONATAL;2024,0;8,0;2,0;2,0;2,0;1,0;1,0
HRJP;UTI - NEONATAL;2024,0;9,0;2,0;2,0;2,0;1,0;1,0
HRJP;UTI - NEONATAL;2024,0;10,0;3,0;3,0;4,0;0,75;0,75
HRJP;UTI - NEONATAL I;2024,0;11,0;1,0;1,0;2,0;0,5;0,5
HRJP;UTI - NEONATAL I;2025,0;1,0;1,0;1,0;2,0;0,5;0,5
HRJP;UTI - NEONATAL I;2025,0;3,0;3,0;3,0;4,0;0,75;0,75
HRJP;UTI - NEONATAL I;2025,0;4,0;1,0;1,0;1,0;1,0;1,0
HRJP;UTI - NEONATAL I;2025,0;5,0;1,0;0,0;1,0;1,0;0,0
HRJP;UTI - NEONATAL I;2025,0;6,0;0,0;0,0;3,0;0,0;0,0
HRJP;UTI - NEONATAL I;2025,0;7,0;2,0;2,0;2,0;1,0;1,0
HRJP;UTI - NEONATAL I;2025,0;8,0;1,0;1,0;2,0;0,5;0,5
HRJP;UTI - NEONATAL I;2025,0;9,0;0,0;0,0;8,0;0,0;0,0
HRJP;UTI - NEONATAL I;2025,0;10,0;1,0;1,0;11,0;0,09090909090909091;0,09090909090909091
HRJP;UTI - NEONATAL I;2025,0;11,0;0,0;0,0;5,0;0,0;0,0
HRJP;UTI - NEONATAL I;2025,0;12,0;1,0;1,0;8,0;0,125;0,125
HRJP;UTI - NEONATAL I;2026,0;1,0;1,0;1,0;6,0;0,16666666666666666;0,16666666666666666
HRJP;UTI - NEONATAL I;2026,0;3,0;1,0;1,0;2,0;0,5;0,5
HRJP;UTI - NEONATAL I;2026,0;4,0;0,0;0,0;1,0;0,0;0,0
HRJP;UTI - NEONATAL I;2026,0;5,0;0,0;0,0;2,0;0,0;0,0
HRJP;UTI - NEONATAL I;2026,0;6,0;1,0;0,0;7,0;0,14285714285714285;0,0
HRJP;UTI - NEONATAL I;2026,0;7,0;2,0;2,0;3,0;0,6666666666666666;0,6666666666666666
HRJP;UTI - NEONATAL I;2026,0;8,0;3,0;2,0;4,0;0,75;0,5
HRJP;UTI - NEONATAL II;2025,0;4,0;1,0;1,0;1,0;1,0;1,0
HRJP;UTI - NEONATAL II;2025,0;5,0;1,0;1,0;1,0;1,0;1,0
HRJP;UTI - NEONATAL II;2025,0;6,0;1,0;1,0;1,0;1,0;1,0
HRJP;UTI - NEONATAL II;2025,0;7,0;0,0;0,0;1,0;0,0;0,0
HRJP;UTI - NEONATAL II;2025,0;8,0;0,0;0,0;6,0;0,0;0,0
HRJP;UTI - NEONATAL II;2025,0;9,0;0,0;0,0;2,0;0,0;0,0
HRJP;UTI - NEONATAL II;2025,0;10,0;0,0;0,0;5,0;0,0;0,0
HRJP;UTI - PEDIÁTRICO;2024,0;12,0;1,0;1,0;2,0;0,5;0,5
HRJP;UTI - PEDIÁTRICO;2025,0;1,0;1,0;0,0;4,0;0,25;0,0
HRJP;UTI - PEDIÁTRICO;2025,0;2,0;1,0;1,0;2,0;0,5;0,5
HRJP;UTI - PEDIÁTRICO;2025,0;3,0;0,0;0,0;2,0;0,0;0,0
HRJP;UTI - PEDIÁTRICO;2025,0;4,0;1,0;1,0;3,0;0,3333333333333333;0,3333333333333333
HRJP;UTI - PEDIÁTRICO;2025,0;5,0;2,0;2,0;3,0;0,6666666666666666;0,6666666666666666
HRJP;UTI - PEDIÁTRICO;2025,0;6,0;1,0;1,0;2,0;0,5;0,5
HRJP;UTI - PEDIÁTRICO;2025,0;7,0;0,0;0,0;2,0;0,0;0,0
HRJP;UTI - PEDIÁTRICO;2025,0;8,0;0,0;0,0;3,0;0,0;0,0
HRJP;UTI - PEDIÁTRICO;2025,0;9,0;2,0;1,0;3,0;0,6666666666666666;0,3333333333333333
HRJP;UTI - PEDIÁTRICO;2025,0;10,0;2,0;1,0;2,0;1,0;0,5
HRJP;UTI - PEDIÁTRICO;2025,0;11,0;2,0;2,0;7,0;0,2857142857142857;0,2857142857142857
HRJP;UTI - PEDIÁTRICO;2025,0;12,0;3,0;3,0;8,0;0,375;0,375
HRJP;UTI - PEDIÁTRICO;2026,0;1,0;1,0;1,0;2,0;0,5;0,5
HRJP;UTI - PEDIÁTRICO;2026,0;2,0;2,0;2,0;4,0;0,5;0,5
HRJP;UTI - PEDIÁTRICO;2026,0;3,0;1,0;1,0;2,0;0,5;0,5
HRJP;UTI - PEDIÁTRICO;2026,0;4,0;1,0;0,0;6,0;0,16666666666666666;0,0
HRJP;UTI - PEDIÁTRICO;2026,0;5,0;1,0;1,0;1,0;1,0;1,0
HRJP;UTI - PEDIÁTRICO;2026,0;6,0;0,0;0,0;2,0;0,0;0,0
HRJP;UTI - PEDIÁTRICO;2026,0;7,0;0,0;0,0;4,0;0,0;0,0
HRJP;UTI - PEDIÁTRICO;2026,0;8,0;1,0;0,0;5,0;0,2;0,0
HRJP;UTI PEDIATRICA;2019,0;1,0;2,0;2,0;7,0;0,2857142857142857;0,2857142857142857
HRJP;UTI PEDIATRICA;2019,0;3,0;1,0;1,0;5,0;0,2;0,2
HRJP;UTI PEDIATRICA;2019,0;4,0;1,0;1,0;5,0;0,2;0,2
HRJP;UTI PEDIATRICA;2019,0;5,0;0,0;0,0;3,0;0,0;0,0
HRJP;UTI PEDIATRICA;2019,0;6,0;1,0;1,0;6,0;0,16666666666666666;0,16666666666666666
HRJP;UTI PEDIATRICA;2019,0;7,0;2,0;1,0;4,0;0,5;0,25
HRJP;UTI PEDIATRICA;2019,0;8,0;1,0;1,0;2,0;0,5;0,5
HRJP;UTI PEDIATRICA;2019,0;9,0;0,0;0,0;1,0;0,0;0,0
HRJP;UTI PEDIATRICA;2019,0;10,0;0,0;0,0;2,0;0,0;0,0
HRJP;UTI PEDIATRICA;2019,0;11,0;1,0;1,0;3,0;0,3333333333333333;0,3333333333333333
HRJP;UTI PEDIATRICA;2019,0;12,0;1,0;0,0;3,0;0,3333333333333333;0,0
HRJP;UTI PEDIATRICA;2020,0;1,0;2,0;2,0;3,0;0,6666666666666666;0,6666666666666666
HRJP;UTI PEDIATRICA;2020,0;2,0;1,0;1,0;3,0;0,3333333333333333;0,3333333333333333
HRJP;UTI PEDIATRICA;2020,0;3,0;0,0;0,0;2,0;0,0;0,0
HRJP;UTI PEDIATRICA;2020,0;4,0;1,0;1,0;3,0;0,3333333333333333;0,3333333333333333
HRJP;UTI PEDIATRICA;2020,0;5,0;0,0;0,0;2,0;0,0;0,0
HRJP;UTI PEDIATRICA;2020,0;6,0;0,0;0,0;1,0;0,0;0,0
HRJP;UTI PEDIATRICA;2020,0;7,0;0,0;0,0;2,0;0,0;0,0
HRJP;UTI PEDIATRICA;2020,0;8,0;1,0;1,0;3,0;0,3333333333333333;0,3333333333333333
HRJP;UTI PEDIATRICA;2020,0;9,0;4,0;4,0;4,0;1,0;1,0
HRJP;UTI PEDIATRICA;2020,0;10,0;1,0;0,0;2,0;0,5;0,0
HRJP;UTI PEDIATRICA;2020,0;11,0;0,0;0,0;1,0;0,0;0,0
HRJP;UTI PEDIATRICA;2020,0;12,0;0,0;0,0;1,0;0,0;0,0
HRJP;UTI PEDIATRICA;2021,0;1,0;2,0;2,0;4,0;0,5;0,5
HRJP;UTI PEDIATRICA;2021,0;2,0;2,0;1,0;2,0;1,0;0,5
HRJP;UTI PEDIATRICA;2021,0;4,0;1,0;1,0;7,0;0,14285714285714285;0,14285714285714285
HRJP;UTI PEDIATRICA;2021,0;5,0;1,0;1,0;2,0;0,5;0,5
HRJP;UTI PEDIATRICA;2021,0;6,0;0,0;0,0;1,0;0,0;0,0
HRJP;UTI PEDIATRICA;2021,0;7,0;0,0;0,0;1,0;0,0;0,0
HRJP;UTI PEDIATRICA;2021,0;8,0;1,0;0,0;1,0;1,0;0,0
HRJP;UTI PEDIATRICA;2021,0;9,0;0,0;0,0;2,0;0,0;0,0
HRJP;UTI PEDIATRICA;2021,0;10,0;1,0;1,0;3,0;0,3333333333333333;0,3333333333333333
HRJP;UTI PEDIATRICA;2021,0;11,0;1,0;1,0;4,0;0,25;0,25
HRJP;UTI PEDIATRICA;2021,0;12,0;0,0;0,0;6,0;0,0;0,0
HRJP;UTI PEDIATRICA;2022,0;1,0;1,0;1,0;3,0;0,3333333333333333;0,3333333333333333
HRJP;UTI PEDIATRICA;2022,0;2,0;2,0;2,0;5,0;0,4;0,4
HRJP;UTI PEDIATRICA;2022,0;3,0;2,0;1,0;3,0;0,6666666666666666;0,3333333333333333
HRJP;UTI PEDIATRICA;2022,0;4,0;2,0;1,0;5,0;0,4;0,2
HRJP;UTI PEDIATRICA;2022,0;5,0;0,0;0,0;2,0;0,0;0,0
HRJP;UTI PEDIATRICA;2022,0;6,0;1,0;1,0;1,0;1,0;1,0
HRJP;UTI PEDIATRICA;2022,0;7,0;0,0;0,0;1,0;0,0;0,0
HRJP;UTI PEDIATRICA;2022,0;8,0;1,0;1,0;2,0;0,5;0,5
HRJP;UTI PEDIATRICA;2022,0;9,0;0,0;0,0;1,0;0,0;0,0
IRS;ALA A;2023,0;8,0;0,0;0,0;14,0;0,0;0,0
IRS;ALA A;2023,0;9,0;0,0;0,0;17,0;0,0;0,0
IRS;ALA A;2023,0;10,0;0,0;0,0;21,0;0,0;0,0
IRS;ALA A;2023,0;11,0;0,0;0,0;19,0;0,0;0,0
IRS;ALA A;2023,0;12,0;0,0;0,0;19,0;0,0;0,0
IRS;ALA A;2024,0;1,0;0,0;0,0;14,0;0,0;0,0
IRS;ALA A;2024,0;2,0;0,0;0,0;22,0;0,0;0,0
IRS;ALA A;2024,0;3,0;0,0;0,0;11,0;0,0;0,0
IRS;ALA A;2024,0;4,0;0,0;0,0;15,0;0,0;0,0
IRS;ALA A;2024,0;5,0;0,0;0,0;14,0;0,0;0,0
IRS;ALA A;2024,0;6,0;0,0;0,0;12,0;0,0;0,0
IRS;ALA A;2024,0;7,0;0,0;0,0;16,0;0,0;0,0
IRS;ALA A;2024,0;8,0;0,0;0,0;13,0;0,0;0,0
IRS;ALA A;2024,0;9,0;0,0;0,0;10,0;0,0;0,0
IRS;ALA A;2024,0;10,0;0,0;0,0;17,0;0,0;0,0
IRS;ALA A;2024,0;11,0;0,0;0,0;13,0;0,0;0,0
IRS;ALA A;2024,0;12,0;0,0;0,0;14,0;0,0;0,0
IRS;ALA A;2025,0;1,0;0,0;0,0;10,0;0,0;0,0
IRS;ALA A;2025,0;2,0;0,0;0,0;14,0;0,0;0,0
IRS;ALA A;2025,0;3,0;0,0;0,0;15,0;0,0;0,0
IRS;ALA A;2025,0;4,0;0,0;0,0;11,0;0,0;0,0
IRS;ALA A;2025,0;5,0;0,0;0,0;20,0;0,0;0,0
IRS;ALA A;2025,0;6,0;0,0;0,0;15,0;0,0;0,0
IRS;ALA A;2025,0;7,0;0,0;0,0;20,0;0,0;0,0
IRS;ALA A;2025,0;8,0;0,0;0,0;13,0;0,0;0,0
IRS;ALA A;2025,0;9,0;0,0;0,0;16,0;0,0;0,0
IRS;ALA A;2025,0;10,0;0,0;0,0;13,0;0,0;0,0
IRS;ALA A;2025,0;11,0;0,0;0,0;16,0;0,0;0,0
IRS;ALA A;2025,0;12,0;0,0;0,0;18,0;0,0;0,0
IRS;ALA A;2026,0;1,0;0,0;0,0;11,0;0,0;0,0
IRS;ALA A;2026,0;2,0;0,0;0,0;17,0;0,0;0,0
IRS;ALA A;2026,0;3,0;0,0;0,0;12,0;0,0;0,0
IRS;ALA A;2026,0;4,0;0,0;0,0;15,0;0,0;0,0
IRS;ALA A;2026,0;5,0;0,0;0,0;11,0;0,0;0,0
IRS;ALA A;2026,0;6,0;0,0;0,0;17,0;0,0;0,0
IRS;ALA A;2026,0;7,0;0,0;0,0;23,0;0,0;0,0
IRS;ALA A;2026,0;8,0;0,0;0,0;13,0;0,0;0,0
IRS;ALA B;2023,0;8,0;0,0;0,0;12,0;0,0;0,0
IRS;ALA B;2023,0;9,0;0,0;0,0;29,0;0,0;0,0
IRS;ALA B;2023,0;10,0;0,0;0,0;20,0;0,0;0,0
IRS;ALA B;2023,0;11,0;0,0;0,0;21,0;0,0;0,0
IRS;ALA B;2023,0;12,0;0,0;0,0;16,0;0,0;0,0
IRS;ALA B;2024,0;1,0;0,0;0,0;14,0;0,0;0,0
IRS;ALA B;2024,0;2,0;0,0;0,0;20,0;0,0;0,0
IRS;ALA B;2024,0;3,0;0,0;0,0;18,0;0,0;0,0
IRS;ALA B;2024,0;4,0;0,0;0,0;14,0;0,0;0,0
IRS;ALA B;2024,0;5,0;0,0;0,0;11,0;0,0;0,0
IRS;ALA B;2024,0;6,0;0,0;0,0;7,0;0,0;0,0
IRS;ALA B;2024,0;7,0;0,0;0,0;13,0;0,0;0,0
IRS;ALA B;2024,0;8,0;0,0;0,0;16,0;0,0;0,0
IRS;ALA B;2024,0;9,0;0,0;0,0;12,0;0,0;0,0
IRS;ALA B;2024,0;10,0;0,0;0,0;12,0;0,0;0,0
IRS;ALA B;2024,0;11,0;0,0;0,0;12,0;0,0;0,0
IRS;ALA B;2024,0;12,0;0,0;0,0;16,0;0,0;0,0
IRS;ALA B;2025,0;1,0;0,0;0,0;10,0;0,0;0,0
IRS;ALA B;2025,0;2,0;0,0;0,0;5,0;0,0;0,0
IRS;ALA B;2025,0;3,0;0,0;0,0;15,0;0,0;0,0
IRS;ALA B;2025,0;4,0;0,0;0,0;11,0;0,0;0,0
IRS;ALA B;2025,0;5,0;0,0;0,0;15,0;0,0;0,0
IRS;ALA B;2025,0;6,0;0,0;0,0;11,0;0,0;0,0
IRS;ALA B;2025,0;7,0;0,0;0,0;15,0;0,0;0,0
IRS;ALA B;2025,0;8,0;0,0;0,0;14,0;0,0;0,0
IRS;ALA B;2025,0;9,0;0,0;0,0;18,0;0,0;0,0
IRS;ALA B;2025,0;10,0;0,0;0,0;17,0;0,0;0,0
IRS;ALA B;2025,0;11,0;0,0;0,0;18,0;0,0;0,0
IRS;ALA B;2025,0;12,0;0,0;0,0;12,0;0,0;0,0
IRS;ALA B;2026,0;1,0;0,0;0,0;15,0;0,0;0,0
IRS;ALA B;2026,0;2,0;0,0;0,0;11,0;0,0;0,0
IRS;ALA B;2026,0;3,0;0,0;0,0;19,0;0,0;0,0
IRS;ALA B;2026,0;4,0;0,0;0,0;23,0;0,0;0,0
IRS;ALA B;2026,0;5,0;0,0;0,0;14,0;0,0;0,0
IRS;ALA B;2026,0;6,0;0,0;0,0;19,0;0,0;0,0
IRS;ALA B;2026,0;7,0;0,0;0,0;17,0;0,0;0,0
IRS;ALA B;2026,0;8,0;0,0;0,0;15,0;0,0;0,0
IRS;ALA C;2023,0;8,0;0,0;0,0;22,0;0,0;0,0
IRS;ALA C;2023,0;9,0;0,0;0,0;21,0;0,0;0,0
IRS;ALA C;2023,0;10,0;0,0;0,0;33,0;0,0;0,0
IRS;ALA C;2023,0;11,0;0,0;0,0;30,0;0,0;0,0
IRS;ALA C;2023,0;12,0;0,0;0,0;23,0;0,0;0,0
IRS;ALA C;2024,0;1,0;0,0;0,0;13,0;0,0;0,0
IRS;ALA C;2024,0;2,0;0,0;0,0;28,0;0,0;0,0
IRS;ALA C;2024,0;3,0;0,0;0,0;13,0;0,0;0,0
IRS;ALA C;2024,0;4,0;0,0;0,0;15,0;0,0;0,0
IRS;ALA C;2024,0;5,0;0,0;0,0;12,0;0,0;0,0
IRS;ALA C;2024,0;6,0;0,0;0,0;13,0;0,0;0,0
IRS;ALA C;2024,0;7,0;0,0;0,0;17,0;0,0;0,0
IRS;ALA C;2024,0;8,0;0,0;0,0;21,0;0,0;0,0
IRS;ALA C;2024,0;9,0;0,0;0,0;21,0;0,0;0,0
IRS;ALA C;2024,0;10,0;0,0;0,0;23,0;0,0;0,0
IRS;ALA C;2024,0;11,0;0,0;0,0;17,0;0,0;0,0
IRS;ALA C;2024,0;12,0;0,0;0,0;17,0;0,0;0,0
IRS;ALA C;2025,0;1,0;0,0;0,0;21,0;0,0;0,0
IRS;ALA C;2025,0;2,0;0,0;0,0;12,0;0,0;0,0
IRS;ALA C;2025,0;3,0;0,0;0,0;21,0;0,0;0,0
IRS;ALA C;2025,0;4,0;0,0;0,0;20,0;0,0;0,0
IRS;ALA C;2025,0;5,0;0,0;0,0;18,0;0,0;0,0
IRS;ALA C;2025,0;6,0;0,0;0,0;21,0;0,0;0,0
IRS;ALA C;2025,0;7,0;0,0;0,0;16,0;0,0;0,0
IRS;ALA C;2025,0;8,0;0,0;0,0;20,0;0,0;0,0
IRS;ALA C;2025,0;9,0;0,0;0,0;12,0;0,0;0,0
IRS;ALA C;2025,0;10,0;0,0;0,0;27,0;0,0;0,0
IRS;ALA C;2025,0;11,0;0,0;0,0;13,0;0,0;0,0
IRS;ALA C;2025,0;12,0;0,0;0,0;14,0;0,0;0,0
IRS;ALA C;2026,0;1,0;0,0;0,0;16,0;0,0;0,0
IRS;ALA C;2026,0;2,0;0,0;0,0;14,0;0,0;0,0
IRS;ALA C;2026,0;3,0;0,0;0,0;18,0;0,0;0,0
IRS;ALA C;2026,0;4,0;0,0;0,0;18,0;0,0;0,0
IRS;ALA C;2026,0;5,0;0,0;0,0;11,0;0,0;0,0
IRS;ALA C;2026,0;6,0;0,0;0,0;15,0;0,0;0,0
IRS;ALA C;2026,0;7,0;0,0;0,0;26,0;0,0;0,0
IRS;ALA C;2026,0;8,0;0,0;0,0;18,0;0,0;0,0
IRS;ALA D;2024,0;1,0;0,0;0,0;10,0;0,0;0,0
IRS;ALA D;2024,0;10,0;0,0;0,0;8,0;0,0;0,0
IRS;ALA D;2024,0;11,0;0,0;0,0;13,0;0,0;0,0
IRS;ALA D;2024,0;12,0;0,0;0,0;9,0;0,0;0,0
IRS;ALA D;2025,0;1,0;0,0;0,0;15,0;0,0;0,0
IRS;ALA D;2025,0;2,0;0,0;0,0;5,0;0,0;0,0
IRS;ALA D;2025,0;3,0;0,0;0,0;16,0;0,0;0,0
IRS;ALA D;2025,0;4,0;0,0;0,0;16,0;0,0;0,0
IRS;ALA D;2025,0;5,0;0,0;0,0;17,0;0,0;0,0
IRS;ALA D;2025,0;6,0;0,0;0,0;15,0;0,0;0,0
IRS;ALA D;2025,0;7,0;0,0;0,0;18,0;0,0;0,0
IRS;ALA D;2025,0;8,0;0,0;0,0;11,0;0,0;0,0
IRS;ALA D;2025,0;9,0;0,0;0,0;10,0;0,0;0,0
IRS;ALA D;2025,0;10,0;0,0;0,0;15,0;0,0;0,0
IRS;ALA D;2025,0;11,0;0,0;0,0;14,0;0,0;0,0
IRS;ALA D;2025,0;12,0;0,0;0,0;19,0;0,0;0,0
IRS;ALA D;2026,0;1,0;0,0;0,0;12,0;0,0;0,0
IRS;ALA D;2026,0;2,0;0,0;0,0;14,0;0,0;0,0
IRS;ALA D;2026,0;3,0;0,0;0,0;25,0;0,0;0,0
IRS;ALA D;2026,0;4,0;0,0;0,0;15,0;0,0;0,0
IRS;ALA D;2026,0;5,0;1,0;1,0;10,0;0,1;0,1
IRS;ALA D;2026,0;6,0;0,0;0,0;19,0;0,0;0,0
IRS;ALA D;2026,0;7,0;0,0;0,0;17,0;0,0;0,0
IRS;ALA D;2026,0;8,0;0,0;0,0;17,0;0,0;0,0
IRS;ALA E;2023,0;8,0;0,0;0,0;17,0;0,0;0,0
IRS;ALA E;2023,0;9,0;0,0;0,0;11,0;0,0;0,0
IRS;ALA E;2023,0;10,0;0,0;0,0;23,0;0,0;0,0
IRS;ALA E;2023,0;11,0;0,0;0,0;13,0;0,0;0,0
IRS;ALA E;2023,0;12,0;0,0;0,0;17,0;0,0;0,0
IRS;ALA E;2024,0;1,0;0,0;0,0;18,0;0,0;0,0
IRS;ALA E;2024,0;2,0;0,0;0,0;4,0;0,0;0,0
IRS;ALA E;2024,0;3,0;0,0;0,0;17,0;0,0;0,0
IRS;ALA E;2024,0;4,0;0,0;0,0;15,0;0,0;0,0
IRS;ALA E;2024,0;5,0;0,0;0,0;16,0;0,0;0,0
IRS;ALA E;2024,0;6,0;0,0;0,0;19,0;0,0;0,0
IRS;ALA E;2024,0;7,0;0,0;0,0;18,0;0,0;0,0
IRS;ALA E;2024,0;8,0;0,0;0,0;12,0;0,0;0,0
IRS;ALA E;2024,0;9,0;0,0;0,0;13,0;0,0;0,0
IRS;ALA E;2024,0;10,0;0,0;0,0;1,0;0,0;0,0
IRS;ALA F;2024,0;2,0;0,0;0,0;5,0;0,0;0,0
IRS;ALA F;2024,0;6,0;0,0;0,0;3,0;0,0;0,0
IRS;AMBULATORIO - PSIQUIATRIA;2019,0;2,0;0,0;0,0;1,0;0,0;0,0
IRS;AMBULATORIO - PSIQUIATRIA;2019,0;3,0;0,0;0,0;1,0;0,0;0,0
IRS;AMBULATORIO - PSIQUIATRIA;2022,0;6,0;0,0;0,0;1,0;0,0;0,0
IRS;AMBULATORIO - PSIQUIATRIA;2022,0;7,0;0,0;0,0;2,0;0,0;0,0
IRS;ELETROCONVULSOTERAPIA;2020,0;1,0;0,0;0,0;1,0;0,0;0,0
IRS;UNIDADE DE URGÊNCIA - CLINICA PSIQUIÁTRICA SALA DE OBSERVAÇAO;2019,0;1,0;0,0;0,0;10,0;0,0;0,0
IRS;UNIDADE DE URGÊNCIA - CLINICA PSIQUIÁTRICA SALA DE OBSERVAÇAO;2019,0;2,0;0,0;0,0;16,0;0,0;0,0
IRS;UNIDADE DE URGÊNCIA - CLINICA PSIQUIÁTRICA SALA DE OBSERVAÇAO;2019,0;3,0;0,0;0,0;20,0;0,0;0,0
IRS;UNIDADE DE URGÊNCIA - CLINICA PSIQUIÁTRICA SALA DE OBSERVAÇAO;2019,0;4,0;0,0;0,0;16,0;0,0;0,0
IRS;UNIDADE DE URGÊNCIA - CLINICA PSIQUIÁTRICA SALA DE OBSERVAÇAO;2019,0;5,0;0,0;0,0;17,0;0,0;0,0
IRS;UNIDADE DE URGÊNCIA - CLINICA PSIQUIÁTRICA SALA DE OBSERVAÇAO;2019,0;6,0;0,0;0,0;21,0;0,0;0,0
IRS;UNIDADE DE URGÊNCIA - CLINICA PSIQUIÁTRICA SALA DE OBSERVAÇAO;2019,0;7,0;0,0;0,0;14,0;0,0;0,0
IRS;UNIDADE DE URGÊNCIA - CLINICA PSIQUIÁTRICA SALA DE OBSERVAÇAO;2019,0;8,0;0,0;0,0;15,0;0,0;0,0
IRS;UNIDADE DE URGÊNCIA - CLINICA PSIQUIÁTRICA SALA DE OBSERVAÇAO;2019,0;9,0;0,0;0,0;15,0;0,0;0,0
IRS;UNIDADE DE URGÊNCIA - CLINICA PSIQUIÁTRICA SALA DE OBSERVAÇAO;2019,0;10,0;0,0;0,0;15,0;0,0;0,0
IRS;UNIDADE DE URGÊNCIA - CLINICA PSIQUIÁTRICA SALA DE OBSERVAÇAO;2019,0;11,0;0,0;0,0;17,0;0,0;0,0
IRS;UNIDADE DE URGÊNCIA - CLINICA PSIQUIÁTRICA SALA DE OBSERVAÇAO;2019,0;12,0;0,0;0,0;22,0;0,0;0,0
IRS;UNIDADE DE URGÊNCIA - CLINICA PSIQUIÁTRICA SALA DE OBSERVAÇAO;2020,0;1,0;0,0;0,0;20,0;0,0;0,0
IRS;UNIDADE DE URGÊNCIA - CLINICA PSIQUIÁTRICA SALA DE OBSERVAÇAO;2020,0;2,0;0,0;0,0;22,0;0,0;0,0
IRS;UNIDADE DE URGÊNCIA - CLINICA PSIQUIÁTRICA SALA DE OBSERVAÇAO;2020,0;3,0;0,0;0,0;23,0;0,0;0,0
IRS;UNIDADE DE URGÊNCIA - CLINICA PSIQUIÁTRICA SALA DE OBSERVAÇAO;2020,0;4,0;0,0;0,0;19,0;0,0;0,0
IRS;UNIDADE DE URGÊNCIA - CLINICA PSIQUIÁTRICA SALA DE OBSERVAÇAO;2020,0;5,0;0,0;0,0;10,0;0,0;0,0
IRS;UNIDADE DE URGÊNCIA - CLINICA PSIQUIÁTRICA SALA DE OBSERVAÇAO;2020,0;6,0;0,0;0,0;15,0;0,0;0,0
IRS;UNIDADE DE URGÊNCIA - CLINICA PSIQUIÁTRICA SALA DE OBSERVAÇAO;2020,0;7,0;0,0;0,0;15,0;0,0;0,0
IRS;UNIDADE DE URGÊNCIA - CLINICA PSIQUIÁTRICA SALA DE OBSERVAÇAO;2020,0;8,0;0,0;0,0;17,0;0,0;0,0
IRS;UNIDADE DE URGÊNCIA - CLINICA PSIQUIÁTRICA SALA DE OBSERVAÇAO;2020,0;9,0;0,0;0,0;15,0;0,0;0,0
IRS;UNIDADE DE URGÊNCIA - CLINICA PSIQUIÁTRICA SALA DE OBSERVAÇAO;2020,0;10,0;0,0;0,0;15,0;0,0;0,0
IRS;UNIDADE DE URGÊNCIA - CLINICA PSIQUIÁTRICA SALA DE OBSERVAÇAO;2020,0;11,0;0,0;0,0;18,0;0,0;0,0
IRS;UNIDADE DE URGÊNCIA - CLINICA PSIQUIÁTRICA SALA DE OBSERVAÇAO;2020,0;12,0;0,0;0,0;11,0;0,0;0,0
IRS;UNIDADE DE URGÊNCIA - CLINICA PSIQUIÁTRICA SALA DE OBSERVAÇAO;2021,0;1,0;0,0;0,0;14,0;0,0;0,0
IRS;UNIDADE DE URGÊNCIA - CLINICA PSIQUIÁTRICA SALA DE OBSERVAÇAO;2021,0;2,0;0,0;0,0;10,0;0,0;0,0
IRS;UNIDADE DE URGÊNCIA - CLINICA PSIQUIÁTRICA SALA DE OBSERVAÇAO;2021,0;3,0;0,0;0,0;10,0;0,0;0,0
IRS;UNIDADE DE URGÊNCIA - CLINICA PSIQUIÁTRICA SALA DE OBSERVAÇAO;2021,0;4,0;0,0;0,0;15,0;0,0;0,0
IRS;UNIDADE DE URGÊNCIA - CLINICA PSIQUIÁTRICA SALA DE OBSERVAÇAO;2021,0;5,0;0,0;0,0;12,0;0,0;0,0
IRS;UNIDADE DE URGÊNCIA - CLINICA PSIQUIÁTRICA SALA DE OBSERVAÇAO;2021,0;6,0;0,0;0,0;10,0;0,0;0,0
IRS;UNIDADE DE URGÊNCIA - CLINICA PSIQUIÁTRICA SALA DE OBSERVAÇAO;2021,0;7,0;0,0;0,0;13,0;0,0;0,0
IRS;UNIDADE DE URGÊNCIA - CLINICA PSIQUIÁTRICA SALA DE OBSERVAÇAO;2021,0;8,0;0,0;0,0;21,0;0,0;0,0
IRS;UNIDADE DE URGÊNCIA - CLINICA PSIQUIÁTRICA SALA DE OBSERVAÇAO;2021,0;9,0;0,0;0,0;14,0;0,0;0,0
IRS;UNIDADE DE URGÊNCIA - CLINICA PSIQUIÁTRICA SALA DE OBSERVAÇAO;2021,0;10,0;0,0;0,0;16,0;0,0;0,0
IRS;UNIDADE DE URGÊNCIA - CLINICA PSIQUIÁTRICA SALA DE OBSERVAÇAO;2021,0;11,0;0,0;0,0;11,0;0,0;0,0
IRS;UNIDADE DE URGÊNCIA - CLINICA PSIQUIÁTRICA SALA DE OBSERVAÇAO;2021,0;12,0;0,0;0,0;15,0;0,0;0,0
IRS;UNIDADE DE URGÊNCIA - CLINICA PSIQUIÁTRICA SALA DE OBSERVAÇAO;2022,0;1,0;0,0;0,0;14,0;0,0;0,0
IRS;UNIDADE DE URGÊNCIA - CLINICA PSIQUIÁTRICA SALA DE OBSERVAÇAO;2022,0;2,0;0,0;0,0;13,0;0,0;0,0
IRS;UNIDADE DE URGÊNCIA - CLINICA PSIQUIÁTRICA SALA DE OBSERVAÇAO;2022,0;3,0;0,0;0,0;13,0;0,0;0,0
IRS;UNIDADE DE URGÊNCIA - CLINICA PSIQUIÁTRICA SALA DE OBSERVAÇAO;2022,0;4,0;0,0;0,0;11,0;0,0;0,0
IRS;UNIDADE DE URGÊNCIA - CLINICA PSIQUIÁTRICA SALA DE OBSERVAÇAO;2022,0;5,0;0,0;0,0;12,0;0,0;0,0
IRS;UNIDADE DE URGÊNCIA - CLINICA PSIQUIÁTRICA SALA DE OBSERVAÇAO;2022,0;6,0;0,0;0,0;13,0;0,0;0,0
IRS;UNIDADE DE URGÊNCIA - CLINICA PSIQUIÁTRICA SALA DE OBSERVAÇAO;2022,0;7,0;0,0;0,0;6,0;0,0;0,0
IRS;UNIDADE DE URGÊNCIA - CLINICA PSIQUIÁTRICA SALA DE OBSERVAÇAO;2022,0;8,0;0,0;0,0;3,0;0,0;0,0
IRS;UNIDADE DE URGÊNCIA - CLINICA PSIQUIÁTRICA SALA DE OBSERVAÇAO;2022,0;9,0;0,0;0,0;9,0;0,0;0,0
IRS;UNIDADE DE URGÊNCIA - CLINICA PSIQUIÁTRICA SALA DE OBSERVAÇAO;2022,0;10,0;0,0;0,0;7,0;0,0;0,0
IRS;UNIDADE DE URGÊNCIA - CLINICA PSIQUIÁTRICA SALA DE OBSERVAÇAO;2022,0;11,0;0,0;0,0;10,0;0,0;0,0
IRS;UNIDADE DE URGÊNCIA - CLINICA PSIQUIÁTRICA SALA DE OBSERVAÇAO;2022,0;12,0;0,0;0,0;3,0;0,0;0,0
IRS;UNIDADE DE URGÊNCIA - CLINICA PSIQUIÁTRICA SALA DE OBSERVAÇAO;2023,0;1,0;0,0;0,0;13,0;0,0;0,0
IRS;UNIDADE DE URGÊNCIA - CLINICA PSIQUIÁTRICA SALA DE OBSERVAÇAO;2023,0;2,0;0,0;0,0;13,0;0,0;0,0
IRS;UNIDADE DE URGÊNCIA - CLINICA PSIQUIÁTRICA SALA DE OBSERVAÇAO;2023,0;3,0;0,0;0,0;10,0;0,0;0,0
IRS;UNIDADE DE URGÊNCIA - CLINICA PSIQUIÁTRICA SALA DE OBSERVAÇAO;2023,0;4,0;0,0;0,0;7,0;0,0;0,0
IRS;UNIDADE DE URGÊNCIA - CLINICA PSIQUIÁTRICA SALA DE OBSERVAÇAO;2023,0;5,0;0,0;0,0;10,0;0,0;0,0
IRS;UNIDADE DE URGÊNCIA - CLINICA PSIQUIÁTRICA SALA DE OBSERVAÇAO;2023,0;6,0;0,0;0,0;11,0;0,0;0,0
IRS;UNIDADE DE URGÊNCIA - CLINICA PSIQUIÁTRICA SALA DE OBSERVAÇAO;2023,0;7,0;0,0;0,0;10,0;0,0;0,0
IRS;UNIDADE DE URGÊNCIA - CLINICA PSIQUIÁTRICA SALA DE OBSERVAÇAO;2023,0;8,0;0,0;0,0;1,0;0,0;0,0
IRS;UNIDADE INTERNAÇÃO - PSIQUIATRIA ALA A;2019,0;3,0;0,0;0,0;2,0;0,0;0,0
IRS;UNIDADE INTERNAÇÃO - PSIQUIATRIA ALA A;2019,0;4,0;0,0;0,0;21,0;0,0;0,0
IRS;UNIDADE INTERNAÇÃO - PSIQUIATRIA ALA A;2019,0;5,0;0,0;0,0;14,0;0,0;0,0
IRS;UNIDADE INTERNAÇÃO - PSIQUIATRIA ALA A;2019,0;6,0;0,0;0,0;13,0;0,0;0,0
IRS;UNIDADE INTERNAÇÃO - PSIQUIATRIA ALA A;2019,0;7,0;0,0;0,0;18,0;0,0;0,0
IRS;UNIDADE INTERNAÇÃO - PSIQUIATRIA ALA A;2019,0;8,0;0,0;0,0;21,0;0,0;0,0
IRS;UNIDADE INTERNAÇÃO - PSIQUIATRIA ALA A;2019,0;9,0;0,0;0,0;15,0;0,0;0,0
IRS;UNIDADE INTERNAÇÃO - PSIQUIATRIA ALA A;2019,0;10,0;0,0;0,0;20,0;0,0;0,0
IRS;UNIDADE INTERNAÇÃO - PSIQUIATRIA ALA A;2019,0;11,0;0,0;0,0;22,0;0,0;0,0
IRS;UNIDADE INTERNAÇÃO - PSIQUIATRIA ALA A;2019,0;12,0;0,0;0,0;15,0;0,0;0,0
IRS;UNIDADE INTERNAÇÃO - PSIQUIATRIA ALA A;2020,0;1,0;0,0;0,0;13,0;0,0;0,0
IRS;UNIDADE INTERNAÇÃO - PSIQUIATRIA ALA A;2020,0;2,0;0,0;0,0;12,0;0,0;0,0
IRS;UNIDADE INTERNAÇÃO - PSIQUIATRIA ALA A;2020,0;3,0;0,0;0,0;19,0;0,0;0,0
IRS;UNIDADE INTERNAÇÃO - PSIQUIATRIA ALA A;2020,0;4,0;0,0;0,0;13,0;0,0;0,0
IRS;UNIDADE INTERNAÇÃO - PSIQUIATRIA ALA A;2020,0;5,0;0,0;0,0;19,0;0,0;0,0
IRS;UNIDADE INTERNAÇÃO - PSIQUIATRIA ALA A;2020,0;6,0;0,0;0,0;22,0;0,0;0,0
IRS;UNIDADE INTERNAÇÃO - PSIQUIATRIA ALA A;2020,0;7,0;0,0;0,0;14,0;0,0;0,0
IRS;UNIDADE INTERNAÇÃO - PSIQUIATRIA ALA A;2020,0;8,0;1,0;1,0;17,0;0,058823529411764705;0,058823529411764705
IRS;UNIDADE INTERNAÇÃO - PSIQUIATRIA ALA A;2020,0;9,0;0,0;0,0;22,0;0,0;0,0
IRS;UNIDADE INTERNAÇÃO - PSIQUIATRIA ALA A;2020,0;10,0;0,0;0,0;25,0;0,0;0,0
IRS;UNIDADE INTERNAÇÃO - PSIQUIATRIA ALA A;2020,0;11,0;0,0;0,0;19,0;0,0;0,0
IRS;UNIDADE INTERNAÇÃO - PSIQUIATRIA ALA A;2020,0;12,0;0,0;0,0;25,0;0,0;0,0
IRS;UNIDADE INTERNAÇÃO - PSIQUIATRIA ALA A;2021,0;1,0;0,0;0,0;15,0;0,0;0,0
IRS;UNIDADE INTERNAÇÃO - PSIQUIATRIA ALA A;2021,0;2,0;0,0;0,0;17,0;0,0;0,0
IRS;UNIDADE INTERNAÇÃO - PSIQUIATRIA ALA A;2021,0;3,0;0,0;0,0;20,0;0,0;0,0
IRS;UNIDADE INTERNAÇÃO - PSIQUIATRIA ALA A;2021,0;4,0;0,0;0,0;21,0;0,0;0,0
IRS;UNIDADE INTERNAÇÃO - PSIQUIATRIA ALA A;2021,0;5,0;0,0;0,0;20,0;0,0;0,0
IRS;UNIDADE INTERNAÇÃO - PSIQUIATRIA ALA A;2021,0;6,0;0,0;0,0;15,0;0,0;0,0
IRS;UNIDADE INTERNAÇÃO - PSIQUIATRIA ALA A;2021,0;7,0;0,0;0,0;23,0;0,0;0,0
IRS;UNIDADE INTERNAÇÃO - PSIQUIATRIA ALA A;2021,0;8,0;0,0;0,0;21,0;0,0;0,0
IRS;UNIDADE INTERNAÇÃO - PSIQUIATRIA ALA A;2021,0;9,0;0,0;0,0;22,0;0,0;0,0
IRS;UNIDADE INTERNAÇÃO - PSIQUIATRIA ALA A;2021,0;10,0;0,0;0,0;18,0;0,0;0,0
IRS;UNIDADE INTERNAÇÃO - PSIQUIATRIA ALA A;2021,0;11,0;0,0;0,0;28,0;0,0;0,0
IRS;UNIDADE INTERNAÇÃO - PSIQUIATRIA ALA A;2021,0;12,0;0,0;0,0;15,0;0,0;0,0
IRS;UNIDADE INTERNAÇÃO - PSIQUIATRIA ALA A;2022,0;1,0;0,0;0,0;12,0;0,0;0,0
IRS;UNIDADE INTERNAÇÃO - PSIQUIATRIA ALA A;2022,0;2,0;0,0;0,0;19,0;0,0;0,0
IRS;UNIDADE INTERNAÇÃO - PSIQUIATRIA ALA A;2022,0;3,0;0,0;0,0;19,0;0,0;0,0
IRS;UNIDADE INTERNAÇÃO - PSIQUIATRIA ALA A;2022,0;4,0;0,0;0,0;18,0;0,0;0,0
IRS;UNIDADE INTERNAÇÃO - PSIQUIATRIA ALA A;2022,0;5,0;0,0;0,0;27,0;0,0;0,0
IRS;UNIDADE INTERNAÇÃO - PSIQUIATRIA ALA A;2022,0;6,0;0,0;0,0;19,0;0,0;0,0
IRS;UNIDADE INTERNAÇÃO - PSIQUIATRIA ALA A;2022,0;7,0;0,0;0,0;14,0;0,0;0,0
IRS;UNIDADE INTERNAÇÃO - PSIQUIATRIA ALA A;2022,0;8,0;0,0;0,0;17,0;0,0;0,0
IRS;UNIDADE INTERNAÇÃO - PSIQUIATRIA ALA A;2022,0;9,0;0,0;0,0;18,0;0,0;0,0
IRS;UNIDADE INTERNAÇÃO - PSIQUIATRIA ALA A;2022,0;10,0;0,0;0,0;25,0;0,0;0,0
IRS;UNIDADE INTERNAÇÃO - PSIQUIATRIA ALA A;2022,0;11,0;0,0;0,0;21,0;0,0;0,0
IRS;UNIDADE INTERNAÇÃO - PSIQUIATRIA ALA A;2022,0;12,0;0,0;0,0;19,0;0,0;0,0
IRS;UNIDADE INTERNAÇÃO - PSIQUIATRIA ALA A;2023,0;1,0;0,0;0,0;21,0;0,0;0,0
IRS;UNIDADE INTERNAÇÃO - PSIQUIATRIA ALA A;2023,0;2,0;0,0;0,0;13,0;0,0;0,0
IRS;UNIDADE INTERNAÇÃO - PSIQUIATRIA ALA A;2023,0;3,0;0,0;0,0;20,0;0,0;0,0
IRS;UNIDADE INTERNAÇÃO - PSIQUIATRIA ALA A;2023,0;4,0;0,0;0,0;12,0;0,0;0,0
IRS;UNIDADE INTERNAÇÃO - PSIQUIATRIA ALA A;2023,0;5,0;0,0;0,0;18,0;0,0;0,0
IRS;UNIDADE INTERNAÇÃO - PSIQUIATRIA ALA A;2023,0;6,0;0,0;0,0;11,0;0,0;0,0
IRS;UNIDADE INTERNAÇÃO - PSIQUIATRIA ALA A;2023,0;7,0;0,0;0,0;17,0;0,0;0,0
IRS;UNIDADE INTERNAÇÃO - PSIQUIATRIA ALA B;2019,0;3,0;0,0;0,0;2,0;0,0;0,0
IRS;UNIDADE INTERNAÇÃO - PSIQUIATRIA ALA B;2019,0;4,0;0,0;0,0;18,0;0,0;0,0
IRS;UNIDADE INTERNAÇÃO - PSIQUIATRIA ALA B;2019,0;5,0;0,0;0,0;9,0;0,0;0,0
IRS;UNIDADE INTERNAÇÃO - PSIQUIATRIA ALA B;2019,0;6,0;0,0;0,0;18,0;0,0;0,0
IRS;UNIDADE INTERNAÇÃO - PSIQUIATRIA ALA B;2019,0;7,0;0,0;0,0;14,0;0,0;0,0
IRS;UNIDADE INTERNAÇÃO - PSIQUIATRIA ALA B;2019,0;8,0;0,0;0,0;14,0;0,0;0,0
IRS;UNIDADE INTERNAÇÃO - PSIQUIATRIA ALA B;2019,0;9,0;0,0;0,0;15,0;0,0;0,0
IRS;UNIDADE INTERNAÇÃO - PSIQUIATRIA ALA B;2019,0;10,0;0,0;0,0;14,0;0,0;0,0
IRS;UNIDADE INTERNAÇÃO - PSIQUIATRIA ALA B;2019,0;11,0;1,0;1,0;13,0;0,07692307692307693;0,07692307692307693
IRS;UNIDADE INTERNAÇÃO - PSIQUIATRIA ALA B;2019,0;12,0;0,0;0,0;7,0;0,0;0,0
IRS;UNIDADE INTERNAÇÃO - PSIQUIATRIA ALA B;2020,0;1,0;0,0;0,0;19,0;0,0;0,0
IRS;UNIDADE INTERNAÇÃO - PSIQUIATRIA ALA B;2020,0;2,0;0,0;0,0;9,0;0,0;0,0
IRS;UNIDADE INTERNAÇÃO - PSIQUIATRIA ALA B;2020,0;3,0;0,0;0,0;15,0;0,0;0,0
IRS;UNIDADE INTERNAÇÃO - PSIQUIATRIA ALA B;2020,0;4,0;0,0;0,0;11,0;0,0;0,0
IRS;UNIDADE INTERNAÇÃO - PSIQUIATRIA ALA B;2020,0;5,0;0,0;0,0;10,0;0,0;0,0
IRS;UNIDADE INTERNAÇÃO - PSIQUIATRIA ALA B;2020,0;6,0;0,0;0,0;16,0;0,0;0,0
IRS;UNIDADE INTERNAÇÃO - PSIQUIATRIA ALA B;2020,0;7,0;0,0;0,0;18,0;0,0;0,0
IRS;UNIDADE INTERNAÇÃO - PSIQUIATRIA ALA B;2020,0;8,0;0,0;0,0;10,0;0,0;0,0
IRS;UNIDADE INTERNAÇÃO - PSIQUIATRIA ALA B;2020,0;9,0;0,0;0,0;21,0;0,0;0,0
IRS;UNIDADE INTERNAÇÃO - PSIQUIATRIA ALA B;2020,0;10,0;1,0;1,0;15,0;0,06666666666666667;0,06666666666666667
IRS;UNIDADE INTERNAÇÃO - PSIQUIATRIA ALA B;2020,0;11,0;0,0;0,0;19,0;0,0;0,0
IRS;UNIDADE INTERNAÇÃO - PSIQUIATRIA ALA B;2020,0;12,0;0,0;0,0;12,0;0,0;0,0
IRS;UNIDADE INTERNAÇÃO - PSIQUIATRIA ALA B;2021,0;1,0;0,0;0,0;17,0;0,0;0,0
IRS;UNIDADE INTERNAÇÃO - PSIQUIATRIA ALA B;2021,0;2,0;0,0;0,0;10,0;0,0;0,0
IRS;UNIDADE INTERNAÇÃO - PSIQUIATRIA ALA B;2021,0;3,0;0,0;0,0;16,0;0,0;0,0
IRS;UNIDADE INTERNAÇÃO - PSIQUIATRIA ALA B;2021,0;4,0;0,0;0,0;17,0;0,0;0,0
IRS;UNIDADE INTERNAÇÃO - PSIQUIATRIA ALA B;2021,0;5,0;0,0;0,0;24,0;0,0;0,0
IRS;UNIDADE INTERNAÇÃO - PSIQUIATRIA ALA B;2021,0;6,0;0,0;0,0;23,0;0,0;0,0
IRS;UNIDADE INTERNAÇÃO - PSIQUIATRIA ALA B;2021,0;7,0;0,0;0,0;20,0;0,0;0,0
IRS;UNIDADE INTERNAÇÃO - PSIQUIATRIA ALA B;2021,0;8,0;0,0;0,0;18,0;0,0;0,0
IRS;UNIDADE INTERNAÇÃO - PSIQUIATRIA ALA B;2021,0;9,0;0,0;0,0;24,0;0,0;0,0
IRS;UNIDADE INTERNAÇÃO - PSIQUIATRIA ALA B;2021,0;10,0;0,0;0,0;19,0;0,0;0,0
IRS;UNIDADE INTERNAÇÃO - PSIQUIATRIA ALA B;2021,0;11,0;0,0;0,0;26,0;0,0;0,0
IRS;UNIDADE INTERNAÇÃO - PSIQUIATRIA ALA B;2021,0;12,0;0,0;0,0;24,0;0,0;0,0
IRS;UNIDADE INTERNAÇÃO - PSIQUIATRIA ALA B;2022,0;1,0;0,0;0,0;16,0;0,0;0,0
IRS;UNIDADE INTERNAÇÃO - PSIQUIATRIA ALA B;2022,0;2,0;0,0;0,0;7,0;0,0;0,0
IRS;UNIDADE INTERNAÇÃO - PSIQUIATRIA ALA B;2022,0;3,0;0,0;0,0;13,0;0,0;0,0
IRS;UNIDADE INTERNAÇÃO - PSIQUIATRIA ALA B;2022,0;4,0;0,0;0,0;19,0;0,0;0,0
IRS;UNIDADE INTERNAÇÃO - PSIQUIATRIA ALA B;2022,0;5,0;0,0;0,0;17,0;0,0;0,0
IRS;UNIDADE INTERNAÇÃO - PSIQUIATRIA ALA B;2022,0;6,0;0,0;0,0;15,0;0,0;0,0
IRS;UNIDADE INTERNAÇÃO - PSIQUIATRIA ALA B;2022,0;7,0;0,0;0,0;19,0;0,0;0,0
IRS;UNIDADE INTERNAÇÃO - PSIQUIATRIA ALA B;2022,0;8,0;0,0;0,0;18,0;0,0;0,0
IRS;UNIDADE INTERNAÇÃO - PSIQUIATRIA ALA B;2022,0;9,0;0,0;0,0;27,0;0,0;0,0
IRS;UNIDADE INTERNAÇÃO - PSIQUIATRIA ALA B;2022,0;10,0;0,0;0,0;18,0;0,0;0,0
IRS;UNIDADE INTERNAÇÃO - PSIQUIATRIA ALA B;2022,0;11,0;0,0;0,0;25,0;0,0;0,0
IRS;UNIDADE INTERNAÇÃO - PSIQUIATRIA ALA B;2022,0;12,0;0,0;0,0;10,0;0,0;0,0
IRS;UNIDADE INTERNAÇÃO - PSIQUIATRIA ALA B;2023,0;1,0;0,0;0,0;18,0;0,0;0,0
IRS;UNIDADE INTERNAÇÃO - PSIQUIATRIA ALA B;2023,0;2,0;0,0;0,0;8,0;0,0;0,0
IRS;UNIDADE INTERNAÇÃO - PSIQUIATRIA ALA B;2023,0;3,0;1,0;1,0;22,0;0,045454545454545456;0,045454545454545456
IRS;UNIDADE INTERNAÇÃO - PSIQUIATRIA ALA B;2023,0;4,0;0,0;0,0;12,0;0,0;0,0
IRS;UNIDADE INTERNAÇÃO - PSIQUIATRIA ALA B;2023,0;5,0;0,0;0,0;22,0;0,0;0,0
IRS;UNIDADE INTERNAÇÃO - PSIQUIATRIA ALA B;2023,0;6,0;0,0;0,0;17,0;0,0;0,0
IRS;UNIDADE INTERNAÇÃO - PSIQUIATRIA ALA B;2023,0;7,0;0,0;0,0;13,0;0,0;0,0
IRS;UNIDADE INTERNAÇÃO - PSIQUIATRIA ALA C;2019,0;3,0;0,0;0,0;6,0;0,0;0,0
IRS;UNIDADE INTERNAÇÃO - PSIQUIATRIA ALA C;2019,0;4,0;0,0;0,0;20,0;0,0;0,0
IRS;UNIDADE INTERNAÇÃO - PSIQUIATRIA ALA C;2019,0;5,0;0,0;0,0;23,0;0,0;0,0
IRS;UNIDADE INTERNAÇÃO - PSIQUIATRIA ALA C;2019,0;6,0;0,0;0,0;14,0;0,0;0,0
IRS;UNIDADE INTERNAÇÃO - PSIQUIATRIA ALA C;2019,0;7,0;0,0;0,0;26,0;0,0;0,0
IRS;UNIDADE INTERNAÇÃO - PSIQUIATRIA ALA C;2019,0;8,0;0,0;0,0;22,0;0,0;0,0
IRS;UNIDADE INTERNAÇÃO - PSIQUIATRIA ALA C;2019,0;9,0;0,0;0,0;20,0;0,0;0,0
IRS;UNIDADE INTERNAÇÃO - PSIQUIATRIA ALA C;2019,0;10,0;0,0;0,0;21,0;0,0;0,0
IRS;UNIDADE INTERNAÇÃO - PSIQUIATRIA ALA C;2019,0;11,0;0,0;0,0;16,0;0,0;0,0
IRS;UNIDADE INTERNAÇÃO - PSIQUIATRIA ALA C;2019,0;12,0;0,0;0,0;24,0;0,0;0,0
IRS;UNIDADE INTERNAÇÃO - PSIQUIATRIA ALA C;2020,0;1,0;0,0;0,0;21,0;0,0;0,0
IRS;UNIDADE INTERNAÇÃO - PSIQUIATRIA ALA C;2020,0;2,0;0,0;0,0;20,0;0,0;0,0
IRS;UNIDADE INTERNAÇÃO - PSIQUIATRIA ALA C;2020,0;3,0;0,0;0,0;13,0;0,0;0,0
IRS;UNIDADE INTERNAÇÃO - PSIQUIATRIA ALA C;2020,0;4,0;0,0;0,0;24,0;0,0;0,0
IRS;UNIDADE INTERNAÇÃO - PSIQUIATRIA ALA C;2020,0;5,0;0,0;0,0;24,0;0,0;0,0
IRS;UNIDADE INTERNAÇÃO - PSIQUIATRIA ALA C;2020,0;6,0;0,0;0,0;25,0;0,0;0,0
IRS;UNIDADE INTERNAÇÃO - PSIQUIATRIA ALA C;2020,0;7,0;0,0;0,0;23,0;0,0;0,0
IRS;UNIDADE INTERNAÇÃO - PSIQUIATRIA ALA C;2020,0;8,0;0,0;0,0;33,0;0,0;0,0
IRS;UNIDADE INTERNAÇÃO - PSIQUIATRIA ALA C;2020,0;9,0;0,0;0,0;34,0;0,0;0,0
IRS;UNIDADE INTERNAÇÃO - PSIQUIATRIA ALA C;2020,0;10,0;0,0;0,0;38,0;0,0;0,0
IRS;UNIDADE INTERNAÇÃO - PSIQUIATRIA ALA C;2020,0;11,0;0,0;0,0;35,0;0,0;0,0
IRS;UNIDADE INTERNAÇÃO - PSIQUIATRIA ALA C;2020,0;12,0;0,0;0,0;35,0;0,0;0,0
IRS;UNIDADE INTERNAÇÃO - PSIQUIATRIA ALA C;2021,0;1,0;0,0;0,0;32,0;0,0;0,0
IRS;UNIDADE INTERNAÇÃO - PSIQUIATRIA ALA C;2021,0;2,0;0,0;0,0;22,0;0,0;0,0
IRS;UNIDADE INTERNAÇÃO - PSIQUIATRIA ALA C;2021,0;3,0;0,0;0,0;41,0;0,0;0,0
IRS;UNIDADE INTERNAÇÃO - PSIQUIATRIA ALA C;2021,0;4,0;0,0;0,0;30,0;0,0;0,0
IRS;UNIDADE INTERNAÇÃO - PSIQUIATRIA ALA C;2021,0;5,0;0,0;0,0;25,0;0,0;0,0
IRS;UNIDADE INTERNAÇÃO - PSIQUIATRIA ALA C;2021,0;6,0;0,0;0,0;29,0;0,0;0,0
IRS;UNIDADE INTERNAÇÃO - PSIQUIATRIA ALA C;2021,0;7,0;0,0;0,0;40,0;0,0;0,0
IRS;UNIDADE INTERNAÇÃO - PSIQUIATRIA ALA C;2021,0;8,0;0,0;0,0;27,0;0,0;0,0
IRS;UNIDADE INTERNAÇÃO - PSIQUIATRIA ALA C;2021,0;9,0;0,0;0,0;26,0;0,0;0,0
IRS;UNIDADE INTERNAÇÃO - PSIQUIATRIA ALA C;2021,0;10,0;0,0;0,0;34,0;0,0;0,0
IRS;UNIDADE INTERNAÇÃO - PSIQUIATRIA ALA C;2021,0;11,0;0,0;0,0;26,0;0,0;0,0
IRS;UNIDADE INTERNAÇÃO - PSIQUIATRIA ALA C;2021,0;12,0;0,0;0,0;34,0;0,0;0,0
IRS;UNIDADE INTERNAÇÃO - PSIQUIATRIA ALA C;2022,0;1,0;0,0;0,0;20,0;0,0;0,0
IRS;UNIDADE INTERNAÇÃO - PSIQUIATRIA ALA C;2022,0;2,0;0,0;0,0;16,0;0,0;0,0
IRS;UNIDADE INTERNAÇÃO - PSIQUIATRIA ALA C;2022,0;3,0;0,0;0,0;37,0;0,0;0,0
IRS;UNIDADE INTERNAÇÃO - PSIQUIATRIA ALA C;2022,0;4,0;0,0;0,0;29,0;0,0;0,0
IRS;UNIDADE INTERNAÇÃO - PSIQUIATRIA ALA C;2022,0;5,0;0,0;0,0;41,0;0,0;0,0
IRS;UNIDADE INTERNAÇÃO - PSIQUIATRIA ALA C;2022,0;6,0;0,0;0,0;29,0;0,0;0,0
IRS;UNIDADE INTERNAÇÃO - PSIQUIATRIA ALA C;2022,0;7,0;0,0;0,0;26,0;0,0;0,0
IRS;UNIDADE INTERNAÇÃO - PSIQUIATRIA ALA C;2022,0;8,0;0,0;0,0;36,0;0,0;0,0
IRS;UNIDADE INTERNAÇÃO - PSIQUIATRIA ALA C;2022,0;9,0;0,0;0,0;26,0;0,0;0,0
IRS;UNIDADE INTERNAÇÃO - PSIQUIATRIA ALA C;2022,0;10,0;0,0;0,0;23,0;0,0;0,0
IRS;UNIDADE INTERNAÇÃO - PSIQUIATRIA ALA C;2022,0;11,0;0,0;0,0;32,0;0,0;0,0
IRS;UNIDADE INTERNAÇÃO - PSIQUIATRIA ALA C;2022,0;12,0;0,0;0,0;16,0;0,0;0,0
IRS;UNIDADE INTERNAÇÃO - PSIQUIATRIA ALA C;2023,0;1,0;0,0;0,0;27,0;0,0;0,0
IRS;UNIDADE INTERNAÇÃO - PSIQUIATRIA ALA C;2023,0;2,0;0,0;0,0;23,0;0,0;0,0
IRS;UNIDADE INTERNAÇÃO - PSIQUIATRIA ALA C;2023,0;3,0;0,0;0,0;27,0;0,0;0,0
IRS;UNIDADE INTERNAÇÃO - PSIQUIATRIA ALA C;2023,0;4,0;0,0;0,0;30,0;0,0;0,0
IRS;UNIDADE INTERNAÇÃO - PSIQUIATRIA ALA C;2023,0;5,0;0,0;0,0;35,0;0,0;0,0
IRS;UNIDADE INTERNAÇÃO - PSIQUIATRIA ALA C;2023,0;6,0;0,0;0,0;30,0;0,0;0,0
IRS;UNIDADE INTERNAÇÃO - PSIQUIATRIA ALA C;2023,0;7,0;1,0;1,0;32,0;0,03125;0,03125
IRS;UNIDADE INTERNAÇÃO - PSIQUIATRIA ALA C;2023,0;8,0;0,0;0,0;1,0;0,0;0,0
IRS;UNIDADE INTERNAÇÃO - PSIQUIATRIA ALA D;2019,0;3,0;0,0;0,0;2,0;0,0;0,0
IRS;UNIDADE INTERNAÇÃO - PSIQUIATRIA ALA D;2019,0;4,0;0,0;0,0;16,0;0,0;0,0
IRS;UNIDADE INTERNAÇÃO - PSIQUIATRIA ALA D;2019,0;5,0;0,0;0,0;10,0;0,0;0,0
IRS;UNIDADE INTERNAÇÃO - PSIQUIATRIA ALA D;2019,0;6,0;0,0;0,0;9,0;0,0;0,0
IRS;UNIDADE INTERNAÇÃO - PSIQUIATRIA ALA D;2019,0;7,0;0,0;0,0;15,0;0,0;0,0
IRS;UNIDADE INTERNAÇÃO - PSIQUIATRIA ALA D;2019,0;8,0;0,0;0,0;11,0;0,0;0,0
IRS;UNIDADE INTERNAÇÃO - PSIQUIATRIA ALA D;2019,0;9,0;0,0;0,0;13,0;0,0;0,0
IRS;UNIDADE INTERNAÇÃO - PSIQUIATRIA ALA D;2019,0;10,0;0,0;0,0;12,0;0,0;0,0
IRS;UNIDADE INTERNAÇÃO - PSIQUIATRIA ALA D;2019,0;11,0;0,0;0,0;11,0;0,0;0,0
IRS;UNIDADE INTERNAÇÃO - PSIQUIATRIA ALA D;2019,0;12,0;0,0;0,0;11,0;0,0;0,0
IRS;UNIDADE INTERNAÇÃO - PSIQUIATRIA ALA D;2020,0;1,0;0,0;0,0;10,0;0,0;0,0
IRS;UNIDADE INTERNAÇÃO - PSIQUIATRIA ALA D;2020,0;2,0;0,0;0,0;16,0;0,0;0,0
IRS;UNIDADE INTERNAÇÃO - PSIQUIATRIA ALA D;2020,0;3,0;0,0;0,0;11,0;0,0;0,0
IRS;UNIDADE INTERNAÇÃO - PSIQUIATRIA ALA D;2020,0;4,0;0,0;0,0;8,0;0,0;0,0
IRS;UNIDADE INTERNAÇÃO - PSIQUIATRIA ALA D;2020,0;5,0;0,0;0,0;10,0;0,0;0,0
IRS;UNIDADE INTERNAÇÃO - PSIQUIATRIA ALA D;2020,0;6,0;0,0;0,0;7,0;0,0;0,0
IRS;UNIDADE INTERNAÇÃO - PSIQUIATRIA ALA D;2020,0;7,0;0,0;0,0;1,0;0,0;0,0
IRS;UNIDADE INTERNAÇÃO - PSIQUIATRIA ALA D;2020,0;8,0;0,0;0,0;1,0;0,0;0,0
IRS;UNIDADE INTERNAÇÃO - PSIQUIATRIA ALA D;2020,0;9,0;0,0;0,0;1,0;0,0;0,0
IRS;UNIDADE INTERNAÇÃO - PSIQUIATRIA ALA D;2020,0;10,0;0,0;0,0;2,0;0,0;0,0
IRS;UNIDADE INTERNAÇÃO - PSIQUIATRIA ALA D;2020,0;12,0;0,0;0,0;3,0;0,0;0,0
IRS;UNIDADE INTERNAÇÃO - PSIQUIATRIA ALA D;2021,0;1,0;0,0;0,0;2,0;0,0;0,0
IRS;UNIDADE INTERNAÇÃO - PSIQUIATRIA ALA D;2021,0;2,0;0,0;0,0;9,0;0,0;0,0
IRS;UNIDADE INTERNAÇÃO - PSIQUIATRIA ALA D;2021,0;3,0;0,0;0,0;4,0;0,0;0,0
IRS;UNIDADE INTERNAÇÃO - PSIQUIATRIA ALA D;2021,0;4,0;0,0;0,0;4,0;0,0;0,0
IRS;UNIDADE INTERNAÇÃO - PSIQUIATRIA ALA D;2021,0;5,0;0,0;0,0;5,0;0,0;0,0
IRS;UNIDADE INTERNAÇÃO - PSIQUIATRIA ALA D;2021,0;6,0;0,0;0,0;2,0;0,0;0,0
IRS;UNIDADE INTERNAÇÃO - PSIQUIATRIA ALA D;2021,0;8,0;0,0;0,0;1,0;0,0;0,0
IRS;UNIDADE INTERNAÇÃO - PSIQUIATRIA ALA D;2021,0;10,0;0,0;0,0;3,0;0,0;0,0
IRS;UNIDADE INTERNAÇÃO - PSIQUIATRIA ALA D;2022,0;1,0;0,0;0,0;3,0;0,0;0,0
IRS;UNIDADE INTERNAÇÃO - PSIQUIATRIA ALA D;2022,0;2,0;0,0;0,0;2,0;0,0;0,0
IRS;UNIDADE INTERNAÇÃO - PSIQUIATRIA ALA D;2022,0;6,0;0,0;0,0;2,0;0,0;0,0
IRS;UNIDADE INTERNAÇÃO - PSIQUIATRIA ALA D;2022,0;7,0;0,0;0,0;1,0;0,0;0,0
IRS;UNIDADE INTERNAÇÃO - PSIQUIATRIA ALA D;2022,0;11,0;0,0;0,0;1,0;0,0;0,0
IRS;UNIDADE INTERNAÇÃO - PSIQUIATRIA ALA D;2023,0;2,0;0,0;0,0;1,0;0,0;0,0
IRS;UNIDADE INTERNAÇÃO - PSIQUIATRIA ALA E;2019,0;3,0;0,0;0,0;2,0;0,0;0,0
IRS;UNIDADE INTERNAÇÃO - PSIQUIATRIA ALA E;2019,0;4,0;0,0;0,0;22,0;0,0;0,0
IRS;UNIDADE INTERNAÇÃO - PSIQUIATRIA ALA E;2019,0;5,0;0,0;0,0;11,0;0,0;0,0
IRS;UNIDADE INTERNAÇÃO - PSIQUIATRIA ALA E;2019,0;6,0;0,0;0,0;22,0;0,0;0,0
IRS;UNIDADE INTERNAÇÃO - PSIQUIATRIA ALA E;2019,0;7,0;0,0;0,0;17,0;0,0;0,0
IRS;UNIDADE INTERNAÇÃO - PSIQUIATRIA ALA E;2019,0;8,0;0,0;0,0;16,0;0,0;0,0
IRS;UNIDADE INTERNAÇÃO - PSIQUIATRIA ALA E;2019,0;9,0;0,0;0,0;8,0;0,0;0,0
IRS;UNIDADE INTERNAÇÃO - PSIQUIATRIA ALA E;2019,0;10,0;0,0;0,0;5,0;0,0;0,0
IRS;UNIDADE INTERNAÇÃO - PSIQUIATRIA ALA E;2019,0;11,0;0,0;0,0;2,0;0,0;0,0
IRS;UNIDADE INTERNAÇÃO - PSIQUIATRIA ALA E;2019,0;12,0;0,0;0,0;6,0;0,0;0,0
IRS;UNIDADE INTERNAÇÃO - PSIQUIATRIA ALA E;2020,0;1,0;0,0;0,0;6,0;0,0;0,0
IRS;UNIDADE INTERNAÇÃO - PSIQUIATRIA ALA E;2020,0;2,0;0,0;0,0;8,0;0,0;0,0
IRS;UNIDADE INTERNAÇÃO - PSIQUIATRIA ALA E;2020,0;3,0;0,0;0,0;17,0;0,0;0,0
IRS;UNIDADE INTERNAÇÃO - PSIQUIATRIA ALA E;2020,0;4,0;0,0;0,0;7,0;0,0;0,0
IRS;UNIDADE INTERNAÇÃO - PSIQUIATRIA ALA E;2020,0;5,0;0,0;0,0;4,0;0,0;0,0
IRS;UNIDADE INTERNAÇÃO - PSIQUIATRIA ALA E;2020,0;6,0;0,0;0,0;5,0;0,0;0,0
IRS;UNIDADE INTERNAÇÃO - PSIQUIATRIA ALA E;2020,0;7,0;0,0;0,0;26,0;0,0;0,0
IRS;UNIDADE INTERNAÇÃO - PSIQUIATRIA ALA E;2020,0;8,0;0,0;0,0;23,0;0,0;0,0
IRS;UNIDADE INTERNAÇÃO - PSIQUIATRIA ALA E;2020,0;9,0;0,0;0,0;17,0;0,0;0,0
IRS;UNIDADE INTERNAÇÃO - PSIQUIATRIA ALA E;2020,0;10,0;0,0;0,0;21,0;0,0;0,0
IRS;UNIDADE INTERNAÇÃO - PSIQUIATRIA ALA E;2020,0;11,0;0,0;0,0;29,0;0,0;0,0
IRS;UNIDADE INTERNAÇÃO - PSIQUIATRIA ALA E;2020,0;12,0;0,0;0,0;28,0;0,0;0,0
IRS;UNIDADE INTERNAÇÃO - PSIQUIATRIA ALA E;2021,0;1,0;0,0;0,0;20,0;0,0;0,0
IRS;UNIDADE INTERNAÇÃO - PSIQUIATRIA ALA E;2021,0;2,0;0,0;0,0;21,0;0,0;0,0
IRS;UNIDADE INTERNAÇÃO - PSIQUIATRIA ALA E;2021,0;3,0;0,0;0,0;32,0;0,0;0,0
IRS;UNIDADE INTERNAÇÃO - PSIQUIATRIA ALA E;2021,0;4,0;0,0;0,0;20,0;0,0;0,0
IRS;UNIDADE INTERNAÇÃO - PSIQUIATRIA ALA E;2021,0;5,0;0,0;0,0;13,0;0,0;0,0
IRS;UNIDADE INTERNAÇÃO - PSIQUIATRIA ALA E;2021,0;6,0;0,0;0,0;20,0;0,0;0,0
IRS;UNIDADE INTERNAÇÃO - PSIQUIATRIA ALA E;2021,0;7,0;0,0;0,0;26,0;0,0;0,0
IRS;UNIDADE INTERNAÇÃO - PSIQUIATRIA ALA E;2021,0;8,0;0,0;0,0;22,0;0,0;0,0
IRS;UNIDADE INTERNAÇÃO - PSIQUIATRIA ALA E;2021,0;9,0;0,0;0,0;17,0;0,0;0,0
IRS;UNIDADE INTERNAÇÃO - PSIQUIATRIA ALA E;2021,0;10,0;0,0;0,0;18,0;0,0;0,0
IRS;UNIDADE INTERNAÇÃO - PSIQUIATRIA ALA E;2021,0;11,0;0,0;0,0;23,0;0,0;0,0
IRS;UNIDADE INTERNAÇÃO - PSIQUIATRIA ALA E;2021,0;12,0;0,0;0,0;20,0;0,0;0,0
IRS;UNIDADE INTERNAÇÃO - PSIQUIATRIA ALA E;2022,0;1,0;0,0;0,0;15,0;0,0;0,0
IRS;UNIDADE INTERNAÇÃO - PSIQUIATRIA ALA E;2022,0;2,0;0,0;0,0;3,0;0,0;0,0
IRS;UNIDADE INTERNAÇÃO - PSIQUIATRIA ALA E;2022,0;3,0;0,0;0,0;19,0;0,0;0,0
IRS;UNIDADE INTERNAÇÃO - PSIQUIATRIA ALA E;2022,0;4,0;0,0;0,0;11,0;0,0;0,0
IRS;UNIDADE INTERNAÇÃO - PSIQUIATRIA ALA E;2022,0;5,0;0,0;0,0;23,0;0,0;0,0
IRS;UNIDADE INTERNAÇÃO - PSIQUIATRIA ALA E;2022,0;6,0;0,0;0,0;12,0;0,0;0,0
IRS;UNIDADE INTERNAÇÃO - PSIQUIATRIA ALA E;2022,0;7,0;0,0;0,0;17,0;0,0;0,0
IRS;UNIDADE INTERNAÇÃO - PSIQUIATRIA ALA E;2022,0;8,0;0,0;0,0;17,0;0,0;0,0
IRS;UNIDADE INTERNAÇÃO - PSIQUIATRIA ALA E;2022,0;9,0;0,0;0,0;14,0;0,0;0,0
IRS;UNIDADE INTERNAÇÃO - PSIQUIATRIA ALA E;2022,0;10,0;0,0;0,0;12,0;0,0;0,0
IRS;UNIDADE INTERNAÇÃO - PSIQUIATRIA ALA E;2022,0;11,0;0,0;0,0;23,0;0,0;0,0
IRS;UNIDADE INTERNAÇÃO - PSIQUIATRIA ALA E;2022,0;12,0;0,0;0,0;15,0;0,0;0,0
IRS;UNIDADE INTERNAÇÃO - PSIQUIATRIA ALA E;2023,0;1,0;0,0;0,0;13,0;0,0;0,0
IRS;UNIDADE INTERNAÇÃO - PSIQUIATRIA ALA E;2023,0;2,0;0,0;0,0;16,0;0,0;0,0
IRS;UNIDADE INTERNAÇÃO - PSIQUIATRIA ALA E;2023,0;3,0;0,0;0,0;14,0;0,0;0,0
IRS;UNIDADE INTERNAÇÃO - PSIQUIATRIA ALA E;2023,0;4,0;0,0;0,0;16,0;0,0;0,0
IRS;UNIDADE INTERNAÇÃO - PSIQUIATRIA ALA E;2023,0;5,0;0,0;0,0;16,0;0,0;0,0
IRS;UNIDADE INTERNAÇÃO - PSIQUIATRIA ALA E;2023,0;6,0;0,0;0,0;19,0;0,0;0,0
IRS;UNIDADE INTERNAÇÃO - PSIQUIATRIA ALA E;2023,0;7,0;0,0;0,0;17,0;0,0;0,0
IRS;UNIDADE INTERNAÇÃO - PSIQUIATRIA ALA F;2020,0;6,0;0,0;0,0;2,0;0,0;0,0
IRS;UNIDADE INTERNAÇÃO - PSIQUIATRIA ALA F;2020,0;7,0;0,0;0,0;9,0;0,0;0,0
IRS;UNIDADE INTERNAÇÃO - PSIQUIATRIA ALA F;2021,0;6,0;0,0;0,0;1,0;0,0;0,0
IRS;UNIDADE INTERNAÇÃO - PSIQUIATRIA ALA F;2021,0;7,0;0,0;0,0;2,0;0,0;0,0
IRS;UNIDADE INTERNAÇÃO - PSIQUIATRIA ALA F;2021,0;8,0;0,0;0,0;2,0;0,0;0,0
IRS;UNIDADE INTERNAÇÃO - PSIQUIATRIA ALA F;2021,0;9,0;0,0;0,0;2,0;0,0;0,0
IRS;UNIDADE INTERNAÇÃO - PSIQUIATRIA ALA F;2021,0;10,0;0,0;0,0;2,0;0,0;0,0
IRS;UNIDADE INTERNAÇÃO - PSIQUIATRIA ALA F;2022,0;1,0;0,0;0,0;7,0;0,0;0,0
IRS;UNIDADE INTERNAÇÃO - PSIQUIATRIA ALA F;2022,0;2,0;0,0;0,0;1,0;0,0;0,0
IRS;UNIDADE INTERNAÇÃO - PSIQUIATRIA ALA F;2022,0;4,0;0,0;0,0;1,0;0,0;0,0
IRS;UNIDADE INTERNAÇÃO - PSIQUIATRIA ALA F;2022,0;10,0;0,0;0,0;1,0;0,0;0,0
IRS;UNIDADE INTERNAÇÃO - PSIQUIATRIA ALA F;2022,0;11,0;0,0;0,0;1,0;0,0;0,0
IRS;UNIDADE INTERNAÇÃO - PSIQUIATRIA ALA F;2022,0;12,0;0,0;0,0;3,0;0,0;0,0
IRS;UNIDADE INTERNAÇÃO - PSIQUIATRIA ALA F;2023,0;2,0;0,0;0,0;2,0;0,0;0,0
IRS;UNIDADE INTERNAÇÃO - PSIQUIATRIA ALA F;2023,0;3,0;0,0;0,0;1,0;0,0;0,0
IRS;UNIDADE INTERNAÇÃO - PSIQUIATRIA UNIDADE DE TRATAMENTO CLÍNICO;2020,0;6,0;0,0;0,0;2,0;0,0;0,0
IRS;UNIDADE INTERNAÇÃO - PSIQUIATRIA UNIDADE DE TRATAMENTO CLÍNICO;2020,0;7,0;0,0;0,0;5,0;0,0;0,0
IRS;UNIDADE INTERNAÇÃO - PSIQUIATRIA UNIDADE DE TRATAMENTO CLÍNICO;2020,0;8,0;0,0;0,0;3,0;0,0;0,0
IRS;UNIDADE INTERNAÇÃO - PSIQUIATRIA UNIDADE DE TRATAMENTO CLÍNICO;2020,0;9,0;0,0;0,0;4,0;0,0;0,0
IRS;UNIDADE INTERNAÇÃO - PSIQUIATRIA UNIDADE DE TRATAMENTO CLÍNICO;2020,0;10,0;0,0;0,0;9,0;0,0;0,0
IRS;UNIDADE INTERNAÇÃO - PSIQUIATRIA UNIDADE DE TRATAMENTO CLÍNICO;2020,0;11,0;0,0;0,0;3,0;0,0;0,0
IRS;UNIDADE INTERNAÇÃO - PSIQUIATRIA UNIDADE DE TRATAMENTO CLÍNICO;2020,0;12,0;0,0;0,0;10,0;0,0;0,0
IRS;UNIDADE INTERNAÇÃO - PSIQUIATRIA UNIDADE DE TRATAMENTO CLÍNICO;2021,0;1,0;0,0;0,0;4,0;0,0;0,0
IRS;UNIDADE INTERNAÇÃO - PSIQUIATRIA UNIDADE DE TRATAMENTO CLÍNICO;2021,0;2,0;0,0;0,0;8,0;0,0;0,0
IRS;UNIDADE INTERNAÇÃO - PSIQUIATRIA UNIDADE DE TRATAMENTO CLÍNICO;2021,0;3,0;0,0;0,0;5,0;0,0;0,0
IRS;UNIDADE INTERNAÇÃO - PSIQUIATRIA UNIDADE DE TRATAMENTO CLÍNICO;2021,0;5,0;0,0;0,0;6,0;0,0;0,0
IRS;UNIDADE INTERNAÇÃO - PSIQUIATRIA UNIDADE DE TRATAMENTO CLÍNICO;2021,0;6,0;0,0;0,0;3,0;0,0;0,0
IRS;UNIDADE INTERNAÇÃO - PSIQUIATRIA UNIDADE DE TRATAMENTO CLÍNICO;2021,0;7,0;0,0;0,0;1,0;0,0;0,0
IRS;UNIDADE INTERNAÇÃO - PSIQUIATRIA UNIDADE DE TRATAMENTO CLÍNICO;2021,0;8,0;0,0;0,0;5,0;0,0;0,0
IRS;UNIDADE INTERNAÇÃO - PSIQUIATRIA UNIDADE DE TRATAMENTO CLÍNICO;2021,0;9,0;0,0;0,0;5,0;0,0;0,0
IRS;UNIDADE INTERNAÇÃO - PSIQUIATRIA UNIDADE DE TRATAMENTO CLÍNICO;2021,0;10,0;0,0;0,0;7,0;0,0;0,0
IRS;UNIDADE INTERNAÇÃO - PSIQUIATRIA UNIDADE DE TRATAMENTO CLÍNICO;2021,0;11,0;0,0;0,0;1,0;0,0;0,0
IRS;UNIDADE INTERNAÇÃO - PSIQUIATRIA UNIDADE DE TRATAMENTO CLÍNICO;2021,0;12,0;0,0;0,0;5,0;0,0;0,0
IRS;UNIDADE INTERNAÇÃO - PSIQUIATRIA UNIDADE DE TRATAMENTO CLÍNICO;2022,0;1,0;0,0;0,0;2,0;0,0;0,0
IRS;UNIDADE INTERNAÇÃO - PSIQUIATRIA UNIDADE DE TRATAMENTO CLÍNICO;2022,0;2,0;0,0;0,0;4,0;0,0;0,0
IRS;UNIDADE INTERNAÇÃO - PSIQUIATRIA UNIDADE DE TRATAMENTO CLÍNICO;2022,0;3,0;0,0;0,0;3,0;0,0;0,0
IRS;UNIDADE INTERNAÇÃO - PSIQUIATRIA UNIDADE DE TRATAMENTO CLÍNICO;2022,0;4,0;0,0;0,0;5,0;0,0;0,0
IRS;UNIDADE INTERNAÇÃO - PSIQUIATRIA UNIDADE DE TRATAMENTO CLÍNICO;2022,0;5,0;0,0;0,0;1,0;0,0;0,0
IRS;UNIDADE INTERNAÇÃO - PSIQUIATRIA UNIDADE DE TRATAMENTO CLÍNICO;2022,0;6,0;0,0;0,0;2,0;0,0;0,0
IRS;UNIDADE INTERNAÇÃO - PSIQUIATRIA UNIDADE DE TRATAMENTO CLÍNICO;2022,0;7,0;0,0;0,0;4,0;0,0;0,0
IRS;UNIDADE INTERNAÇÃO - PSIQUIATRIA UNIDADE DE TRATAMENTO CLÍNICO;2022,0;8,0;0,0;0,0;3,0;0,0;0,0
IRS;UNIDADE INTERNAÇÃO - PSIQUIATRIA UNIDADE DE TRATAMENTO CLÍNICO;2022,0;9,0;0,0;0,0;1,0;0,0;0,0
IRS;UNIDADE INTERNAÇÃO - PSIQUIATRIA UNIDADE DE TRATAMENTO CLÍNICO;2022,0;10,0;0,0;0,0;3,0;0,0;0,0
IRS;UNIDADE INTERNAÇÃO - PSIQUIATRIA UNIDADE DE TRATAMENTO CLÍNICO;2022,0;11,0;0,0;0,0;2,0;0,0;0,0
IRS;UNIDADE INTERNAÇÃO - PSIQUIATRIA UNIDADE DE TRATAMENTO CLÍNICO;2022,0;12,0;0,0;0,0;1,0;0,0;0,0
IRS;UNIDADE INTERNAÇÃO - PSIQUIATRIA UNIDADE DE TRATAMENTO CLÍNICO;2023,0;1,0;0,0;0,0;3,0;0,0;0,0
IRS;UNIDADE INTERNAÇÃO - PSIQUIATRIA UNIDADE DE TRATAMENTO CLÍNICO;2023,0;2,0;0,0;0,0;2,0;0,0;0,0
IRS;UNIDADE INTERNAÇÃO - PSIQUIATRIA UNIDADE DE TRATAMENTO CLÍNICO;2023,0;3,0;0,0;0,0;3,0;0,0;0,0
IRS;UNIDADE INTERNAÇÃO - PSIQUIATRIA UNIDADE DE TRATAMENTO CLÍNICO;2023,0;4,0;0,0;0,0;1,0;0,0;0,0
IRS;UNIDADE INTERNAÇÃO - PSIQUIATRIA UNIDADE DE TRATAMENTO CLÍNICO;2023,0;5,0;0,0;0,0;5,0;0,0;0,0
IRS;UNIDADE INTERNAÇÃO - PSIQUIATRIA UNIDADE DE TRATAMENTO CLÍNICO;2023,0;6,0;0,0;0,0;4,0;0,0;0,0
IRS;UNIDADE INTERNAÇÃO - PSIQUIATRIA UNIDADE DE TRATAMENTO CLÍNICO;2023,0;7,0;0,0;0,0;1,0;0,0;0,0
IRS;UNIDADE URGÊNCIA/EMERGÊNCIA - OBSERVAÇÃO;2023,0;8,0;0,0;0,0;8,0;0,0;0,0
IRS;UNIDADE URGÊNCIA/EMERGÊNCIA - OBSERVAÇÃO;2023,0;9,0;0,0;0,0;6,0;0,0;0,0
IRS;UNIDADE URGÊNCIA/EMERGÊNCIA - OBSERVAÇÃO;2023,0;10,0;0,0;0,0;10,0;0,0;0,0
IRS;UNIDADE URGÊNCIA/EMERGÊNCIA - OBSERVAÇÃO;2023,0;11,0;0,0;0,0;9,0;0,0;0,0
IRS;UNIDADE URGÊNCIA/EMERGÊNCIA - OBSERVAÇÃO;2023,0;12,0;0,0;0,0;6,0;0,0;0,0
IRS;UNIDADE URGÊNCIA/EMERGÊNCIA - OBSERVAÇÃO;2024,0;1,0;0,0;0,0;11,0;0,0;0,0
IRS;UNIDADE URGÊNCIA/EMERGÊNCIA - OBSERVAÇÃO;2024,0;2,0;0,0;0,0;12,0;0,0;0,0
IRS;UNIDADE URGÊNCIA/EMERGÊNCIA - OBSERVAÇÃO;2024,0;3,0;0,0;0,0;16,0;0,0;0,0
IRS;UNIDADE URGÊNCIA/EMERGÊNCIA - OBSERVAÇÃO;2024,0;4,0;0,0;0,0;13,0;0,0;0,0
IRS;UNIDADE URGÊNCIA/EMERGÊNCIA - OBSERVAÇÃO;2024,0;5,0;0,0;0,0;18,0;0,0;0,0
IRS;UNIDADE URGÊNCIA/EMERGÊNCIA - OBSERVAÇÃO;2024,0;6,0;0,0;0,0;14,0;0,0;0,0
IRS;UNIDADE URGÊNCIA/EMERGÊNCIA - OBSERVAÇÃO;2024,0;7,0;0,0;0,0;11,0;0,0;0,0
IRS;UNIDADE URGÊNCIA/EMERGÊNCIA - OBSERVAÇÃO;2024,0;8,0;0,0;0,0;8,0;0,0;0,0
IRS;UNIDADE URGÊNCIA/EMERGÊNCIA - OBSERVAÇÃO;2024,0;9,0;0,0;0,0;9,0;0,0;0,0
IRS;UNIDADE URGÊNCIA/EMERGÊNCIA - OBSERVAÇÃO;2024,0;10,0;0,0;0,0;10,0;0,0;0,0
IRS;UNIDADE URGÊNCIA/EMERGÊNCIA - OBSERVAÇÃO;2024,0;11,0;0,0;0,0;8,0;0,0;0,0
IRS;UNIDADE URGÊNCIA/EMERGÊNCIA - OBSERVAÇÃO;2024,0;12,0;0,0;0,0;7,0;0,0;0,0
IRS;UNIDADE URGÊNCIA/EMERGÊNCIA - OBSERVAÇÃO;2025,0;1,0;0,0;0,0;7,0;0,0;0,0
IRS;UNIDADE URGÊNCIA/EMERGÊNCIA - OBSERVAÇÃO;2025,0;2,0;0,0;0,0;8,0;0,0;0,0
IRS;UNIDADE URGÊNCIA/EMERGÊNCIA - OBSERVAÇÃO;2025,0;3,0;0,0;0,0;13,0;0,0;0,0
IRS;UNIDADE URGÊNCIA/EMERGÊNCIA - OBSERVAÇÃO;2025,0;4,0;0,0;0,0;5,0;0,0;0,0
IRS;UNIDADE URGÊNCIA/EMERGÊNCIA - OBSERVAÇÃO;2025,0;5,0;0,0;0,0;7,0;0,0;0,0
IRS;UNIDADE URGÊNCIA/EMERGÊNCIA - OBSERVAÇÃO;2025,0;6,0;0,0;0,0;7,0;0,0;0,0
IRS;UNIDADE URGÊNCIA/EMERGÊNCIA - OBSERVAÇÃO;2025,0;7,0;0,0;0,0;8,0;0,0;0,0
IRS;UNIDADE URGÊNCIA/EMERGÊNCIA - OBSERVAÇÃO;2025,0;8,0;0,0;0,0;8,0;0,0;0,0
IRS;UNIDADE URGÊNCIA/EMERGÊNCIA - OBSERVAÇÃO;2025,0;9,0;0,0;0,0;5,0;0,0;0,0
IRS;UNIDADE URGÊNCIA/EMERGÊNCIA - OBSERVAÇÃO;2025,0;10,0;0,0;0,0;16,0;0,0;0,0
IRS;UNIDADE URGÊNCIA/EMERGÊNCIA - OBSERVAÇÃO;2025,0;11,0;0,0;0,0;7,0;0,0;0,0
IRS;UNIDADE URGÊNCIA/EMERGÊNCIA - OBSERVAÇÃO;2025,0;12,0;0,0;0,0;9,0;0,0;0,0
IRS;UNIDADE URGÊNCIA/EMERGÊNCIA - OBSERVAÇÃO;2026,0;1,0;0,0;0,0;4,0;0,0;0,0
IRS;UNIDADE URGÊNCIA/EMERGÊNCIA - OBSERVAÇÃO;2026,0;2,0;0,0;0,0;5,0;0,0;0,0
IRS;UNIDADE URGÊNCIA/EMERGÊNCIA - OBSERVAÇÃO;2026,0;3,0;0,0;0,0;16,0;0,0;0,0
IRS;UNIDADE URGÊNCIA/EMERGÊNCIA - OBSERVAÇÃO;2026,0;4,0;0,0;0,0;14,0;0,0;0,0
IRS;UNIDADE URGÊNCIA/EMERGÊNCIA - OBSERVAÇÃO;2026,0;5,0;0,0;0,0;7,0;0,0;0,0
IRS;UNIDADE URGÊNCIA/EMERGÊNCIA - OBSERVAÇÃO;2026,0;6,0;0,0;0,0;3,0;0,0;0,0
IRS;UNIDADE URGÊNCIA/EMERGÊNCIA - OBSERVAÇÃO;2026,0;7,0;0,0;0,0;9,0;0,0;0,0
IRS;UNIDADE URGÊNCIA/EMERGÊNCIA - OBSERVAÇÃO;2026,0;8,0;0,0;0,0;7,0;0,0;0,0
IRS;UTC - UNIDADE DE TRATAMENTO CLÍNICO;2023,0;8,0;0,0;0,0;5,0;0,0;0,0
IRS;UTC - UNIDADE DE TRATAMENTO CLÍNICO;2023,0;9,0;0,0;0,0;3,0;0,0;0,0
IRS;UTC - UNIDADE DE TRATAMENTO CLÍNICO;2023,0;10,0;0,0;0,0;2,0;0,0;0,0
IRS;UTC - UNIDADE DE TRATAMENTO CLÍNICO;2023,0;11,0;0,0;0,0;3,0;0,0;0,0
IRS;UTC - UNIDADE DE TRATAMENTO CLÍNICO;2023,0;12,0;1,0;1,0;5,0;0,2;0,2
IRS;UTC - UNIDADE DE TRATAMENTO CLÍNICO;2024,0;1,0;0,0;0,0;1,0;0,0;0,0
IRS;UTC - UNIDADE DE TRATAMENTO CLÍNICO;2024,0;2,0;0,0;0,0;2,0;0,0;0,0
IRS;UTC - UNIDADE DE TRATAMENTO CLÍNICO;2024,0;3,0;0,0;0,0;6,0;0,0;0,0
IRS;UTC - UNIDADE DE TRATAMENTO CLÍNICO;2024,0;4,0;0,0;0,0;3,0;0,0;0,0
IRS;UTC - UNIDADE DE TRATAMENTO CLÍNICO;2024,0;5,0;0,0;0,0;3,0;0,0;0,0
IRS;UTC - UNIDADE DE TRATAMENTO CLÍNICO;2024,0;6,0;0,0;0,0;4,0;0,0;0,0
IRS;UTC - UNIDADE DE TRATAMENTO CLÍNICO;2024,0;7,0;0,0;0,0;7,0;0,0;0,0
IRS;UTC - UNIDADE DE TRATAMENTO CLÍNICO;2024,0;8,0;0,0;0,0;3,0;0,0;0,0
IRS;UTC - UNIDADE DE TRATAMENTO CLÍNICO;2024,0;9,0;0,0;0,0;6,0;0,0;0,0
IRS;UTC - UNIDADE DE TRATAMENTO CLÍNICO;2024,0;10,0;0,0;0,0;5,0;0,0;0,0
IRS;UTC - UNIDADE DE TRATAMENTO CLÍNICO;2024,0;11,0;0,0;0,0;6,0;0,0;0,0
IRS;UTC - UNIDADE DE TRATAMENTO CLÍNICO;2024,0;12,0;0,0;0,0;4,0;0,0;0,0
IRS;UTC - UNIDADE DE TRATAMENTO CLÍNICO;2025,0;1,0;0,0;0,0;3,0;0,0;0,0
IRS;UTC - UNIDADE DE TRATAMENTO CLÍNICO;2025,0;2,0;0,0;0,0;6,0;0,0;0,0
IRS;UTC - UNIDADE DE TRATAMENTO CLÍNICO;2025,0;3,0;0,0;0,0;2,0;0,0;0,0
IRS;UTC - UNIDADE DE TRATAMENTO CLÍNICO;2025,0;4,0;0,0;0,0;4,0;0,0;0,0
IRS;UTC - UNIDADE DE TRATAMENTO CLÍNICO;2025,0;5,0;0,0;0,0;7,0;0,0;0,0
IRS;UTC - UNIDADE DE TRATAMENTO CLÍNICO;2025,0;6,0;0,0;0,0;3,0;0,0;0,0
IRS;UTC - UNIDADE DE TRATAMENTO CLÍNICO;2025,0;7,0;0,0;0,0;4,0;0,0;0,0
IRS;UTC - UNIDADE DE TRATAMENTO CLÍNICO;2025,0;8,0;0,0;0,0;4,0;0,0;0,0
IRS;UTC - UNIDADE DE TRATAMENTO CLÍNICO;2025,0;9,0;0,0;0,0;5,0;0,0;0,0
IRS;UTC - UNIDADE DE TRATAMENTO CLÍNICO;2025,0;10,0;0,0;0,0;2,0;0,0;0,0
IRS;UTC - UNIDADE DE TRATAMENTO CLÍNICO;2025,0;11,0;0,0;0,0;5,0;0,0;0,0
IRS;UTC - UNIDADE DE TRATAMENTO CLÍNICO;2025,0;12,0;0,0;0,0;5,0;0,0;0,0
IRS;UTC - UNIDADE DE TRATAMENTO CLÍNICO;2026,0;1,0;0,0;0,0;3,0;0,0;0,0
IRS;UTC - UNIDADE DE TRATAMENTO CLÍNICO;2026,0;2,0;0,0;0,0;5,0;0,0;0,0
IRS;UTC - UNIDADE DE TRATAMENTO CLÍNICO;2026,0;3,0;0,0;0,0;3,0;0,0;0,0
IRS;UTC - UNIDADE DE TRATAMENTO CLÍNICO;2026,0;4,0;0,0;0,0;3,0;0,0;0,0
IRS;UTC - UNIDADE DE TRATAMENTO CLÍNICO;2026,0;5,0;0,0;0,0;8,0;0,0;0,0
IRS;UTC - UNIDADE DE TRATAMENTO CLÍNICO;2026,0;6,0;0,0;0,0;4,0;0,0;0,0
IRS;UTC - UNIDADE DE TRATAMENTO CLÍNICO;2026,0;7,0;0,0;0,0;2,0;0,0;0,0
IRS;UTC - UNIDADE DE TRATAMENTO CLÍNICO;2026,0;8,0;0,0;0,0;4,0;0,0;0,0
MOV;ALOJAMENTO CONJUNTO;2019,0;1,0;0,0;0,0;141,0;0,0;0,0
MOV;ALOJAMENTO CONJUNTO;2019,0;2,0;0,0;0,0;223,0;0,0;0,0
MOV;ALOJAMENTO CONJUNTO;2019,0;3,0;1,0;1,0;238,0;0,004201680672268907;0,004201680672268907
MOV;ALOJAMENTO CONJUNTO;2019,0;4,0;1,0;0,0;259,0;0,003861003861003861;0,0
MOV;ALOJAMENTO CONJUNTO;2019,0;5,0;0,0;0,0;256,0;0,0;0,0
MOV;ALOJAMENTO CONJUNTO;2019,0;6,0;0,0;0,0;253,0;0,0;0,0
MOV;ALOJAMENTO CONJUNTO;2019,0;7,0;0,0;0,0;240,0;0,0;0,0
MOV;ALOJAMENTO CONJUNTO;2019,0;8,0;0,0;0,0;273,0;0,0;0,0
MOV;ALOJAMENTO CONJUNTO;2019,0;9,0;0,0;0,0;236,0;0,0;0,0
MOV;ALOJAMENTO CONJUNTO;2019,0;10,0;0,0;0,0;230,0;0,0;0,0
MOV;ALOJAMENTO CONJUNTO;2019,0;11,0;0,0;0,0;206,0;0,0;0,0
MOV;ALOJAMENTO CONJUNTO;2019,0;12,0;0,0;0,0;238,0;0,0;0,0
MOV;ALOJAMENTO CONJUNTO;2020,0;1,0;0,0;0,0;252,0;0,0;0,0
MOV;ALOJAMENTO CONJUNTO;2020,0;2,0;0,0;0,0;253,0;0,0;0,0
MOV;ALOJAMENTO CONJUNTO;2020,0;3,0;0,0;0,0;287,0;0,0;0,0
MOV;ALOJAMENTO CONJUNTO;2020,0;4,0;0,0;0,0;270,0;0,0;0,0
MOV;ALOJAMENTO CONJUNTO;2020,0;5,0;0,0;0,0;251,0;0,0;0,0
MOV;ALOJAMENTO CONJUNTO;2020,0;6,0;0,0;0,0;258,0;0,0;0,0
MOV;ALOJAMENTO CONJUNTO;2020,0;7,0;0,0;0,0;268,0;0,0;0,0
MOV;ALOJAMENTO CONJUNTO;2020,0;8,0;0,0;0,0;248,0;0,0;0,0
MOV;ALOJAMENTO CONJUNTO;2020,0;9,0;0,0;0,0;236,0;0,0;0,0
MOV;ALOJAMENTO CONJUNTO;2020,0;10,0;0,0;0,0;273,0;0,0;0,0
MOV;ALOJAMENTO CONJUNTO;2020,0;11,0;0,0;0,0;237,0;0,0;0,0
MOV;ALOJAMENTO CONJUNTO;2020,0;12,0;0,0;0,0;235,0;0,0;0,0
MOV;ALOJAMENTO CONJUNTO;2021,0;1,0;0,0;0,0;237,0;0,0;0,0
MOV;ALOJAMENTO CONJUNTO;2021,0;2,0;0,0;0,0;237,0;0,0;0,0
MOV;ALOJAMENTO CONJUNTO;2021,0;3,0;0,0;0,0;260,0;0,0;0,0
MOV;ALOJAMENTO CONJUNTO;2021,0;4,0;0,0;0,0;257,0;0,0;0,0
MOV;ALOJAMENTO CONJUNTO;2021,0;5,0;0,0;0,0;264,0;0,0;0,0
MOV;ALOJAMENTO CONJUNTO;2021,0;6,0;0,0;0,0;234,0;0,0;0,0
MOV;ALOJAMENTO CONJUNTO;2021,0;7,0;0,0;0,0;246,0;0,0;0,0
MOV;ALOJAMENTO CONJUNTO;2021,0;8,0;0,0;0,0;278,0;0,0;0,0
MOV;ALOJAMENTO CONJUNTO;2021,0;9,0;0,0;0,0;248,0;0,0;0,0
MOV;ALOJAMENTO CONJUNTO;2021,0;10,0;0,0;0,0;226,0;0,0;0,0
MOV;ALOJAMENTO CONJUNTO;2021,0;11,0;0,0;0,0;241,0;0,0;0,0
MOV;ALOJAMENTO CONJUNTO;2021,0;12,0;0,0;0,0;248,0;0,0;0,0
MOV;ALOJAMENTO CONJUNTO;2022,0;1,0;0,0;0,0;223,0;0,0;0,0
MOV;ALOJAMENTO CONJUNTO;2022,0;2,0;0,0;0,0;231,0;0,0;0,0
MOV;ALOJAMENTO CONJUNTO;2022,0;3,0;0,0;0,0;263,0;0,0;0,0
MOV;ALOJAMENTO CONJUNTO;2022,0;4,0;0,0;0,0;228,0;0,0;0,0
MOV;ALOJAMENTO CONJUNTO;2022,0;5,0;0,0;0,0;265,0;0,0;0,0
MOV;ALOJAMENTO CONJUNTO;2022,0;6,0;0,0;0,0;248,0;0,0;0,0
MOV;ALOJAMENTO CONJUNTO;2022,0;7,0;0,0;0,0;264,0;0,0;0,0
MOV;ALOJAMENTO CONJUNTO;2022,0;8,0;0,0;0,0;245,0;0,0;0,0
MOV;ALOJAMENTO CONJUNTO;2022,0;9,0;0,0;0,0;236,0;0,0;0,0
MOV;ALOJAMENTO CONJUNTO;2022,0;10,0;0,0;0,0;213,0;0,0;0,0
MOV;ALOJAMENTO CONJUNTO;2022,0;11,0;0,0;0,0;218,0;0,0;0,0
MOV;ALOJAMENTO CONJUNTO;2022,0;12,0;0,0;0,0;243,0;0,0;0,0
MOV;ALOJAMENTO CONJUNTO;2023,0;1,0;0,0;0,0;247,0;0,0;0,0
MOV;ALOJAMENTO CONJUNTO;2023,0;2,0;0,0;0,0;231,0;0,0;0,0
MOV;ALOJAMENTO CONJUNTO;2023,0;3,0;0,0;0,0;266,0;0,0;0,0
MOV;ALOJAMENTO CONJUNTO;2023,0;4,0;0,0;0,0;242,0;0,0;0,0
MOV;ALOJAMENTO CONJUNTO;2023,0;5,0;0,0;0,0;240,0;0,0;0,0
MOV;ALOJAMENTO CONJUNTO;2023,0;6,0;0,0;0,0;241,0;0,0;0,0
MOV;ALOJAMENTO CONJUNTO;2023,0;7,0;0,0;0,0;245,0;0,0;0,0
MOV;ALOJAMENTO CONJUNTO;2023,0;8,0;0,0;0,0;260,0;0,0;0,0
MOV;ALOJAMENTO CONJUNTO;2023,0;9,0;0,0;0,0;220,0;0,0;0,0
MOV;ALOJAMENTO CONJUNTO;2023,0;10,0;0,0;0,0;236,0;0,0;0,0
MOV;ALOJAMENTO CONJUNTO;2023,0;11,0;0,0;0,0;191,0;0,0;0,0
MOV;ALOJAMENTO CONJUNTO;2023,0;12,0;0,0;0,0;194,0;0,0;0,0
MOV;ALOJAMENTO CONJUNTO;2024,0;1,0;0,0;0,0;220,0;0,0;0,0
MOV;ALOJAMENTO CONJUNTO;2024,0;2,0;0,0;0,0;241,0;0,0;0,0
MOV;ALOJAMENTO CONJUNTO;2024,0;3,0;0,0;0,0;271,0;0,0;0,0
MOV;ALOJAMENTO CONJUNTO;2024,0;4,0;0,0;0,0;266,0;0,0;0,0
MOV;ALOJAMENTO CONJUNTO;2024,0;5,0;0,0;0,0;244,0;0,0;0,0
MOV;ALOJAMENTO CONJUNTO;2024,0;6,0;0,0;0,0;212,0;0,0;0,0
MOV;ALOJAMENTO CONJUNTO;2024,0;7,0;0,0;0,0;229,0;0,0;0,0
MOV;ALOJAMENTO CONJUNTO;2024,0;8,0;0,0;0,0;224,0;0,0;0,0
MOV;ALOJAMENTO CONJUNTO;2024,0;9,0;1,0;1,0;241,0;0,004149377593360996;0,004149377593360996
MOV;ALOJAMENTO CONJUNTO;2024,0;10,0;0,0;0,0;208,0;0,0;0,0
MOV;ALOJAMENTO CONJUNTO;2024,0;11,0;0,0;0,0;217,0;0,0;0,0
MOV;ALOJAMENTO CONJUNTO;2024,0;12,0;0,0;0,0;233,0;0,0;0,0
MOV;ALOJAMENTO CONJUNTO;2025,0;1,0;0,0;0,0;266,0;0,0;0,0
MOV;ALOJAMENTO CONJUNTO;2025,0;2,0;0,0;0,0;259,0;0,0;0,0
MOV;ALOJAMENTO CONJUNTO;2025,0;3,0;0,0;0,0;272,0;0,0;0,0
MOV;ALOJAMENTO CONJUNTO;2025,0;4,0;0,0;0,0;276,0;0,0;0,0
MOV;ALOJAMENTO CONJUNTO;2025,0;5,0;0,0;0,0;233,0;0,0;0,0
MOV;ALOJAMENTO CONJUNTO;2025,0;6,0;0,0;0,0;205,0;0,0;0,0
MOV;ALOJAMENTO CONJUNTO;2025,0;7,0;0,0;0,0;204,0;0,0;0,0
MOV;ALOJAMENTO CONJUNTO;2025,0;8,0;0,0;0,0;217,0;0,0;0,0
MOV;ALOJAMENTO CONJUNTO;2025,0;9,0;0,0;0,0;224,0;0,0;0,0
MOV;ALOJAMENTO CONJUNTO;2025,0;10,0;1,0;1,0;205,0;0,004878048780487805;0,004878048780487805
MOV;ALOJAMENTO CONJUNTO;2025,0;11,0;0,0;0,0;209,0;0,0;0,0
MOV;ALOJAMENTO CONJUNTO;2025,0;12,0;0,0;0,0;212,0;0,0;0,0
MOV;ALOJAMENTO CONJUNTO;2026,0;1,0;0,0;0,0;204,0;0,0;0,0
MOV;ALOJAMENTO CONJUNTO;2026,0;2,0;0,0;0,0;199,0;0,0;0,0
MOV;ALOJAMENTO CONJUNTO;2026,0;3,0;0,0;0,0;240,0;0,0;0,0
MOV;ALOJAMENTO CONJUNTO;2026,0;4,0;0,0;0,0;219,0;0,0;0,0
MOV;ALOJAMENTO CONJUNTO;2026,0;5,0;0,0;0,0;240,0;0,0;0,0
MOV;ALOJAMENTO CONJUNTO;2026,0;6,0;0,0;0,0;217,0;0,0;0,0
MOV;ALOJAMENTO CONJUNTO;2026,0;7,0;0,0;0,0;204,0;0,0;0,0
MOV;ALOJAMENTO CONJUNTO;2026,0;8,0;0,0;0,0;234,0;0,0;0,0
MOV;AMBULATORIO - ESPECIALIDADES;2019,0;1,0;0,0;0,0;4,0;0,0;0,0
MOV;AMBULATORIO - ESPECIALIDADES;2019,0;3,0;0,0;0,0;3,0;0,0;0,0
MOV;AMBULATORIO - ESPECIALIDADES;2019,0;4,0;0,0;0,0;1,0;0,0;0,0
MOV;AMBULATORIO - ESPECIALIDADES;2019,0;8,0;0,0;0,0;1,0;0,0;0,0
MOV;AMBULATORIO - ESPECIALIDADES;2019,0;9,0;0,0;0,0;1,0;0,0;0,0
MOV;AMBULATORIO - ESPECIALIDADES;2019,0;10,0;0,0;0,0;1,0;0,0;0,0
MOV;AMBULATORIO - ESPECIALIDADES;2020,0;3,0;0,0;0,0;1,0;0,0;0,0
MOV;AMBULATORIO - ESPECIALIDADES;2020,0;7,0;0,0;0,0;1,0;0,0;0,0
MOV;AMBULATORIO - ESPECIALIDADES;2020,0;9,0;0,0;0,0;1,0;0,0;0,0
MOV;AMBULATORIO - ESPECIALIDADES;2021,0;2,0;0,0;0,0;1,0;0,0;0,0
MOV;AMBULATORIO - ESPECIALIDADES;2021,0;4,0;0,0;0,0;5,0;0,0;0,0
MOV;AMBULATORIO - ESPECIALIDADES;2021,0;6,0;0,0;0,0;1,0;0,0;0,0
MOV;AMBULATORIO - ESPECIALIDADES;2021,0;7,0;0,0;0,0;1,0;0,0;0,0
MOV;AMBULATORIO - ESPECIALIDADES;2021,0;8,0;0,0;0,0;2,0;0,0;0,0
MOV;AMBULATORIO - ESPECIALIDADES;2021,0;9,0;0,0;0,0;4,0;0,0;0,0
MOV;AMBULATORIO - ESPECIALIDADES;2021,0;10,0;0,0;0,0;3,0;0,0;0,0
MOV;AMBULATORIO - ESPECIALIDADES;2021,0;11,0;0,0;0,0;1,0;0,0;0,0
MOV;AMBULATORIO - ESPECIALIDADES;2022,0;1,0;0,0;0,0;1,0;0,0;0,0
MOV;AMBULATORIO - ESPECIALIDADES;2023,0;3,0;0,0;0,0;1,0;0,0;0,0
MOV;AMBULATÓRIO - ESPECIALIDADES NÃO MÉDICAS;2022,0;5,0;0,0;0,0;2,0;0,0;0,0
MOV;AMBULATÓRIO - ESPECIALIDADES NÃO MÉDICAS;2022,0;6,0;0,0;0,0;1,0;0,0;0,0
MOV;AMBULATORIO CVVS;2022,0;6,0;0,0;0,0;1,0;0,0;0,0
MOV;AMBULATORIO CVVS;2022,0;8,0;0,0;0,0;1,0;0,0;0,0
MOV;AMBULATORIO CVVS;2023,0;2,0;0,0;0,0;1,0;0,0;0,0
MOV;AMBULATORIO CVVS;2023,0;3,0;0,0;0,0;2,0;0,0;0,0
MOV;AMBULATORIO DE GINECOLOGIA CIRURGICA;2022,0;1,0;0,0;0,0;1,0;0,0;0,0
MOV;AMBULATORIO DE GINECOLOGIA CIRURGICA;2022,0;3,0;0,0;0,0;1,0;0,0;0,0
MOV;AMBULATORIO DE GINECOLOGIA CIRURGICA;2022,0;5,0;0,0;0,0;1,0;0,0;0,0
MOV;AMBULATORIO DE GINECOLOGIA CIRURGICA;2022,0;6,0;0,0;0,0;1,0;0,0;0,0
MOV;AMBULATORIO DE GINECOLOGIA CIRURGICA;2022,0;7,0;0,0;0,0;1,0;0,0;0,0
MOV;AMBULATORIO DE MASTOLOGIA;2022,0;4,0;0,0;0,0;1,0;0,0;0,0
MOV;AMBULATORIO ESPECIALIDADES MEDICAS;2021,0;12,0;0,0;0,0;1,0;0,0;0,0
MOV;CLINICA CIRÚRGICA;2023,0;4,0;0,0;0,0;93,0;0,0;0,0
MOV;CLINICA CIRÚRGICA;2023,0;5,0;0,0;0,0;131,0;0,0;0,0
MOV;CLINICA CIRÚRGICA;2023,0;6,0;0,0;0,0;209,0;0,0;0,0
MOV;CLINICA CIRÚRGICA;2023,0;7,0;0,0;0,0;148,0;0,0;0,0
MOV;CLINICA CIRÚRGICA;2023,0;8,0;0,0;0,0;156,0;0,0;0,0
MOV;CLINICA CIRÚRGICA;2023,0;9,0;0,0;0,0;161,0;0,0;0,0
MOV;CLINICA CIRÚRGICA;2023,0;10,0;0,0;0,0;183,0;0,0;0,0
MOV;CLINICA CIRÚRGICA;2023,0;11,0;0,0;0,0;174,0;0,0;0,0
MOV;CLINICA CIRÚRGICA;2023,0;12,0;0,0;0,0;200,0;0,0;0,0
MOV;CLINICA CIRÚRGICA;2024,0;1,0;0,0;0,0;177,0;0,0;0,0
MOV;CLINICA CIRÚRGICA;2024,0;2,0;0,0;0,0;154,0;0,0;0,0
MOV;CLINICA CIRÚRGICA;2024,0;3,0;0,0;0,0;148,0;0,0;0,0
MOV;CLINICA CIRÚRGICA;2024,0;4,0;0,0;0,0;199,0;0,0;0,0
MOV;CLINICA CIRÚRGICA;2024,0;5,0;0,0;0,0;201,0;0,0;0,0
MOV;CLINICA CIRÚRGICA;2024,0;6,0;0,0;0,0;158,0;0,0;0,0
MOV;CLINICA CIRÚRGICA;2024,0;7,0;0,0;0,0;156,0;0,0;0,0
MOV;CLINICA CIRÚRGICA;2024,0;8,0;0,0;0,0;181,0;0,0;0,0
MOV;CLINICA CIRÚRGICA;2024,0;9,0;0,0;0,0;178,0;0,0;0,0
MOV;CLINICA CIRÚRGICA;2024,0;10,0;0,0;0,0;156,0;0,0;0,0
MOV;CLINICA CIRÚRGICA;2024,0;11,0;0,0;0,0;132,0;0,0;0,0
MOV;CLINICA CIRÚRGICA;2024,0;12,0;0,0;0,0;110,0;0,0;0,0
MOV;CLINICA CIRÚRGICA;2025,0;1,0;0,0;0,0;114,0;0,0;0,0
MOV;CLINICA CIRÚRGICA;2025,0;2,0;0,0;0,0;131,0;0,0;0,0
MOV;CLINICA CIRÚRGICA;2025,0;3,0;0,0;0,0;166,0;0,0;0,0
MOV;CLINICA CIRÚRGICA;2025,0;4,0;2,0;2,0;159,0;0,012578616352201259;0,012578616352201259
MOV;CLINICA CIRÚRGICA;2025,0;5,0;0,0;0,0;240,0;0,0;0,0
MOV;CLINICA CIRÚRGICA;2025,0;6,0;0,0;0,0;210,0;0,0;0,0
MOV;CLINICA CIRÚRGICA;2025,0;7,0;0,0;0,0;185,0;0,0;0,0
MOV;CLINICA CIRÚRGICA;2025,0;8,0;1,0;1,0;144,0;0,006944444444444444;0,006944444444444444
MOV;CLINICA CIRÚRGICA;2025,0;9,0;0,0;0,0;176,0;0,0;0,0
MOV;CLINICA CIRÚRGICA;2025,0;10,0;0,0;0,0;177,0;0,0;0,0
MOV;CLINICA CIRÚRGICA;2025,0;11,0;0,0;0,0;181,0;0,0;0,0
MOV;CLINICA CIRÚRGICA;2025,0;12,0;0,0;0,0;144,0;0,0;0,0
MOV;CLINICA CIRÚRGICA;2026,0;1,0;0,0;0,0;178,0;0,0;0,0
MOV;CLINICA CIRÚRGICA;2026,0;2,0;0,0;0,0;201,0;0,0;0,0
MOV;CLINICA CIRÚRGICA;2026,0;3,0;0,0;0,0;234,0;0,0;0,0
MOV;CLINICA CIRÚRGICA;2026,0;4,0;0,0;0,0;186,0;0,0;0,0
MOV;CLINICA CIRÚRGICA;2026,0;5,0;0,0;0,0;216,0;0,0;0,0
MOV;CLINICA CIRÚRGICA;2026,0;6,0;0,0;0,0;207,0;0,0;0,0
MOV;CLINICA CIRÚRGICA;2026,0;7,0;0,0;0,0;186,0;0,0;0,0
MOV;CLINICA CIRÚRGICA;2026,0;8,0;0,0;0,0;193,0;0,0;0,0
MOV;PRE-NATAL DE ALTO RISCO E PUERPERIO PATOLOGICO;2022,0;4,0;0,0;0,0;1,0;0,0;0,0
MOV;PRE-NATAL DE ALTO RISCO E PUERPERIO PATOLOGICO;2022,0;6,0;0,0;0,0;1,0;0,0;0,0
MOV;PRE-NATAL DE ALTO RISCO E PUERPERIO PATOLOGICO;2022,0;9,0;0,0;0,0;1,0;0,0;0,0
MOV;PRE-NATAL DE ALTO RISCO E PUERPERIO PATOLOGICO;2022,0;11,0;0,0;0,0;1,0;0,0;0,0
MOV;PRE-NATAL DE ALTO RISCO E PUERPERIO PATOLOGICO;2022,0;12,0;0,0;0,0;1,0;0,0;0,0
MOV;PRE-NATAL DE ALTO RISCO E PUERPERIO PATOLOGICO;2023,0;2,0;0,0;0,0;1,0;0,0;0,0
MOV;PRE-NATAL DE ALTO RISCO E PUERPERIO PATOLOGICO;2023,0;3,0;0,0;0,0;1,0;0,0;0,0
MOV;PRE-NATAL DE ALTO RISCO E PUERPERIO PATOLOGICO;2023,0;4,0;0,0;0,0;1,0;0,0;0,0
MOV;PRÉ-PARTO;2019,0;1,0;0,0;0,0;71,0;0,0;0,0
MOV;PRÉ-PARTO;2019,0;2,0;0,0;0,0;25,0;0,0;0,0
MOV;PRÉ-PARTO;2019,0;3,0;0,0;0,0;61,0;0,0;0,0
MOV;PRÉ-PARTO;2019,0;4,0;0,0;0,0;37,0;0,0;0,0
MOV;PRÉ-PARTO;2019,0;5,0;0,0;0,0;35,0;0,0;0,0
MOV;PRÉ-PARTO;2019,0;6,0;0,0;0,0;28,0;0,0;0,0
MOV;PRÉ-PARTO;2019,0;7,0;0,0;0,0;36,0;0,0;0,0
MOV;PRÉ-PARTO;2019,0;8,0;0,0;0,0;43,0;0,0;0,0
MOV;PRÉ-PARTO;2019,0;9,0;0,0;0,0;47,0;0,0;0,0
MOV;PRÉ-PARTO;2019,0;10,0;0,0;0,0;46,0;0,0;0,0
MOV;PRÉ-PARTO;2019,0;11,0;0,0;0,0;40,0;0,0;0,0
MOV;PRÉ-PARTO;2019,0;12,0;0,0;0,0;45,0;0,0;0,0
MOV;PRÉ-PARTO;2020,0;1,0;0,0;0,0;18,0;0,0;0,0
MOV;PRÉ-PARTO;2020,0;2,0;0,0;0,0;37,0;0,0;0,0
MOV;PRÉ-PARTO;2020,0;3,0;0,0;0,0;19,0;0,0;0,0
MOV;PRÉ-PARTO;2020,0;4,0;0,0;0,0;29,0;0,0;0,0
MOV;PRÉ-PARTO;2020,0;5,0;0,0;0,0;35,0;0,0;0,0
MOV;PRÉ-PARTO;2020,0;6,0;0,0;0,0;31,0;0,0;0,0
MOV;PRÉ-PARTO;2020,0;7,0;0,0;0,0;36,0;0,0;0,0
MOV;PRÉ-PARTO;2020,0;8,0;0,0;0,0;16,0;0,0;0,0
MOV;PRÉ-PARTO;2020,0;9,0;0,0;0,0;18,0;0,0;0,0
MOV;PRÉ-PARTO;2020,0;10,0;0,0;0,0;25,0;0,0;0,0
MOV;PRÉ-PARTO;2020,0;11,0;0,0;0,0;24,0;0,0;0,0
MOV;PRÉ-PARTO;2020,0;12,0;0,0;0,0;30,0;0,0;0,0
MOV;PRÉ-PARTO;2021,0;1,0;0,0;0,0;28,0;0,0;0,0
MOV;PRÉ-PARTO;2021,0;2,0;0,0;0,0;19,0;0,0;0,0
MOV;PRÉ-PARTO;2021,0;3,0;0,0;0,0;21,0;0,0;0,0
MOV;PRÉ-PARTO;2021,0;4,0;0,0;0,0;24,0;0,0;0,0
MOV;PRÉ-PARTO;2021,0;5,0;0,0;0,0;47,0;0,0;0,0
MOV;PRÉ-PARTO;2021,0;6,0;0,0;0,0;40,0;0,0;0,0
MOV;PRÉ-PARTO;2021,0;7,0;0,0;0,0;46,0;0,0;0,0
MOV;PRÉ-PARTO;2021,0;8,0;0,0;0,0;52,0;0,0;0,0
MOV;PRÉ-PARTO;2021,0;9,0;0,0;0,0;27,0;0,0;0,0
MOV;PRÉ-PARTO;2021,0;10,0;0,0;0,0;51,0;0,0;0,0
MOV;PRÉ-PARTO;2021,0;11,0;0,0;0,0;23,0;0,0;0,0
MOV;PRÉ-PARTO;2021,0;12,0;0,0;0,0;46,0;0,0;0,0
MOV;PRÉ-PARTO;2022,0;1,0;0,0;0,0;28,0;0,0;0,0
MOV;PRÉ-PARTO;2022,0;2,0;0,0;0,0;22,0;0,0;0,0
MOV;PRÉ-PARTO;2022,0;3,0;0,0;0,0;20,0;0,0;0,0
MOV;PRÉ-PARTO;2022,0;4,0;0,0;0,0;25,0;0,0;0,0
MOV;PRÉ-PARTO;2022,0;5,0;0,0;0,0;27,0;0,0;0,0
MOV;PRÉ-PARTO;2022,0;6,0;0,0;0,0;17,0;0,0;0,0
MOV;PRÉ-PARTO;2022,0;7,0;0,0;0,0;18,0;0,0;0,0
MOV;PRÉ-PARTO;2022,0;8,0;0,0;0,0;28,0;0,0;0,0
MOV;PRÉ-PARTO;2022,0;9,0;0,0;0,0;31,0;0,0;0,0
MOV;PRÉ-PARTO;2022,0;10,0;0,0;0,0;28,0;0,0;0,0
MOV;PRÉ-PARTO;2022,0;11,0;0,0;0,0;30,0;0,0;0,0
MOV;PRÉ-PARTO;2022,0;12,0;0,0;0,0;20,0;0,0;0,0
MOV;PRÉ-PARTO;2023,0;1,0;0,0;0,0;7,0;0,0;0,0
MOV;PRÉ-PARTO;2023,0;2,0;0,0;0,0;17,0;0,0;0,0
MOV;PRÉ-PARTO;2023,0;3,0;0,0;0,0;33,0;0,0;0,0
MOV;PRÉ-PARTO;2023,0;4,0;0,0;0,0;7,0;0,0;0,0
MOV;PRÉ-PARTO;2023,0;5,0;0,0;0,0;4,0;0,0;0,0
MOV;PRÉ-PARTO;2023,0;6,0;0,0;0,0;7,0;0,0;0,0
MOV;PRÉ-PARTO;2023,0;7,0;0,0;0,0;8,0;0,0;0,0
MOV;PRÉ-PARTO;2023,0;8,0;0,0;0,0;4,0;0,0;0,0
MOV;PRÉ-PARTO;2023,0;9,0;0,0;0,0;5,0;0,0;0,0
MOV;PRÉ-PARTO;2023,0;10,0;0,0;0,0;5,0;0,0;0,0
MOV;PRÉ-PARTO;2023,0;11,0;0,0;0,0;2,0;0,0;0,0
MOV;PRÉ-PARTO;2023,0;12,0;0,0;0,0;4,0;0,0;0,0
MOV;PRÉ-PARTO;2024,0;1,0;0,0;0,0;1,0;0,0;0,0
MOV;PRÉ-PARTO;2024,0;2,0;0,0;0,0;3,0;0,0;0,0
MOV;PRÉ-PARTO;2024,0;3,0;0,0;0,0;1,0;0,0;0,0
MOV;PRÉ-PARTO;2024,0;4,0;0,0;0,0;5,0;0,0;0,0
MOV;PRÉ-PARTO;2024,0;5,0;0,0;0,0;10,0;0,0;0,0
MOV;PRÉ-PARTO;2024,0;6,0;0,0;0,0;3,0;0,0;0,0
MOV;PRÉ-PARTO;2024,0;7,0;0,0;0,0;1,0;0,0;0,0
MOV;PRÉ-PARTO;2024,0;8,0;0,0;0,0;4,0;0,0;0,0
MOV;PRÉ-PARTO;2024,0;9,0;0,0;0,0;10,0;0,0;0,0
MOV;PRÉ-PARTO;2024,0;10,0;0,0;0,0;1,0;0,0;0,0
MOV;PRÉ-PARTO;2024,0;11,0;0,0;0,0;2,0;0,0;0,0
MOV;PRÉ-PARTO;2024,0;12,0;0,0;0,0;4,0;0,0;0,0
MOV;PRÉ-PARTO;2025,0;1,0;0,0;0,0;8,0;0,0;0,0
MOV;PRÉ-PARTO;2025,0;2,0;0,0;0,0;13,0;0,0;0,0
MOV;PRÉ-PARTO;2025,0;3,0;0,0;0,0;16,0;0,0;0,0
MOV;PRÉ-PARTO;2025,0;4,0;0,0;0,0;13,0;0,0;0,0
MOV;PRÉ-PARTO;2025,0;5,0;0,0;0,0;8,0;0,0;0,0
MOV;PRÉ-PARTO;2025,0;6,0;0,0;0,0;4,0;0,0;0,0
MOV;PRÉ-PARTO;2025,0;7,0;0,0;0,0;3,0;0,0;0,0
MOV;PRÉ-PARTO;2025,0;8,0;0,0;0,0;4,0;0,0;0,0
MOV;PRÉ-PARTO;2025,0;9,0;0,0;0,0;7,0;0,0;0,0
MOV;PRÉ-PARTO;2025,0;10,0;0,0;0,0;6,0;0,0;0,0
MOV;PRÉ-PARTO;2025,0;11,0;0,0;0,0;3,0;0,0;0,0
MOV;PRÉ-PARTO;2025,0;12,0;0,0;0,0;4,0;0,0;0,0
MOV;PRÉ-PARTO;2026,0;1,0;0,0;0,0;8,0;0,0;0,0
MOV;PRÉ-PARTO;2026,0;2,0;0,0;0,0;2,0;0,0;0,0
MOV;PRÉ-PARTO;2026,0;3,0;0,0;0,0;3,0;0,0;0,0
MOV;PRÉ-PARTO;2026,0;4,0;0,0;0,0;1,0;0,0;0,0
MOV;PRÉ-PARTO;2026,0;5,0;0,0;0,0;1,0;0,0;0,0
MOV;PRÉ-PARTO;2026,0;6,0;0,0;0,0;1,0;0,0;0,0
MOV;PRÉ-PARTO;2026,0;8,0;0,0;0,0;2,0;0,0;0,0
MOV;UNIDADE DE CUIDADO INTERMEDIÁRIO NEONATAL CANGURU;2023,0;4,0;0,0;0,0;7,0;0,0;0,0
MOV;UNIDADE DE CUIDADO INTERMEDIÁRIO NEONATAL CANGURU;2023,0;5,0;0,0;0,0;13,0;0,0;0,0
MOV;UNIDADE DE CUIDADO INTERMEDIÁRIO NEONATAL CANGURU;2023,0;6,0;0,0;0,0;8,0;0,0;0,0
MOV;UNIDADE DE CUIDADO INTERMEDIÁRIO NEONATAL CANGURU;2023,0;7,0;0,0;0,0;10,0;0,0;0,0
MOV;UNIDADE DE CUIDADO INTERMEDIÁRIO NEONATAL CANGURU;2023,0;8,0;0,0;0,0;5,0;0,0;0,0
MOV;UNIDADE DE CUIDADO INTERMEDIÁRIO NEONATAL CANGURU;2023,0;9,0;0,0;0,0;6,0;0,0;0,0
MOV;UNIDADE DE CUIDADO INTERMEDIÁRIO NEONATAL CANGURU;2023,0;10,0;0,0;0,0;12,0;0,0;0,0
MOV;UNIDADE DE CUIDADO INTERMEDIÁRIO NEONATAL CANGURU;2023,0;11,0;0,0;0,0;14,0;0,0;0,0
MOV;UNIDADE DE CUIDADO INTERMEDIÁRIO NEONATAL CANGURU;2023,0;12,0;0,0;0,0;12,0;0,0;0,0
MOV;UNIDADE DE CUIDADO INTERMEDIÁRIO NEONATAL CANGURU;2024,0;1,0;0,0;0,0;4,0;0,0;0,0
MOV;UNIDADE DE CUIDADO INTERMEDIÁRIO NEONATAL CANGURU;2024,0;2,0;0,0;0,0;7,0;0,0;0,0
MOV;UNIDADE DE CUIDADO INTERMEDIÁRIO NEONATAL CANGURU;2024,0;4,0;0,0;0,0;1,0;0,0;0,0
MOV;UNIDADE DE CUIDADO INTERMEDIÁRIO NEONATAL CANGURU;2024,0;5,0;0,0;0,0;9,0;0,0;0,0
MOV;UNIDADE DE CUIDADO INTERMEDIÁRIO NEONATAL CANGURU;2024,0;6,0;0,0;0,0;8,0;0,0;0,0
MOV;UNIDADE DE CUIDADO INTERMEDIÁRIO NEONATAL CANGURU;2024,0;7,0;0,0;0,0;6,0;0,0;0,0
MOV;UNIDADE DE CUIDADO INTERMEDIÁRIO NEONATAL CANGURU;2024,0;8,0;0,0;0,0;13,0;0,0;0,0
MOV;UNIDADE DE CUIDADO INTERMEDIÁRIO NEONATAL CANGURU;2024,0;9,0;0,0;0,0;9,0;0,0;0,0
MOV;UNIDADE DE CUIDADO INTERMEDIÁRIO NEONATAL CANGURU;2024,0;10,0;0,0;0,0;8,0;0,0;0,0
MOV;UNIDADE DE CUIDADO INTERMEDIÁRIO NEONATAL CANGURU;2024,0;11,0;0,0;0,0;10,0;0,0;0,0
MOV;UNIDADE DE CUIDADO INTERMEDIÁRIO NEONATAL CANGURU;2024,0;12,0;0,0;0,0;14,0;0,0;0,0
MOV;UNIDADE DE CUIDADO INTERMEDIÁRIO NEONATAL CANGURU;2025,0;1,0;0,0;0,0;13,0;0,0;0,0
MOV;UNIDADE DE CUIDADO INTERMEDIÁRIO NEONATAL CANGURU;2025,0;2,0;0,0;0,0;10,0;0,0;0,0
MOV;UNIDADE DE CUIDADO INTERMEDIÁRIO NEONATAL CANGURU;2025,0;3,0;0,0;0,0;2,0;0,0;0,0
MOV;UNIDADE DE CUIDADO INTERMEDIÁRIO NEONATAL CANGURU;2025,0;4,0;0,0;0,0;1,0;0,0;0,0
MOV;UNIDADE DE CUIDADO INTERMEDIÁRIO NEONATAL CANGURU;2025,0;5,0;0,0;0,0;5,0;0,0;0,0
MOV;UNIDADE DE CUIDADO INTERMEDIÁRIO NEONATAL CANGURU;2025,0;6,0;0,0;0,0;9,0;0,0;0,0
MOV;UNIDADE DE CUIDADO INTERMEDIÁRIO NEONATAL CANGURU;2025,0;7,0;0,0;0,0;10,0;0,0;0,0
MOV;UNIDADE DE CUIDADO INTERMEDIÁRIO NEONATAL CANGURU;2025,0;8,0;0,0;0,0;9,0;0,0;0,0
MOV;UNIDADE DE CUIDADO INTERMEDIÁRIO NEONATAL CANGURU;2025,0;9,0;0,0;0,0;13,0;0,0;0,0
MOV;UNIDADE DE CUIDADO INTERMEDIÁRIO NEONATAL CANGURU;2025,0;10,0;0,0;0,0;12,0;0,0;0,0
MOV;UNIDADE DE CUIDADO INTERMEDIÁRIO NEONATAL CANGURU;2025,0;11,0;0,0;0,0;12,0;0,0;0,0
MOV;UNIDADE DE CUIDADO INTERMEDIÁRIO NEONATAL CANGURU;2025,0;12,0;0,0;0,0;13,0;0,0;0,0
MOV;UNIDADE DE CUIDADO INTERMEDIÁRIO NEONATAL CANGURU;2026,0;1,0;0,0;0,0;9,0;0,0;0,0
MOV;UNIDADE DE CUIDADO INTERMEDIÁRIO NEONATAL CANGURU;2026,0;2,0;0,0;0,0;6,0;0,0;0,0
MOV;UNIDADE DE CUIDADO INTERMEDIÁRIO NEONATAL CANGURU;2026,0;3,0;0,0;0,0;10,0;0,0;0,0
MOV;UNIDADE DE CUIDADO INTERMEDIÁRIO NEONATAL CANGURU;2026,0;4,0;0,0;0,0;13,0;0,0;0,0
MOV;UNIDADE DE CUIDADO INTERMEDIÁRIO NEONATAL CANGURU;2026,0;5,0;0,0;0,0;4,0;0,0;0,0
MOV;UNIDADE DE CUIDADO INTERMEDIÁRIO NEONATAL CANGURU;2026,0;6,0;0,0;0,0;2,0;0,0;0,0
MOV;UNIDADE DE CUIDADO INTERMEDIÁRIO NEONATAL CANGURU;2026,0;7,0;0,0;0,0;11,0;0,0;0,0
MOV;UNIDADE DE CUIDADO INTERMEDIÁRIO NEONATAL CANGURU;2026,0;8,0;0,0;0,0;13,0;0,0;0,0
MOV;UNIDADE DE CUIDADO INTERMEDIÁRIO NEONATAL CONVENCIONAL;2023,0;4,0;0,0;0,0;18,0;0,0;0,0
MOV;UNIDADE DE CUIDADO INTERMEDIÁRIO NEONATAL CONVENCIONAL;2023,0;5,0;0,0;0,0;21,0;0,0;0,0
MOV;UNIDADE DE CUIDADO INTERMEDIÁRIO NEONATAL CONVENCIONAL;2023,0;6,0;0,0;0,0;17,0;0,0;0,0
MOV;UNIDADE DE CUIDADO INTERMEDIÁRIO NEONATAL CONVENCIONAL;2023,0;7,0;0,0;0,0;15,0;0,0;0,0
MOV;UNIDADE DE CUIDADO INTERMEDIÁRIO NEONATAL CONVENCIONAL;2023,0;8,0;0,0;0,0;17,0;0,0;0,0
MOV;UNIDADE DE CUIDADO INTERMEDIÁRIO NEONATAL CONVENCIONAL;2023,0;9,0;0,0;0,0;18,0;0,0;0,0
MOV;UNIDADE DE CUIDADO INTERMEDIÁRIO NEONATAL CONVENCIONAL;2023,0;10,0;0,0;0,0;15,0;0,0;0,0
MOV;UNIDADE DE CUIDADO INTERMEDIÁRIO NEONATAL CONVENCIONAL;2023,0;11,0;0,0;0,0;13,0;0,0;0,0
MOV;UNIDADE DE CUIDADO INTERMEDIÁRIO NEONATAL CONVENCIONAL;2023,0;12,0;0,0;0,0;11,0;0,0;0,0
MOV;UNIDADE DE CUIDADO INTERMEDIÁRIO NEONATAL CONVENCIONAL;2024,0;1,0;0,0;0,0;10,0;0,0;0,0
MOV;UNIDADE DE CUIDADO INTERMEDIÁRIO NEONATAL CONVENCIONAL;2024,0;2,0;0,0;0,0;14,0;0,0;0,0
MOV;UNIDADE DE CUIDADO INTERMEDIÁRIO NEONATAL CONVENCIONAL;2024,0;3,0;0,0;0,0;19,0;0,0;0,0
MOV;UNIDADE DE CUIDADO INTERMEDIÁRIO NEONATAL CONVENCIONAL;2024,0;4,0;0,0;0,0;27,0;0,0;0,0
MOV;UNIDADE DE CUIDADO INTERMEDIÁRIO NEONATAL CONVENCIONAL;2024,0;5,0;0,0;0,0;19,0;0,0;0,0
MOV;UNIDADE DE CUIDADO INTERMEDIÁRIO NEONATAL CONVENCIONAL;2024,0;6,0;0,0;0,0;15,0;0,0;0,0
MOV;UNIDADE DE CUIDADO INTERMEDIÁRIO NEONATAL CONVENCIONAL;2024,0;7,0;0,0;0,0;16,0;0,0;0,0
MOV;UNIDADE DE CUIDADO INTERMEDIÁRIO NEONATAL CONVENCIONAL;2024,0;8,0;0,0;0,0;19,0;0,0;0,0
MOV;UNIDADE DE CUIDADO INTERMEDIÁRIO NEONATAL CONVENCIONAL;2024,0;9,0;0,0;0,0;28,0;0,0;0,0
MOV;UNIDADE DE CUIDADO INTERMEDIÁRIO NEONATAL CONVENCIONAL;2024,0;10,0;0,0;0,0;15,0;0,0;0,0
MOV;UNIDADE DE CUIDADO INTERMEDIÁRIO NEONATAL CONVENCIONAL;2024,0;11,0;0,0;0,0;20,0;0,0;0,0
MOV;UNIDADE DE CUIDADO INTERMEDIÁRIO NEONATAL CONVENCIONAL;2024,0;12,0;0,0;0,0;20,0;0,0;0,0
MOV;UNIDADE DE CUIDADO INTERMEDIÁRIO NEONATAL CONVENCIONAL;2025,0;1,0;0,0;0,0;24,0;0,0;0,0
MOV;UNIDADE DE CUIDADO INTERMEDIÁRIO NEONATAL CONVENCIONAL;2025,0;2,0;1,0;1,0;23,0;0,043478260869565216;0,043478260869565216
MOV;UNIDADE DE CUIDADO INTERMEDIÁRIO NEONATAL CONVENCIONAL;2025,0;3,0;0,0;0,0;26,0;0,0;0,0
MOV;UNIDADE DE CUIDADO INTERMEDIÁRIO NEONATAL CONVENCIONAL;2025,0;4,0;0,0;0,0;21,0;0,0;0,0
MOV;UNIDADE DE CUIDADO INTERMEDIÁRIO NEONATAL CONVENCIONAL;2025,0;5,0;0,0;0,0;34,0;0,0;0,0
MOV;UNIDADE DE CUIDADO INTERMEDIÁRIO NEONATAL CONVENCIONAL;2025,0;6,0;0,0;0,0;25,0;0,0;0,0
MOV;UNIDADE DE CUIDADO INTERMEDIÁRIO NEONATAL CONVENCIONAL;2025,0;7,0;0,0;0,0;30,0;0,0;0,0
MOV;UNIDADE DE CUIDADO INTERMEDIÁRIO NEONATAL CONVENCIONAL;2025,0;8,0;0,0;0,0;22,0;0,0;0,0
MOV;UNIDADE DE CUIDADO INTERMEDIÁRIO NEONATAL CONVENCIONAL;2025,0;9,0;0,0;0,0;18,0;0,0;0,0
MOV;UNIDADE DE CUIDADO INTERMEDIÁRIO NEONATAL CONVENCIONAL;2025,0;10,0;0,0;0,0;30,0;0,0;0,0
MOV;UNIDADE DE CUIDADO INTERMEDIÁRIO NEONATAL CONVENCIONAL;2025,0;11,0;0,0;0,0;19,0;0,0;0,0
MOV;UNIDADE DE CUIDADO INTERMEDIÁRIO NEONATAL CONVENCIONAL;2025,0;12,0;0,0;0,0;21,0;0,0;0,0
MOV;UNIDADE DE CUIDADO INTERMEDIÁRIO NEONATAL CONVENCIONAL;2026,0;1,0;0,0;0,0;20,0;0,0;0,0
MOV;UNIDADE DE CUIDADO INTERMEDIÁRIO NEONATAL CONVENCIONAL;2026,0;2,0;0,0;0,0;21,0;0,0;0,0
MOV;UNIDADE DE CUIDADO INTERMEDIÁRIO NEONATAL CONVENCIONAL;2026,0;3,0;1,0;1,0;28,0;0,03571428571428571;0,03571428571428571
MOV;UNIDADE DE CUIDADO INTERMEDIÁRIO NEONATAL CONVENCIONAL;2026,0;4,0;0,0;0,0;28,0;0,0;0,0
MOV;UNIDADE DE CUIDADO INTERMEDIÁRIO NEONATAL CONVENCIONAL;2026,0;5,0;0,0;0,0;28,0;0,0;0,0
MOV;UNIDADE DE CUIDADO INTERMEDIÁRIO NEONATAL CONVENCIONAL;2026,0;6,0;0,0;0,0;28,0;0,0;0,0
MOV;UNIDADE DE CUIDADO INTERMEDIÁRIO NEONATAL CONVENCIONAL;2026,0;7,0;0,0;0,0;30,0;0,0;0,0
MOV;UNIDADE DE CUIDADO INTERMEDIÁRIO NEONATAL CONVENCIONAL;2026,0;8,0;0,0;0,0;20,0;0,0;0,0
MOV;UNIDADE DE EMERGENCIA - ADMISSAO;2019,0;1,0;0,0;0,0;7,0;0,0;0,0
MOV;UNIDADE DE EMERGENCIA - ADMISSAO;2019,0;2,0;0,0;0,0;1,0;0,0;0,0
MOV;UNIDADE DE EMERGENCIA - ADMISSAO;2019,0;3,0;0,0;0,0;4,0;0,0;0,0
MOV;UNIDADE DE EMERGENCIA - ADMISSAO;2019,0;4,0;0,0;0,0;1,0;0,0;0,0
MOV;UNIDADE DE EMERGENCIA - ADMISSAO;2019,0;5,0;0,0;0,0;2,0;0,0;0,0
MOV;UNIDADE DE EMERGENCIA - ADMISSAO;2019,0;6,0;0,0;0,0;3,0;0,0;0,0
MOV;UNIDADE DE EMERGENCIA - ADMISSAO;2019,0;7,0;0,0;0,0;2,0;0,0;0,0
MOV;UNIDADE DE EMERGENCIA - ADMISSAO;2019,0;8,0;0,0;0,0;3,0;0,0;0,0
MOV;UNIDADE DE EMERGENCIA - ADMISSAO;2019,0;9,0;0,0;0,0;4,0;0,0;0,0
MOV;UNIDADE DE EMERGENCIA - ADMISSAO;2019,0;10,0;0,0;0,0;3,0;0,0;0,0
MOV;UNIDADE DE EMERGENCIA - ADMISSAO;2019,0;11,0;0,0;0,0;2,0;0,0;0,0
MOV;UNIDADE DE EMERGENCIA - ADMISSAO;2019,0;12,0;0,0;0,0;1,0;0,0;0,0
MOV;UNIDADE DE EMERGENCIA - ADMISSAO;2020,0;1,0;0,0;0,0;2,0;0,0;0,0
MOV;UNIDADE DE EMERGENCIA - ADMISSAO;2020,0;2,0;0,0;0,0;3,0;0,0;0,0
MOV;UNIDADE DE EMERGENCIA - ADMISSAO;2020,0;3,0;0,0;0,0;3,0;0,0;0,0
MOV;UNIDADE DE EMERGENCIA - ADMISSAO;2020,0;4,0;0,0;0,0;2,0;0,0;0,0
MOV;UNIDADE DE EMERGENCIA - ADMISSAO;2020,0;5,0;0,0;0,0;3,0;0,0;0,0
MOV;UNIDADE DE EMERGENCIA - ADMISSAO;2020,0;6,0;0,0;0,0;3,0;0,0;0,0
MOV;UNIDADE DE EMERGENCIA - ADMISSAO;2020,0;7,0;0,0;0,0;3,0;0,0;0,0
MOV;UNIDADE DE EMERGENCIA - ADMISSAO;2020,0;8,0;0,0;0,0;6,0;0,0;0,0
MOV;UNIDADE DE EMERGENCIA - ADMISSAO;2020,0;9,0;0,0;0,0;4,0;0,0;0,0
MOV;UNIDADE DE EMERGENCIA - ADMISSAO;2020,0;10,0;0,0;0,0;1,0;0,0;0,0
MOV;UNIDADE DE EMERGENCIA - ADMISSAO;2020,0;11,0;0,0;0,0;4,0;0,0;0,0
MOV;UNIDADE DE EMERGENCIA - ADMISSAO;2021,0;1,0;0,0;0,0;3,0;0,0;0,0
MOV;UNIDADE DE EMERGENCIA - ADMISSAO;2021,0;2,0;0,0;0,0;4,0;0,0;0,0
MOV;UNIDADE DE EMERGENCIA - ADMISSAO;2021,0;3,0;0,0;0,0;10,0;0,0;0,0
MOV;UNIDADE DE EMERGENCIA - ADMISSAO;2021,0;4,0;0,0;0,0;10,0;0,0;0,0
MOV;UNIDADE DE EMERGENCIA - ADMISSAO;2021,0;5,0;0,0;0,0;5,0;0,0;0,0
MOV;UNIDADE INTEMEDIARIA NEONATAL;2019,0;1,0;0,0;0,0;32,0;0,0;0,0
MOV;UNIDADE INTEMEDIARIA NEONATAL;2019,0;2,0;0,0;0,0;34,0;0,0;0,0
MOV;UNIDADE INTEMEDIARIA NEONATAL;2019,0;3,0;0,0;0,0;34,0;0,0;0,0
MOV;UNIDADE INTEMEDIARIA NEONATAL;2019,0;4,0;0,0;0,0;51,0;0,0;0,0
MOV;UNIDADE INTEMEDIARIA NEONATAL;2019,0;5,0;1,0;0,0;40,0;0,025;0,0
MOV;UNIDADE INTEMEDIARIA NEONATAL;2019,0;6,0;0,0;0,0;23,0;0,0;0,0
MOV;UNIDADE INTEMEDIARIA NEONATAL;2019,0;7,0;0,0;0,0;24,0;0,0;0,0
MOV;UNIDADE INTEMEDIARIA NEONATAL;2019,0;8,0;0,0;0,0;25,0;0,0;0,0
MOV;UNIDADE INTEMEDIARIA NEONATAL;2019,0;9,0;0,0;0,0;23,0;0,0;0,0
MOV;UNIDADE INTEMEDIARIA NEONATAL;2019,0;10,0;0,0;0,0;26,0;0,0;0,0
MOV;UNIDADE INTEMEDIARIA NEONATAL;2019,0;11,0;0,0;0,0;21,0;0,0;0,0
MOV;UNIDADE INTEMEDIARIA NEONATAL;2019,0;12,0;0,0;0,0;31,0;0,0;0,0
MOV;UNIDADE INTEMEDIARIA NEONATAL;2020,0;1,0;0,0;0,0;23,0;0,0;0,0
MOV;UNIDADE INTEMEDIARIA NEONATAL;2020,0;2,0;0,0;0,0;10,0;0,0;0,0
MOV;UNIDADE INTEMEDIARIA NEONATAL;2020,0;3,0;0,0;0,0;19,0;0,0;0,0
MOV;UNIDADE INTEMEDIARIA NEONATAL;2020,0;4,0;0,0;0,0;26,0;0,0;0,0
MOV;UNIDADE INTEMEDIARIA NEONATAL;2020,0;5,0;0,0;0,0;25,0;0,0;0,0
MOV;UNIDADE INTEMEDIARIA NEONATAL;2020,0;6,0;0,0;0,0;25,0;0,0;0,0
MOV;UNIDADE INTEMEDIARIA NEONATAL;2020,0;7,0;0,0;0,0;24,0;0,0;0,0
MOV;UNIDADE INTEMEDIARIA NEONATAL;2020,0;8,0;0,0;0,0;20,0;0,0;0,0
MOV;UNIDADE INTEMEDIARIA NEONATAL;2020,0;9,0;0,0;0,0;26,0;0,0;0,0
MOV;UNIDADE INTEMEDIARIA NEONATAL;2020,0;10,0;0,0;0,0;16,0;0,0;0,0
MOV;UNIDADE INTEMEDIARIA NEONATAL;2020,0;11,0;0,0;0,0;28,0;0,0;0,0
MOV;UNIDADE INTEMEDIARIA NEONATAL;2020,0;12,0;0,0;0,0;27,0;0,0;0,0
MOV;UNIDADE INTEMEDIARIA NEONATAL;2021,0;1,0;0,0;0,0;28,0;0,0;0,0
MOV;UNIDADE INTEMEDIARIA NEONATAL;2021,0;2,0;0,0;0,0;21,0;0,0;0,0
MOV;UNIDADE INTEMEDIARIA NEONATAL;2021,0;3,0;0,0;0,0;25,0;0,0;0,0
MOV;UNIDADE INTEMEDIARIA NEONATAL;2021,0;4,0;0,0;0,0;27,0;0,0;0,0
MOV;UNIDADE INTEMEDIARIA NEONATAL;2021,0;5,0;0,0;0,0;31,0;0,0;0,0
MOV;UNIDADE INTEMEDIARIA NEONATAL;2021,0;6,0;0,0;0,0;35,0;0,0;0,0
MOV;UNIDADE INTEMEDIARIA NEONATAL;2021,0;7,0;0,0;0,0;27,0;0,0;0,0
MOV;UNIDADE INTEMEDIARIA NEONATAL;2021,0;8,0;0,0;0,0;22,0;0,0;0,0
MOV;UNIDADE INTEMEDIARIA NEONATAL;2021,0;9,0;0,0;0,0;24,0;0,0;0,0
MOV;UNIDADE INTEMEDIARIA NEONATAL;2021,0;10,0;0,0;0,0;24,0;0,0;0,0
MOV;UNIDADE INTEMEDIARIA NEONATAL;2021,0;11,0;0,0;0,0;25,0;0,0;0,0
MOV;UNIDADE INTEMEDIARIA NEONATAL;2021,0;12,0;0,0;0,0;27,0;0,0;0,0
MOV;UNIDADE INTEMEDIARIA NEONATAL;2022,0;1,0;0,0;0,0;25,0;0,0;0,0
MOV;UNIDADE INTEMEDIARIA NEONATAL;2022,0;2,0;0,0;0,0;16,0;0,0;0,0
MOV;UNIDADE INTEMEDIARIA NEONATAL;2022,0;3,0;0,0;0,0;21,0;0,0;0,0
MOV;UNIDADE INTEMEDIARIA NEONATAL;2022,0;4,0;0,0;0,0;24,0;0,0;0,0
MOV;UNIDADE INTEMEDIARIA NEONATAL;2022,0;5,0;0,0;0,0;22,0;0,0;0,0
MOV;UNIDADE INTEMEDIARIA NEONATAL;2022,0;6,0;0,0;0,0;19,0;0,0;0,0
MOV;UNIDADE INTEMEDIARIA NEONATAL;2022,0;7,0;0,0;0,0;30,0;0,0;0,0
MOV;UNIDADE INTEMEDIARIA NEONATAL;2022,0;8,0;0,0;0,0;28,0;0,0;0,0
MOV;UNIDADE INTEMEDIARIA NEONATAL;2022,0;9,0;0,0;0,0;17,0;0,0;0,0
MOV;UNIDADE INTEMEDIARIA NEONATAL;2022,0;10,0;0,0;0,0;19,0;0,0;0,0
MOV;UNIDADE INTEMEDIARIA NEONATAL;2022,0;11,0;0,0;0,0;28,0;0,0;0,0
MOV;UNIDADE INTEMEDIARIA NEONATAL;2022,0;12,0;0,0;0,0;31,0;0,0;0,0
MOV;UNIDADE INTEMEDIARIA NEONATAL;2023,0;1,0;0,0;0,0;14,0;0,0;0,0
MOV;UNIDADE INTEMEDIARIA NEONATAL;2023,0;2,0;0,0;0,0;28,0;0,0;0,0
MOV;UNIDADE INTEMEDIARIA NEONATAL;2023,0;3,0;0,0;0,0;37,0;0,0;0,0
MOV;UNIDADE INTEMEDIARIA NEONATAL;2023,0;4,0;0,0;0,0;9,0;0,0;0,0
MOV;UNIDADE INTERNAÇÃO - ALTO RISCO OBSTETRICO;2019,0;1,0;0,0;0,0;163,0;0,0;0,0
MOV;UNIDADE INTERNAÇÃO - ALTO RISCO OBSTETRICO;2019,0;2,0;0,0;0,0;57,0;0,0;0,0
MOV;UNIDADE INTERNAÇÃO - ALTO RISCO OBSTETRICO;2019,0;3,0;0,0;0,0;56,0;0,0;0,0
MOV;UNIDADE INTERNAÇÃO - ALTO RISCO OBSTETRICO;2019,0;4,0;0,0;0,0;98,0;0,0;0,0
MOV;UNIDADE INTERNAÇÃO - ALTO RISCO OBSTETRICO;2019,0;5,0;0,0;0,0;123,0;0,0;0,0
MOV;UNIDADE INTERNAÇÃO - ALTO RISCO OBSTETRICO;2019,0;6,0;0,0;0,0;68,0;0,0;0,0
MOV;UNIDADE INTERNAÇÃO - ALTO RISCO OBSTETRICO;2019,0;7,0;1,0;0,0;77,0;0,012987012987012988;0,0
MOV;UNIDADE INTERNAÇÃO - ALTO RISCO OBSTETRICO;2019,0;8,0;0,0;0,0;81,0;0,0;0,0
MOV;UNIDADE INTERNAÇÃO - ALTO RISCO OBSTETRICO;2019,0;9,0;0,0;0,0;101,0;0,0;0,0
MOV;UNIDADE INTERNAÇÃO - ALTO RISCO OBSTETRICO;2019,0;10,0;0,0;0,0;137,0;0,0;0,0
MOV;UNIDADE INTERNAÇÃO - ALTO RISCO OBSTETRICO;2019,0;11,0;0,0;0,0;99,0;0,0;0,0
MOV;UNIDADE INTERNAÇÃO - ALTO RISCO OBSTETRICO;2019,0;12,0;0,0;0,0;83,0;0,0;0,0
MOV;UNIDADE INTERNAÇÃO - ALTO RISCO OBSTETRICO;2020,0;1,0;0,0;0,0;88,0;0,0;0,0
MOV;UNIDADE INTERNAÇÃO - ALTO RISCO OBSTETRICO;2020,0;2,0;0,0;0,0;86,0;0,0;0,0
MOV;UNIDADE INTERNAÇÃO - ALTO RISCO OBSTETRICO;2020,0;3,0;0,0;0,0;80,0;0,0;0,0
MOV;UNIDADE INTERNAÇÃO - ALTO RISCO OBSTETRICO;2020,0;4,0;0,0;0,0;77,0;0,0;0,0
MOV;UNIDADE INTERNAÇÃO - ALTO RISCO OBSTETRICO;2020,0;5,0;0,0;0,0;103,0;0,0;0,0
MOV;UNIDADE INTERNAÇÃO - ALTO RISCO OBSTETRICO;2020,0;6,0;0,0;0,0;97,0;0,0;0,0
MOV;UNIDADE INTERNAÇÃO - ALTO RISCO OBSTETRICO;2020,0;7,0;0,0;0,0;105,0;0,0;0,0
MOV;UNIDADE INTERNAÇÃO - ALTO RISCO OBSTETRICO;2020,0;8,0;0,0;0,0;110,0;0,0;0,0
MOV;UNIDADE INTERNAÇÃO - ALTO RISCO OBSTETRICO;2020,0;9,0;0,0;0,0;86,0;0,0;0,0
MOV;UNIDADE INTERNAÇÃO - ALTO RISCO OBSTETRICO;2020,0;10,0;0,0;0,0;67,0;0,0;0,0
MOV;UNIDADE INTERNAÇÃO - ALTO RISCO OBSTETRICO;2020,0;11,0;0,0;0,0;90,0;0,0;0,0
MOV;UNIDADE INTERNAÇÃO - ALTO RISCO OBSTETRICO;2020,0;12,0;0,0;0,0;96,0;0,0;0,0
MOV;UNIDADE INTERNAÇÃO - ALTO RISCO OBSTETRICO;2021,0;1,0;0,0;0,0;93,0;0,0;0,0
MOV;UNIDADE INTERNAÇÃO - ALTO RISCO OBSTETRICO;2021,0;2,0;0,0;0,0;103,0;0,0;0,0
MOV;UNIDADE INTERNAÇÃO - ALTO RISCO OBSTETRICO;2021,0;3,0;0,0;0,0;98,0;0,0;0,0
MOV;UNIDADE INTERNAÇÃO - ALTO RISCO OBSTETRICO;2021,0;4,0;0,0;0,0;92,0;0,0;0,0
MOV;UNIDADE INTERNAÇÃO - ALTO RISCO OBSTETRICO;2021,0;5,0;0,0;0,0;104,0;0,0;0,0
MOV;UNIDADE INTERNAÇÃO - ALTO RISCO OBSTETRICO;2021,0;6,0;0,0;0,0;108,0;0,0;0,0
MOV;UNIDADE INTERNAÇÃO - ALTO RISCO OBSTETRICO;2021,0;7,0;0,0;0,0;100,0;0,0;0,0
MOV;UNIDADE INTERNAÇÃO - ALTO RISCO OBSTETRICO;2021,0;8,0;0,0;0,0;106,0;0,0;0,0
MOV;UNIDADE INTERNAÇÃO - ALTO RISCO OBSTETRICO;2021,0;9,0;1,0;1,0;117,0;0,008547008547008548;0,008547008547008548
MOV;UNIDADE INTERNAÇÃO - ALTO RISCO OBSTETRICO;2021,0;10,0;0,0;0,0;86,0;0,0;0,0
MOV;UNIDADE INTERNAÇÃO - ALTO RISCO OBSTETRICO;2021,0;11,0;0,0;0,0;110,0;0,0;0,0
MOV;UNIDADE INTERNAÇÃO - ALTO RISCO OBSTETRICO;2021,0;12,0;0,0;0,0;70,0;0,0;0,0
MOV;UNIDADE INTERNAÇÃO - ALTO RISCO OBSTETRICO;2022,0;1,0;0,0;0,0;95,0;0,0;0,0
MOV;UNIDADE INTERNAÇÃO - ALTO RISCO OBSTETRICO;2022,0;2,0;0,0;0,0;77,0;0,0;0,0
MOV;UNIDADE INTERNAÇÃO - ALTO RISCO OBSTETRICO;2022,0;3,0;0,0;0,0;101,0;0,0;0,0
MOV;UNIDADE INTERNAÇÃO - ALTO RISCO OBSTETRICO;2022,0;4,0;0,0;0,0;92,0;0,0;0,0
MOV;UNIDADE INTERNAÇÃO - ALTO RISCO OBSTETRICO;2022,0;5,0;0,0;0,0;91,0;0,0;0,0
MOV;UNIDADE INTERNAÇÃO - ALTO RISCO OBSTETRICO;2022,0;6,0;0,0;0,0;97,0;0,0;0,0
MOV;UNIDADE INTERNAÇÃO - ALTO RISCO OBSTETRICO;2022,0;7,0;0,0;0,0;97,0;0,0;0,0
MOV;UNIDADE INTERNAÇÃO - ALTO RISCO OBSTETRICO;2022,0;8,0;0,0;0,0;78,0;0,0;0,0
MOV;UNIDADE INTERNAÇÃO - ALTO RISCO OBSTETRICO;2022,0;9,0;0,0;0,0;78,0;0,0;0,0
MOV;UNIDADE INTERNAÇÃO - ALTO RISCO OBSTETRICO;2022,0;10,0;0,0;0,0;93,0;0,0;0,0
MOV;UNIDADE INTERNAÇÃO - ALTO RISCO OBSTETRICO;2022,0;11,0;0,0;0,0;92,0;0,0;0,0
MOV;UNIDADE INTERNAÇÃO - ALTO RISCO OBSTETRICO;2022,0;12,0;0,0;0,0;113,0;0,0;0,0
MOV;UNIDADE INTERNAÇÃO - ALTO RISCO OBSTETRICO;2023,0;1,0;0,0;0,0;122,0;0,0;0,0
MOV;UNIDADE INTERNAÇÃO - ALTO RISCO OBSTETRICO;2023,0;2,0;0,0;0,0;114,0;0,0;0,0
MOV;UNIDADE INTERNAÇÃO - ALTO RISCO OBSTETRICO;2023,0;3,0;0,0;0,0;107,0;0,0;0,0
MOV;UNIDADE INTERNAÇÃO - ALTO RISCO OBSTETRICO;2023,0;4,0;0,0;0,0;23,0;0,0;0,0
MOV;UNIDADE INTERNAÇÃO - CLINICA CIRURGICA;2021,0;8,0;0,0;0,0;1,0;0,0;0,0
MOV;UNIDADE INTERNAÇÃO - CLINICA CIRURGICA;2021,0;9,0;0,0;0,0;2,0;0,0;0,0
MOV;UNIDADE INTERNAÇÃO - CLINICA CIRURGICA;2021,0;10,0;0,0;0,0;86,0;0,0;0,0
MOV;UNIDADE INTERNAÇÃO - CLINICA CIRURGICA;2021,0;11,0;0,0;0,0;131,0;0,0;0,0
MOV;UNIDADE INTERNAÇÃO - CLINICA CIRURGICA;2021,0;12,0;0,0;0,0;120,0;0,0;0,0
MOV;UNIDADE INTERNAÇÃO - CLINICA CIRURGICA;2022,0;1,0;0,0;0,0;82,0;0,0;0,0
MOV;UNIDADE INTERNAÇÃO - CLINICA CIRURGICA;2022,0;2,0;0,0;0,0;114,0;0,0;0,0
MOV;UNIDADE INTERNAÇÃO - CLINICA CIRURGICA;2022,0;3,0;0,0;0,0;123,0;0,0;0,0
MOV;UNIDADE INTERNAÇÃO - CLINICA CIRURGICA;2022,0;4,0;0,0;0,0;96,0;0,0;0,0
MOV;UNIDADE INTERNAÇÃO - CLINICA CIRURGICA;2022,0;5,0;0,0;0,0;134,0;0,0;0,0
MOV;UNIDADE INTERNAÇÃO - CLINICA CIRURGICA;2022,0;6,0;0,0;0,0;133,0;0,0;0,0
MOV;UNIDADE INTERNAÇÃO - CLINICA CIRURGICA;2022,0;7,0;0,0;0,0;131,0;0,0;0,0
MOV;UNIDADE INTERNAÇÃO - CLINICA CIRURGICA;2022,0;8,0;0,0;0,0;123,0;0,0;0,0
MOV;UNIDADE INTERNAÇÃO - CLINICA CIRURGICA;2022,0;9,0;0,0;0,0;108,0;0,0;0,0
MOV;UNIDADE INTERNAÇÃO - CLINICA CIRURGICA;2022,0;10,0;0,0;0,0;108,0;0,0;0,0
MOV;UNIDADE INTERNAÇÃO - CLINICA CIRURGICA;2022,0;11,0;1,0;1,0;125,0;0,008;0,008
MOV;UNIDADE INTERNAÇÃO - CLINICA CIRURGICA;2022,0;12,0;0,0;0,0;119,0;0,0;0,0
MOV;UNIDADE INTERNAÇÃO - CLINICA CIRURGICA;2023,0;1,0;0,0;0,0;104,0;0,0;0,0
MOV;UNIDADE INTERNAÇÃO - CLINICA CIRURGICA;2023,0;2,0;0,0;0,0;93,0;0,0;0,0
MOV;UNIDADE INTERNAÇÃO - CLINICA CIRURGICA;2023,0;3,0;0,0;0,0;127,0;0,0;0,0
MOV;UNIDADE INTERNAÇÃO - CLINICA CIRURGICA;2023,0;4,0;0,0;0,0;25,0;0,0;0,0
MOV;UNIDADE INTERNAÇÃO - GINECOLOGIA CIRÚRGICA UCC;2019,0;1,0;0,0;0,0;111,0;0,0;0,0
MOV;UNIDADE INTERNAÇÃO - GINECOLOGIA CIRÚRGICA UCC;2019,0;2,0;0,0;0,0;128,0;0,0;0,0
MOV;UNIDADE INTERNAÇÃO - GINECOLOGIA CIRÚRGICA UCC;2019,0;3,0;0,0;0,0;130,0;0,0;0,0
MOV;UNIDADE INTERNAÇÃO - GINECOLOGIA CIRÚRGICA UCC;2019,0;4,0;0,0;0,0;106,0;0,0;0,0
MOV;UNIDADE INTERNAÇÃO - GINECOLOGIA CIRÚRGICA UCC;2019,0;5,0;0,0;0,0;108,0;0,0;0,0
MOV;UNIDADE INTERNAÇÃO - GINECOLOGIA CIRÚRGICA UCC;2019,0;6,0;0,0;0,0;141,0;0,0;0,0
MOV;UNIDADE INTERNAÇÃO - GINECOLOGIA CIRÚRGICA UCC;2019,0;7,0;0,0;0,0;139,0;0,0;0,0
MOV;UNIDADE INTERNAÇÃO - GINECOLOGIA CIRÚRGICA UCC;2019,0;8,0;0,0;0,0;132,0;0,0;0,0
MOV;UNIDADE INTERNAÇÃO - GINECOLOGIA CIRÚRGICA UCC;2019,0;9,0;0,0;0,0;140,0;0,0;0,0
MOV;UNIDADE INTERNAÇÃO - GINECOLOGIA CIRÚRGICA UCC;2019,0;10,0;0,0;0,0;132,0;0,0;0,0
MOV;UNIDADE INTERNAÇÃO - GINECOLOGIA CIRÚRGICA UCC;2019,0;11,0;0,0;0,0;150,0;0,0;0,0
MOV;UNIDADE INTERNAÇÃO - GINECOLOGIA CIRÚRGICA UCC;2019,0;12,0;0,0;0,0;112,0;0,0;0,0
MOV;UNIDADE INTERNAÇÃO - GINECOLOGIA CIRÚRGICA UCC;2020,0;1,0;0,0;0,0;116,0;0,0;0,0
MOV;UNIDADE INTERNAÇÃO - GINECOLOGIA CIRÚRGICA UCC;2020,0;2,0;0,0;0,0;138,0;0,0;0,0
MOV;UNIDADE INTERNAÇÃO - GINECOLOGIA CIRÚRGICA UCC;2020,0;3,0;0,0;0,0;117,0;0,0;0,0
MOV;UNIDADE INTERNAÇÃO - GINECOLOGIA CIRÚRGICA UCC;2020,0;4,0;0,0;0,0;92,0;0,0;0,0
MOV;UNIDADE INTERNAÇÃO - GINECOLOGIA CIRÚRGICA UCC;2020,0;5,0;0,0;0,0;96,0;0,0;0,0
MOV;UNIDADE INTERNAÇÃO - GINECOLOGIA CIRÚRGICA UCC;2020,0;6,0;0,0;0,0;93,0;0,0;0,0
MOV;UNIDADE INTERNAÇÃO - GINECOLOGIA CIRÚRGICA UCC;2020,0;7,0;0,0;0,0;93,0;0,0;0,0
MOV;UNIDADE INTERNAÇÃO - GINECOLOGIA CIRÚRGICA UCC;2020,0;8,0;0,0;0,0;96,0;0,0;0,0
MOV;UNIDADE INTERNAÇÃO - GINECOLOGIA CIRÚRGICA UCC;2020,0;9,0;0,0;0,0;106,0;0,0;0,0
MOV;UNIDADE INTERNAÇÃO - GINECOLOGIA CIRÚRGICA UCC;2020,0;10,0;0,0;0,0;105,0;0,0;0,0
MOV;UNIDADE INTERNAÇÃO - GINECOLOGIA CIRÚRGICA UCC;2020,0;11,0;0,0;0,0;126,0;0,0;0,0
MOV;UNIDADE INTERNAÇÃO - GINECOLOGIA CIRÚRGICA UCC;2020,0;12,0;0,0;0,0;105,0;0,0;0,0
MOV;UNIDADE INTERNAÇÃO - GINECOLOGIA CIRÚRGICA UCC;2021,0;1,0;0,0;0,0;115,0;0,0;0,0
MOV;UNIDADE INTERNAÇÃO - GINECOLOGIA CIRÚRGICA UCC;2021,0;2,0;0,0;0,0;110,0;0,0;0,0
MOV;UNIDADE INTERNAÇÃO - GINECOLOGIA CIRÚRGICA UCC;2021,0;3,0;0,0;0,0;124,0;0,0;0,0
MOV;UNIDADE INTERNAÇÃO - GINECOLOGIA CIRÚRGICA UCC;2021,0;4,0;0,0;0,0;117,0;0,0;0,0
MOV;UNIDADE INTERNAÇÃO - GINECOLOGIA CIRÚRGICA UCC;2021,0;5,0;0,0;0,0;120,0;0,0;0,0
MOV;UNIDADE INTERNAÇÃO - GINECOLOGIA CIRÚRGICA UCC;2021,0;6,0;0,0;0,0;118,0;0,0;0,0
MOV;UNIDADE INTERNAÇÃO - GINECOLOGIA CIRÚRGICA UCC;2021,0;7,0;0,0;0,0;112,0;0,0;0,0
MOV;UNIDADE INTERNAÇÃO - GINECOLOGIA CIRÚRGICA UCC;2021,0;8,0;0,0;0,0;132,0;0,0;0,0
MOV;UNIDADE INTERNAÇÃO - GINECOLOGIA CIRÚRGICA UCC;2021,0;9,0;0,0;0,0;131,0;0,0;0,0
MOV;UNIDADE INTERNACAO ALTO-RISCO OBSTETRICO;2023,0;4,0;0,0;0,0;83,0;0,0;0,0
MOV;UNIDADE INTERNACAO ALTO-RISCO OBSTETRICO;2023,0;5,0;0,0;0,0;110,0;0,0;0,0
MOV;UNIDADE INTERNACAO ALTO-RISCO OBSTETRICO;2023,0;6,0;0,0;0,0;113,0;0,0;0,0
MOV;UNIDADE INTERNACAO ALTO-RISCO OBSTETRICO;2023,0;7,0;0,0;0,0;108,0;0,0;0,0
MOV;UNIDADE INTERNACAO ALTO-RISCO OBSTETRICO;2023,0;8,0;0,0;0,0;119,0;0,0;0,0
MOV;UNIDADE INTERNACAO ALTO-RISCO OBSTETRICO;2023,0;9,0;0,0;0,0;118,0;0,0;0,0
MOV;UNIDADE INTERNACAO ALTO-RISCO OBSTETRICO;2023,0;10,0;0,0;0,0;127,0;0,0;0,0
MOV;UNIDADE INTERNACAO ALTO-RISCO OBSTETRICO;2023,0;11,0;0,0;0,0;165,0;0,0;0,0
MOV;UNIDADE INTERNACAO ALTO-RISCO OBSTETRICO;2023,0;12,0;0,0;0,0;175,0;0,0;0,0
MOV;UNIDADE INTERNACAO ALTO-RISCO OBSTETRICO;2024,0;1,0;0,0;0,0;95,0;0,0;0,0
MOV;UNIDADE INTERNACAO ALTO-RISCO OBSTETRICO;2024,0;2,0;0,0;0,0;136,0;0,0;0,0
MOV;UNIDADE INTERNACAO ALTO-RISCO OBSTETRICO;2024,0;3,0;0,0;0,0;171,0;0,0;0,0
MOV;UNIDADE INTERNACAO ALTO-RISCO OBSTETRICO;2024,0;4,0;0,0;0,0;71,0;0,0;0,0
MOV;UNIDADE INTERNACAO ALTO-RISCO OBSTETRICO;2024,0;5,0;0,0;0,0;109,0;0,0;0,0
MOV;UNIDADE INTERNACAO ALTO-RISCO OBSTETRICO;2024,0;6,0;0,0;0,0;107,0;0,0;0,0
MOV;UNIDADE INTERNACAO ALTO-RISCO OBSTETRICO;2024,0;7,0;0,0;0,0;118,0;0,0;0,0
MOV;UNIDADE INTERNACAO ALTO-RISCO OBSTETRICO;2024,0;8,0;0,0;0,0;97,0;0,0;0,0
MOV;UNIDADE INTERNACAO ALTO-RISCO OBSTETRICO;2024,0;9,0;0,0;0,0;117,0;0,0;0,0
MOV;UNIDADE INTERNACAO ALTO-RISCO OBSTETRICO;2024,0;10,0;0,0;0,0;88,0;0,0;0,0
MOV;UNIDADE INTERNACAO ALTO-RISCO OBSTETRICO;2024,0;11,0;0,0;0,0;76,0;0,0;0,0
MOV;UNIDADE INTERNACAO ALTO-RISCO OBSTETRICO;2024,0;12,0;0,0;0,0;117,0;0,0;0,0
MOV;UNIDADE INTERNACAO ALTO-RISCO OBSTETRICO;2025,0;1,0;0,0;0,0;96,0;0,0;0,0
MOV;UNIDADE INTERNACAO ALTO-RISCO OBSTETRICO;2025,0;2,0;0,0;0,0;74,0;0,0;0,0
MOV;UNIDADE INTERNACAO ALTO-RISCO OBSTETRICO;2025,0;3,0;0,0;0,0;149,0;0,0;0,0
MOV;UNIDADE INTERNACAO ALTO-RISCO OBSTETRICO;2025,0;4,0;0,0;0,0;100,0;0,0;0,0
MOV;UNIDADE INTERNACAO ALTO-RISCO OBSTETRICO;2025,0;5,0;0,0;0,0;105,0;0,0;0,0
MOV;UNIDADE INTERNACAO ALTO-RISCO OBSTETRICO;2025,0;6,0;0,0;0,0;115,0;0,0;0,0
MOV;UNIDADE INTERNACAO ALTO-RISCO OBSTETRICO;2025,0;7,0;0,0;0,0;110,0;0,0;0,0
MOV;UNIDADE INTERNACAO ALTO-RISCO OBSTETRICO;2025,0;8,0;0,0;0,0;94,0;0,0;0,0
MOV;UNIDADE INTERNACAO ALTO-RISCO OBSTETRICO;2025,0;9,0;0,0;0,0;107,0;0,0;0,0
MOV;UNIDADE INTERNACAO ALTO-RISCO OBSTETRICO;2025,0;10,0;0,0;0,0;107,0;0,0;0,0
MOV;UNIDADE INTERNACAO ALTO-RISCO OBSTETRICO;2025,0;11,0;0,0;0,0;86,0;0,0;0,0
MOV;UNIDADE INTERNACAO ALTO-RISCO OBSTETRICO;2025,0;12,0;0,0;0,0;97,0;0,0;0,0
MOV;UNIDADE INTERNACAO ALTO-RISCO OBSTETRICO;2026,0;1,0;0,0;0,0;95,0;0,0;0,0
MOV;UNIDADE INTERNACAO ALTO-RISCO OBSTETRICO;2026,0;2,0;0,0;0,0;100,0;0,0;0,0
MOV;UNIDADE INTERNACAO ALTO-RISCO OBSTETRICO;2026,0;3,0;0,0;0,0;96,0;0,0;0,0
MOV;UNIDADE INTERNACAO ALTO-RISCO OBSTETRICO;2026,0;4,0;0,0;0,0;96,0;0,0;0,0
MOV;UNIDADE INTERNACAO ALTO-RISCO OBSTETRICO;2026,0;5,0;0,0;0,0;102,0;0,0;0,0
MOV;UNIDADE INTERNACAO ALTO-RISCO OBSTETRICO;2026,0;6,0;0,0;0,0;95,0;0,0;0,0
MOV;UNIDADE INTERNACAO ALTO-RISCO OBSTETRICO;2026,0;7,0;0,0;0,0;105,0;0,0;0,0
MOV;UNIDADE INTERNACAO ALTO-RISCO OBSTETRICO;2026,0;8,0;0,0;0,0;130,0;0,0;0,0
MOV;UNIDADE URGENCIA/EMERGENCIA;2021,0;5,0;0,0;0,0;1,0;0,0;0,0
MOV;UNIDADE URGENCIA/EMERGENCIA;2021,0;6,0;0,0;0,0;2,0;0,0;0,0
MOV;UNIDADE URGENCIA/EMERGENCIA;2021,0;7,0;0,0;0,0;2,0;0,0;0,0
MOV;UNIDADE URGENCIA/EMERGENCIA;2021,0;8,0;0,0;0,0;8,0;0,0;0,0
MOV;UNIDADE URGENCIA/EMERGENCIA;2021,0;9,0;0,0;0,0;2,0;0,0;0,0
MOV;UNIDADE URGENCIA/EMERGENCIA;2021,0;10,0;0,0;0,0;3,0;0,0;0,0
MOV;UNIDADE URGENCIA/EMERGENCIA;2021,0;11,0;0,0;0,0;6,0;0,0;0,0
MOV;UNIDADE URGENCIA/EMERGENCIA;2021,0;12,0;0,0;0,0;3,0;0,0;0,0
MOV;UNIDADE URGENCIA/EMERGENCIA;2022,0;1,0;0,0;0,0;3,0;0,0;0,0
MOV;UNIDADE URGENCIA/EMERGENCIA;2022,0;2,0;0,0;0,0;4,0;0,0;0,0
MOV;UNIDADE URGENCIA/EMERGENCIA;2022,0;3,0;0,0;0,0;7,0;0,0;0,0
MOV;UNIDADE URGENCIA/EMERGENCIA;2022,0;4,0;0,0;0,0;6,0;0,0;0,0
MOV;UNIDADE URGENCIA/EMERGENCIA;2022,0;5,0;0,0;0,0;7,0;0,0;0,0
MOV;UNIDADE URGENCIA/EMERGENCIA;2022,0;6,0;0,0;0,0;10,0;0,0;0,0
MOV;UNIDADE URGENCIA/EMERGENCIA;2022,0;7,0;0,0;0,0;9,0;0,0;0,0
MOV;UNIDADE URGENCIA/EMERGENCIA;2022,0;8,0;0,0;0,0;1,0;0,0;0,0
MOV;UNIDADE URGENCIA/EMERGENCIA;2022,0;9,0;0,0;0,0;16,0;0,0;0,0
MOV;UNIDADE URGENCIA/EMERGENCIA;2022,0;10,0;0,0;0,0;9,0;0,0;0,0
MOV;UNIDADE URGENCIA/EMERGENCIA;2022,0;11,0;0,0;0,0;9,0;0,0;0,0
MOV;UNIDADE URGENCIA/EMERGENCIA;2022,0;12,0;0,0;0,0;8,0;0,0;0,0
MOV;UNIDADE URGENCIA/EMERGENCIA;2023,0;1,0;0,0;0,0;10,0;0,0;0,0
MOV;UNIDADE URGENCIA/EMERGENCIA;2023,0;2,0;0,0;0,0;8,0;0,0;0,0
MOV;UNIDADE URGENCIA/EMERGENCIA;2023,0;3,0;0,0;0,0;11,0;0,0;0,0
MOV;UTI;2019,0;1,0;5,0;5,0;21,0;0,23809523809523808;0,23809523809523808
MOV;UTI;2019,0;2,0;2,0;2,0;22,0;0,09090909090909091;0,09090909090909091
MOV;UTI;2019,0;3,0;1,0;1,0;19,0;0,05263157894736842;0,05263157894736842
MOV;UTI;2019,0;4,0;4,0;3,0;26,0;0,15384615384615385;0,11538461538461539
MOV;UTI;2019,0;5,0;1,0;1,0;14,0;0,07142857142857142;0,07142857142857142
MOV;UTI;2019,0;6,0;3,0;2,0;16,0;0,1875;0,125
MOV;UTI;2019,0;7,0;2,0;1,0;26,0;0,07692307692307693;0,038461538461538464
MOV;UTI;2019,0;8,0;0,0;0,0;28,0;0,0;0,0
MOV;UTI;2019,0;9,0;1,0;1,0;17,0;0,058823529411764705;0,058823529411764705
MOV;UTI;2019,0;10,0;1,0;0,0;19,0;0,05263157894736842;0,0
MOV;UTI;2019,0;11,0;0,0;0,0;24,0;0,0;0,0
MOV;UTI;2019,0;12,0;3,0;3,0;26,0;0,11538461538461539;0,11538461538461539
MOV;UTI;2020,0;1,0;4,0;3,0;23,0;0,17391304347826086;0,13043478260869565
MOV;UTI;2020,0;2,0;1,0;1,0;23,0;0,043478260869565216;0,043478260869565216
MOV;UTI;2020,0;3,0;3,0;2,0;28,0;0,10714285714285714;0,07142857142857142
MOV;UTI;2020,0;4,0;3,0;3,0;14,0;0,21428571428571427;0,21428571428571427
MOV;UTI;2020,0;5,0;0,0;0,0;22,0;0,0;0,0
MOV;UTI;2020,0;6,0;5,0;5,0;26,0;0,19230769230769232;0,19230769230769232
MOV;UTI;2020,0;7,0;4,0;4,0;17,0;0,23529411764705882;0,23529411764705882
MOV;UTI;2020,0;8,0;3,0;3,0;12,0;0,25;0,25
MOV;UTI;2020,0;9,0;0,0;0,0;5,0;0,0;0,0
MOV;UTI;2020,0;10,0;0,0;0,0;11,0;0,0;0,0
MOV;UTI;2020,0;11,0;1,0;1,0;6,0;0,16666666666666666;0,16666666666666666
MOV;UTI;2020,0;12,0;1,0;1,0;6,0;0,16666666666666666;0,16666666666666666
MOV;UTI;2021,0;1,0;1,0;1,0;15,0;0,06666666666666667;0,06666666666666667
MOV;UTI;2021,0;2,0;0,0;0,0;11,0;0,0;0,0
MOV;UTI;2021,0;3,0;1,0;1,0;8,0;0,125;0,125
MOV;UTI;2021,0;4,0;2,0;2,0;17,0;0,11764705882352941;0,11764705882352941
MOV;UTI;2021,0;5,0;2,0;2,0;8,0;0,25;0,25
MOV;UTI;2021,0;6,0;3,0;3,0;11,0;0,2727272727272727;0,2727272727272727
MOV;UTI;2021,0;7,0;0,0;0,0;6,0;0,0;0,0
MOV;UTI;2021,0;8,0;1,0;1,0;13,0;0,07692307692307693;0,07692307692307693
MOV;UTI;2021,0;9,0;0,0;0,0;4,0;0,0;0,0
MOV;UTI;2021,0;10,0;0,0;0,0;13,0;0,0;0,0
MOV;UTI;2021,0;11,0;1,0;1,0;13,0;0,07692307692307693;0,07692307692307693
MOV;UTI;2021,0;12,0;0,0;0,0;11,0;0,0;0,0
MOV;UTI;2022,0;1,0;0,0;0,0;10,0;0,0;0,0
MOV;UTI;2022,0;2,0;0,0;0,0;16,0;0,0;0,0
MOV;UTI;2022,0;3,0;0,0;0,0;21,0;0,0;0,0
MOV;UTI;2022,0;4,0;0,0;0,0;22,0;0,0;0,0
MOV;UTI;2022,0;5,0;0,0;0,0;16,0;0,0;0,0
MOV;UTI;2022,0;6,0;0,0;0,0;16,0;0,0;0,0
MOV;UTI;2022,0;7,0;3,0;3,0;19,0;0,15789473684210525;0,15789473684210525
MOV;UTI;2022,0;8,0;0,0;0,0;19,0;0,0;0,0
MOV;UTI;2022,0;9,0;0,0;0,0;7,0;0,0;0,0
MOV;UTI - ADULTO;2022,0;9,0;0,0;0,0;6,0;0,0;0,0
MOV;UTI - ADULTO;2022,0;10,0;0,0;0,0;17,0;0,0;0,0
MOV;UTI - ADULTO;2022,0;11,0;1,0;0,0;25,0;0,04;0,0
MOV;UTI - ADULTO;2022,0;12,0;3,0;3,0;26,0;0,11538461538461539;0,11538461538461539
MOV;UTI - ADULTO;2023,0;1,0;0,0;0,0;15,0;0,0;0,0
MOV;UTI - ADULTO;2023,0;2,0;1,0;1,0;17,0;0,058823529411764705;0,058823529411764705
MOV;UTI - ADULTO;2023,0;3,0;0,0;0,0;25,0;0,0;0,0
MOV;UTI - ADULTO;2023,0;4,0;2,0;2,0;22,0;0,09090909090909091;0,09090909090909091
MOV;UTI - ADULTO;2023,0;5,0;1,0;1,0;23,0;0,043478260869565216;0,043478260869565216
MOV;UTI - ADULTO;2023,0;6,0;1,0;1,0;21,0;0,047619047619047616;0,047619047619047616
MOV;UTI - ADULTO;2023,0;7,0;0,0;0,0;21,0;0,0;0,0
MOV;UTI - ADULTO;2023,0;8,0;0,0;0,0;19,0;0,0;0,0
MOV;UTI - ADULTO;2023,0;9,0;1,0;0,0;25,0;0,04;0,0
MOV;UTI - ADULTO;2023,0;10,0;2,0;2,0;36,0;0,05555555555555555;0,05555555555555555
MOV;UTI - ADULTO;2023,0;11,0;2,0;2,0;27,0;0,07407407407407407;0,07407407407407407
MOV;UTI - ADULTO;2023,0;12,0;1,0;1,0;26,0;0,038461538461538464;0,038461538461538464
MOV;UTI - ADULTO;2024,0;1,0;2,0;1,0;38,0;0,05263157894736842;0,02631578947368421
MOV;UTI - ADULTO;2024,0;2,0;1,0;1,0;27,0;0,037037037037037035;0,037037037037037035
MOV;UTI - ADULTO;2024,0;3,0;0,0;0,0;18,0;0,0;0,0
MOV;UTI - ADULTO;2024,0;4,0;0,0;0,0;20,0;0,0;0,0
MOV;UTI - ADULTO;2024,0;5,0;0,0;0,0;25,0;0,0;0,0
MOV;UTI - ADULTO;2024,0;6,0;2,0;1,0;36,0;0,05555555555555555;0,027777777777777776
MOV;UTI - ADULTO;2024,0;7,0;2,0;2,0;19,0;0,10526315789473684;0,10526315789473684
MOV;UTI - ADULTO;2024,0;8,0;0,0;0,0;28,0;0,0;0,0
MOV;UTI - ADULTO;2024,0;9,0;0,0;0,0;25,0;0,0;0,0
MOV;UTI - ADULTO;2024,0;10,0;3,0;2,0;32,0;0,09375;0,0625
MOV;UTI - ADULTO;2024,0;11,0;1,0;1,0;32,0;0,03125;0,03125
MOV;UTI - ADULTO;2024,0;12,0;1,0;1,0;23,0;0,043478260869565216;0,043478260869565216
MOV;UTI - ADULTO;2025,0;1,0;1,0;1,0;33,0;0,030303030303030304;0,030303030303030304
MOV;UTI - ADULTO;2025,0;2,0;2,0;2,0;28,0;0,07142857142857142;0,07142857142857142
MOV;UTI - ADULTO;2025,0;3,0;1,0;1,0;29,0;0,034482758620689655;0,034482758620689655
MOV;UTI - ADULTO;2025,0;4,0;1,0;1,0;26,0;0,038461538461538464;0,038461538461538464
MOV;UTI - ADULTO;2025,0;5,0;2,0;2,0;24,0;0,08333333333333333;0,08333333333333333
MOV;UTI - ADULTO;2025,0;6,0;1,0;0,0;16,0;0,0625;0,0
MOV;UTI - ADULTO;2025,0;7,0;1,0;1,0;17,0;0,058823529411764705;0,058823529411764705
MOV;UTI - ADULTO;2025,0;8,0;1,0;1,0;21,0;0,047619047619047616;0,047619047619047616
MOV;UTI - ADULTO;2025,0;9,0;0,0;0,0;27,0;0,0;0,0
MOV;UTI - ADULTO;2025,0;10,0;0,0;0,0;23,0;0,0;0,0
MOV;UTI - ADULTO;2025,0;11,0;0,0;0,0;21,0;0,0;0,0
MOV;UTI - ADULTO;2025,0;12,0;1,0;1,0;26,0;0,038461538461538464;0,038461538461538464
MOV;UTI - ADULTO;2026,0;1,0;2,0;2,0;27,0;0,07407407407407407;0,07407407407407407
MOV;UTI - ADULTO;2026,0;2,0;2,0;2,0;30,0;0,06666666666666667;0,06666666666666667
MOV;UTI - ADULTO;2026,0;3,0;3,0;3,0;17,0;0,17647058823529413;0,17647058823529413
MOV;UTI - ADULTO;2026,0;4,0;1,0;1,0;25,0;0,04;0,04
MOV;UTI - ADULTO;2026,0;5,0;1,0;1,0;26,0;0,038461538461538464;0,038461538461538464
MOV;UTI - ADULTO;2026,0;6,0;2,0;2,0;19,0;0,10526315789473684;0,10526315789473684
MOV;UTI - ADULTO;2026,0;7,0;3,0;3,0;26,0;0,11538461538461539;0,11538461538461539
MOV;UTI - ADULTO;2026,0;8,0;1,0;1,0;18,0;0,05555555555555555;0,05555555555555555
MOV;UTI - NEONATAL;2021,0;6,0;0,0;0,0;2,0;0,0;0,0
MOV;UTI - NEONATAL;2021,0;7,0;7,0;7,0;13,0;0,5384615384615384;0,5384615384615384
MOV;UTI - NEONATAL;2021,0;8,0;3,0;3,0;3,0;1,0;1,0
MOV;UTI - NEONATAL;2021,0;9,0;2,0;2,0;2,0;1,0;1,0
MOV;UTI - NEONATAL;2021,0;10,0;1,0;1,0;2,0;0,5;0,5
MOV;UTI - NEONATAL;2021,0;11,0;5,0;5,0;6,0;0,8333333333333334;0,8333333333333334
MOV;UTI - NEONATAL;2021,0;12,0;2,0;2,0;6,0;0,3333333333333333;0,3333333333333333
MOV;UTI - NEONATAL;2022,0;1,0;1,0;1,0;3,0;0,3333333333333333;0,3333333333333333
MOV;UTI - NEONATAL;2022,0;2,0;0,0;0,0;1,0;0,0;0,0
MOV;UTI - NEONATAL;2022,0;3,0;0,0;0,0;1,0;0,0;0,0
MOV;UTI - NEONATAL;2022,0;4,0;1,0;1,0;3,0;0,3333333333333333;0,3333333333333333
MOV;UTI - NEONATAL;2022,0;5,0;3,0;2,0;6,0;0,5;0,3333333333333333
MOV;UTI - NEONATAL;2022,0;6,0;1,0;1,0;3,0;0,3333333333333333;0,3333333333333333
MOV;UTI - NEONATAL;2022,0;7,0;3,0;3,0;6,0;0,5;0,5
MOV;UTI - NEONATAL;2022,0;8,0;1,0;1,0;2,0;0,5;0,5
MOV;UTI - NEONATAL;2022,0;9,0;2,0;2,0;4,0;0,5;0,5
MOV;UTI - NEONATAL;2022,0;10,0;0,0;0,0;1,0;0,0;0,0
MOV;UTI - NEONATAL;2022,0;11,0;2,0;2,0;4,0;0,5;0,5
MOV;UTI - NEONATAL;2023,0;1,0;1,0;1,0;4,0;0,25;0,25
MOV;UTI - NEONATAL;2023,0;2,0;0,0;0,0;2,0;0,0;0,0
MOV;UTI - NEONATAL;2023,0;3,0;2,0;2,0;4,0;0,5;0,5
MOV;UTI - NEONATAL;2023,0;4,0;1,0;1,0;2,0;0,5;0,5
MOV;UTI - NEONATAL;2023,0;5,0;2,0;2,0;2,0;1,0;1,0
MOV;UTI - NEONATAL;2023,0;7,0;4,0;4,0;5,0;0,8;0,8
MOV;UTI - NEONATAL;2023,0;8,0;1,0;1,0;2,0;0,5;0,5
MOV;UTI - NEONATAL;2023,0;10,0;2,0;2,0;5,0;0,4;0,4
MOV;UTI - NEONATAL;2023,0;11,0;1,0;1,0;1,0;1,0;1,0
MOV;UTI - NEONATAL;2023,0;12,0;1,0;1,0;2,0;0,5;0,5
MOV;UTI - NEONATAL;2024,0;1,0;0,0;0,0;1,0;0,0;0,0
MOV;UTI - NEONATAL;2024,0;2,0;2,0;1,0;2,0;1,0;0,5
MOV;UTI - NEONATAL;2024,0;3,0;3,0;3,0;3,0;1,0;1,0
MOV;UTI - NEONATAL;2024,0;4,0;3,0;3,0;5,0;0,6;0,6
MOV;UTI - NEONATAL;2024,0;5,0;2,0;1,0;4,0;0,5;0,25
MOV;UTI - NEONATAL;2024,0;6,0;2,0;2,0;2,0;1,0;1,0
MOV;UTI - NEONATAL;2024,0;8,0;1,0;1,0;1,0;1,0;1,0
MOV;UTI - NEONATAL;2024,0;9,0;3,0;3,0;3,0;1,0;1,0
MOV;UTI - NEONATAL;2024,0;10,0;6,0;6,0;6,0;1,0;1,0
MOV;UTI - NEONATAL;2024,0;11,0;2,0;2,0;6,0;0,3333333333333333;0,3333333333333333
MOV;UTI - NEONATAL;2024,0;12,0;0,0;0,0;3,0;0,0;0,0
MOV;UTI - NEONATAL;2025,0;1,0;6,0;6,0;7,0;0,8571428571428571;0,8571428571428571
MOV;UTI - NEONATAL;2025,0;2,0;9,0;9,0;10,0;0,9;0,9
MOV;UTI - NEONATAL;2025,0;3,0;2,0;2,0;5,0;0,4;0,4
MOV;UTI - NEONATAL;2025,0;4,0;4,0;4,0;7,0;0,5714285714285714;0,5714285714285714
MOV;UTI - NEONATAL;2025,0;5,0;4,0;4,0;4,0;1,0;1,0
MOV;UTI - NEONATAL;2025,0;6,0;5,0;5,0;6,0;0,8333333333333334;0,8333333333333334
MOV;UTI - NEONATAL;2025,0;7,0;2,0;2,0;3,0;0,6666666666666666;0,6666666666666666
MOV;UTI - NEONATAL;2025,0;8,0;3,0;2,0;5,0;0,6;0,4
MOV;UTI - NEONATAL;2025,0;9,0;3,0;2,0;6,0;0,5;0,3333333333333333
MOV;UTI - NEONATAL;2025,0;10,0;1,0;1,0;2,0;0,5;0,5
MOV;UTI - NEONATAL;2025,0;11,0;2,0;1,0;4,0;0,5;0,25
MOV;UTI - NEONATAL;2025,0;12,0;3,0;2,0;5,0;0,6;0,4
MOV;UTI - NEONATAL;2026,0;1,0;6,0;6,0;6,0;1,0;1,0
MOV;UTI - NEONATAL;2026,0;2,0;4,0;4,0;8,0;0,5;0,5
MOV;UTI - NEONATAL;2026,0;3,0;7,0;7,0;7,0;1,0;1,0
MOV;UTI - NEONATAL;2026,0;4,0;5,0;5,0;5,0;1,0;1,0
MOV;UTI - NEONATAL;2026,0;5,0;2,0;2,0;3,0;0,6666666666666666;0,6666666666666666
MOV;UTI - NEONATAL;2026,0;6,0;6,0;6,0;8,0;0,75;0,75
MOV;UTI - NEONATAL;2026,0;7,0;0,0;0,0;6,0;0,0;0,0
MOV;UTI - NEONATAL;2026,0;8,0;2,0;2,0;4,0;0,5;0,5
MOV;UTI - NEONATAL E PEDIATRICO;2019,0;1,0;1,0;1,0;2,0;0,5;0,5
MOV;UTI - NEONATAL E PEDIATRICO;2019,0;2,0;1,0;1,0;3,0;0,3333333333333333;0,3333333333333333
MOV;UTI - NEONATAL E PEDIATRICO;2019,0;3,0;4,0;4,0;5,0;0,8;0,8
MOV;UTI - NEONATAL E PEDIATRICO;2019,0;4,0;1,0;1,0;1,0;1,0;1,0
MOV;UTI - NEONATAL E PEDIATRICO;2019,0;5,0;6,0;4,0;10,0;0,6;0,4
MOV;UTI - NEONATAL E PEDIATRICO;2019,0;6,0;1,0;1,0;4,0;0,25;0,25
MOV;UTI - NEONATAL E PEDIATRICO;2019,0;7,0;2,0;2,0;5,0;0,4;0,4
MOV;UTI - NEONATAL E PEDIATRICO;2019,0;8,0;1,0;1,0;3,0;0,3333333333333333;0,3333333333333333
MOV;UTI - NEONATAL E PEDIATRICO;2019,0;9,0;4,0;4,0;4,0;1,0;1,0
MOV;UTI - NEONATAL E PEDIATRICO;2019,0;10,0;2,0;1,0;4,0;0,5;0,25
MOV;UTI - NEONATAL E PEDIATRICO;2019,0;11,0;2,0;0,0;2,0;1,0;0,0
MOV;UTI - NEONATAL E PEDIATRICO;2019,0;12,0;3,0;1,0;6,0;0,5;0,16666666666666666
MOV;UTI - NEONATAL E PEDIATRICO;2020,0;1,0;1,0;1,0;3,0;0,3333333333333333;0,3333333333333333
MOV;UTI - NEONATAL E PEDIATRICO;2020,0;2,0;1,0;0,0;1,0;1,0;0,0
MOV;UTI - NEONATAL E PEDIATRICO;2020,0;3,0;1,0;1,0;3,0;0,3333333333333333;0,3333333333333333
MOV;UTI - NEONATAL E PEDIATRICO;2020,0;4,0;2,0;2,0;3,0;0,6666666666666666;0,6666666666666666
MOV;UTI - NEONATAL E PEDIATRICO;2020,0;5,0;3,0;3,0;4,0;0,75;0,75
MOV;UTI - NEONATAL E PEDIATRICO;2020,0;6,0;3,0;1,0;3,0;1,0;0,3333333333333333
MOV;UTI - NEONATAL E PEDIATRICO;2020,0;7,0;1,0;0,0;3,0;0,3333333333333333;0,0
MOV;UTI - NEONATAL E PEDIATRICO;2020,0;8,0;2,0;1,0;2,0;1,0;0,5
MOV;UTI - NEONATAL E PEDIATRICO;2020,0;9,0;2,0;1,0;4,0;0,5;0,25
MOV;UTI - NEONATAL E PEDIATRICO;2020,0;10,0;0,0;0,0;2,0;0,0;0,0
MOV;UTI - NEONATAL E PEDIATRICO;2020,0;11,0;0,0;0,0;2,0;0,0;0,0
MOV;UTI - NEONATAL E PEDIATRICO;2020,0;12,0;4,0;4,0;8,0;0,5;0,5
MOV;UTI - NEONATAL E PEDIATRICO;2021,0;2,0;3,0;1,0;5,0;0,6;0,2
MOV;UTI - NEONATAL E PEDIATRICO;2021,0;3,0;1,0;1,0;1,0;1,0;1,0
MOV;UTI - NEONATAL E PEDIATRICO;2021,0;4,0;0,0;0,0;1,0;0,0;0,0
MOV;UTI - NEONATAL E PEDIATRICO;2021,0;5,0;1,0;1,0;2,0;0,5;0,5
;;;;;;;;
Filtros aplicados: estabelecimento não é ADC SETOR_ATENDIMENTO não está em branco total saidas maior que 0 estabelecimento não é (Em branco), CEPAI ou MGT Status operacional é Filtro de Ex-Unidades AnoMes não é (Em branco);;;;;;;;
